image_path,source_dataset,class_name,split,sha256,image_width,image_height,image_mode,file_name,file_extension
/home/manvith/Desktop/Projects/Tulu Dataset/Tulu-Dtatset-V2/a/a_89.png,Tulu-Dtatset-V2,a,train,bc41d5751aa119320a92158fd558ad71e1f18b06d3a0d233b1143ee415b2bfb9,369.0,357.0,RGBA,a_89.png,.png
/home/manvith/Desktop/Projects/Tulu Dataset/Tulu-Dtatset-V2/a/a_65.png,Tulu-Dtatset-V2,a,train,d74c6f1079087c342fa679f17ebadc1453cd88e13dbe2d8dba2d7204825c113c,361.0,346.0,RGBA,a_65.png,.png
/home/manvith/Desktop/Projects/Tulu Dataset/Tulu-Dtatset-V2/a/a_68.png,Tulu-Dtatset-V2,a,train,5befe3e07e95b403fc7c9bbd912c4774d0974d6e0f2010338b3953016507b87e,361.0,346.0,RGBA,a_68.png,.png
/home/manvith/Desktop/Projects/Tulu Dataset/Tulu-Dtatset-V2/a/a_18.png,Tulu-Dtatset-V2,a,train,80900e98d6b662640ba51d35b9dba94674750565a5db4402aea2d1d012919799,365.0,350.0,RGBA,a_18.png,.png
/home/manvith/Desktop/Projects/Tulu Dataset/Tulu-Dtatset-V2/a/a_41.png,Tulu-Dtatset-V2,a,train,86db85fd6a12464bfb61601a1e136727fc04544cd54801dee6cedf6084ce7e7e,365.0,350.0,RGBA,a_41.png,.png
/home/manvith/Desktop/Projects/Tulu Dataset/Tulu-Dtatset-V2/a/a_35.png,Tulu-Dtatset-V2,a,train,a999a7a04561c23c76152635bd84edadfcd2e9e8a79366813ebc3285eafd60a3,365.0,350.0,RGBA,a_35.png,.png
/home/manvith/Desktop/Projects/Tulu Dataset/Tulu-Dtatset-V2/a/a_10.png,Tulu-Dtatset-V2,a,train,d1633fe6df689474439cd9d53a9f95263be13b1573fce32e93c62feb2b339777,369.0,357.0,RGBA,a_10.png,.png
/home/manvith/Desktop/Projects/Tulu Dataset/Tulu-Dtatset-V2/a/a_73.png,Tulu-Dtatset-V2,a,train,041c48d13ab809f76fb03a688047fdb83298898216b2e5fa85f055795fa2760a,359.0,343.0,RGBA,a_73.png,.png
/home/manvith/Desktop/Projects/Tulu Dataset/Tulu-Dtatset-V2/a/a_23.png,Tulu-Dtatset-V2,a,train,ea207ce91169e4d94afdda0451c64fa54dff02512df4021f4480ffb14a15f616,365.0,350.0,RGBA,a_23.png,.png
/home/manvith/Desktop/Projects/Tulu Dataset/Tulu-Dtatset-V2/a/a_66.png,Tulu-Dtatset-V2,a,train,60453c5d209b3298421bf69ac568e5fad09ba37286f2dd86a8c22f1a406dc13b,361.0,346.0,RGBA,a_66.png,.png
/home/manvith/Desktop/Projects/Tulu Dataset/Tulu-Dtatset-V2/a/a_69.png,Tulu-Dtatset-V2,a,train,7b580bcc280e9c756ca2a04bb18ae83c1e11ee86ab520addf70e782b995157e9,361.0,346.0,RGBA,a_69.png,.png
/home/manvith/Desktop/Projects/Tulu Dataset/Tulu-Dtatset-V2/a/a_19.png,Tulu-Dtatset-V2,a,train,caf90ae74830e549837aa8d7cea64b7f61ff5f752e6b865ef8b2eeebd18eb0bf,365.0,350.0,RGBA,a_19.png,.png
/home/manvith/Desktop/Projects/Tulu Dataset/Tulu-Dtatset-V2/a/a_59.png,Tulu-Dtatset-V2,a,train,574b738c8ab03a866367336db2c1abf3ee2eee7fa303fc6b56dde816d733d3a1,361.0,346.0,RGBA,a_59.png,.png
/home/manvith/Desktop/Projects/Tulu Dataset/Tulu-Dtatset-V2/a/a_79.png,Tulu-Dtatset-V2,a,train,2f378b289fe5f13eb32f79aa74f77e18fc6b0789f37592f1a0ffa2a7b361a9a7,359.0,343.0,RGBA,a_79.png,.png
/home/manvith/Desktop/Projects/Tulu Dataset/Tulu-Dtatset-V2/a/a_58.png,Tulu-Dtatset-V2,a,train,a61f1b8a9a4b1269cd4e8fe98027f65a04ba6e3e7058db2a38330e5233a07ece,361.0,346.0,RGBA,a_58.png,.png
/home/manvith/Desktop/Projects/Tulu Dataset/Tulu-Dtatset-V2/a/a_93.png,Tulu-Dtatset-V2,a,train,a6199e271f0ffb4c448d8866f2a886488f54e43963542b8ed5a8338fdf8757bd,369.0,357.0,RGBA,a_93.png,.png
/home/manvith/Desktop/Projects/Tulu Dataset/Tulu-Dtatset-V2/a/a_56.png,Tulu-Dtatset-V2,a,train,662e3d698802b7018a70e5945e22454ef5e8e7e74d862ee8192e1f144d31eeb7,361.0,346.0,RGBA,a_56.png,.png
/home/manvith/Desktop/Projects/Tulu Dataset/Tulu-Dtatset-V2/a/a_49.png,Tulu-Dtatset-V2,a,train,59fe385d963ab244045dcafd6ec8df52a52c990d0b274634176681a250795e1a,351.0,355.0,RGBA,a_49.png,.png
/home/manvith/Desktop/Projects/Tulu Dataset/Tulu-Dtatset-V2/a/a_70.png,Tulu-Dtatset-V2,a,train,7d9bf840b40325f8013b46060cff0e7c09f30295a105733bc06cdee7166902f5,361.0,346.0,RGBA,a_70.png,.png
/home/manvith/Desktop/Projects/Tulu Dataset/Tulu-Dtatset-V2/a/a_39.png,Tulu-Dtatset-V2,a,train,9bd39608be103a189bf8d3c9a9aaa6d88fcb7be7005e71bb6b6c86b7d9771624,365.0,350.0,RGBA,a_39.png,.png
/home/manvith/Desktop/Projects/Tulu Dataset/Tulu-Dtatset-V2/a/a_61.png,Tulu-Dtatset-V2,a,train,a10fd8cee7a5c5e2c07a804189c978854e3338b7ccb72bfafc401f884715f1fa,361.0,346.0,RGBA,a_61.png,.png
/home/manvith/Desktop/Projects/Tulu Dataset/Tulu-Dtatset-V2/a/a_77.png,Tulu-Dtatset-V2,a,train,1e2783167ef0c87a631e08e63a4fd334f63b8156dc257e5f77b98d4128879de2,359.0,343.0,RGBA,a_77.png,.png
/home/manvith/Desktop/Projects/Tulu Dataset/Tulu-Dtatset-V2/a/a_52.png,Tulu-Dtatset-V2,a,train,fa37b40f8bb52d6121bd270775594fa2f54e0d7b5f0f4a20b7ef8abc1fb69dab,361.0,346.0,RGBA,a_52.png,.png
/home/manvith/Desktop/Projects/Tulu Dataset/Tulu-Dtatset-V2/a/a_40.png,Tulu-Dtatset-V2,a,train,ad21ffd39fad0e2ca3af8e8e70d1f069291474dadcbfb3b562972378235deae7,365.0,350.0,RGBA,a_40.png,.png
/home/manvith/Desktop/Projects/Tulu Dataset/tulu-dataset/a/a_0.png,tulu-dataset,a,train,2d2be02656edafc9b479091997d9c49807e33343ed905e62e065667536e7b160,351.0,355.0,RGBA,a_0.png,.png
/home/manvith/Desktop/Projects/Tulu Dataset/Tulu-Dtatset-V2/a/a_72.png,Tulu-Dtatset-V2,a,train,01d25aea93e05c171c75ad70463bcaf6ea0b4c0a40523aa581b08e0a29d34288,359.0,343.0,RGBA,a_72.png,.png
/home/manvith/Desktop/Projects/Tulu Dataset/Tulu-Dtatset-V2/a/a_95.png,Tulu-Dtatset-V2,a,train,b7faa7947db6ce593b50ce95fb49ec2a4bb3fbca0b620d40d144f3ba6f7fed46,369.0,357.0,RGBA,a_95.png,.png
/home/manvith/Desktop/Projects/Tulu Dataset/Tulu-Dtatset-V2/a/a_17.png,Tulu-Dtatset-V2,a,train,8c91f0c9096f0c8bcaef9b794789cc49f861416c3337f1fb94cd15e1420a3b48,365.0,350.0,RGBA,a_17.png,.png
/home/manvith/Desktop/Projects/Tulu Dataset/Tulu-Dtatset-V2/a/a_45.png,Tulu-Dtatset-V2,a,train,2c0b21b96dc5918c6ec27926daebf2730e41a78a82a92fc3e2c0d067bf525847,351.0,355.0,RGBA,a_45.png,.png
/home/manvith/Desktop/Projects/Tulu Dataset/Tulu-Dtatset-V2/a/a_80.png,Tulu-Dtatset-V2,a,train,dd6d575214de42397231eae6c817bf1feb37d737467aad15ec9c002e07512e63,359.0,343.0,RGBA,a_80.png,.png
/home/manvith/Desktop/Projects/Tulu Dataset/Tulu-Dtatset-V2/a/a_84.png,Tulu-Dtatset-V2,a,train,31a834d9827c0a270d6fe5dff0f8d2bdf1a8bd1d4d626539b015823b2f006eee,359.0,343.0,RGBA,a_84.png,.png
/home/manvith/Desktop/Projects/Tulu Dataset/Tulu-Dtatset-V2/a/a_54.png,Tulu-Dtatset-V2,a,train,5fd1511af1585cbdac11d1e57712222f8d0eddb3e7f8106c6d3f84ff97cb095a,361.0,346.0,RGBA,a_54.png,.png
/home/manvith/Desktop/Projects/Tulu Dataset/Tulu-Dtatset-V2/a/a_51.png,Tulu-Dtatset-V2,a,train,fa8375dc2d018ad1043e08492b97bc367489493fe6dc3cbcb524057e9074bfcb,361.0,346.0,RGBA,a_51.png,.png
/home/manvith/Desktop/Projects/Tulu Dataset/Tulu-Dtatset-V2/a/a_5.png,Tulu-Dtatset-V2,a,train,4a3b1e6d0294fbd8b8c5f62e0aaf737fe5228b0ed506694ba443ea6309b215a2,356.0,346.0,RGBA,a_5.png,.png
/home/manvith/Desktop/Projects/Tulu Dataset/Tulu-Dtatset-V2/a/a_99.png,Tulu-Dtatset-V2,a,train,53a59a7e4a5af5de2e7ab9bfe8f1bc96af2454b83f835bdefa3b291d8bc39c3b,369.0,357.0,RGBA,a_99.png,.png
/home/manvith/Desktop/Projects/Tulu Dataset/Tulu-Dtatset-V2/a/a_57.png,Tulu-Dtatset-V2,a,train,39c0d142c2478a57b364248164314d6dd361be9f8ca3d9a231049707d0adc62b,361.0,346.0,RGBA,a_57.png,.png
/home/manvith/Desktop/Projects/Tulu Dataset/Tulu-Dtatset-V2/a/a_87.png,Tulu-Dtatset-V2,a,train,2d74e9db640fa9d083c55c43dd00636983603eb7947a00e1cbaa1b336ee45da5,369.0,357.0,RGBA,a_87.png,.png
/home/manvith/Desktop/Projects/Tulu Dataset/Tulu-Dtatset-V2/a/a_20.png,Tulu-Dtatset-V2,a,train,ed2d878b9cc33848b786ddf89769d3ed11b5b674021088db45fb402af841fc86,365.0,350.0,RGBA,a_20.png,.png
/home/manvith/Desktop/Projects/Tulu Dataset/Tulu-Dtatset-V2/a/a_44.png,Tulu-Dtatset-V2,a,train,2f8e02d5670b2b5f1f7ee60f8d5f9ea57a1178489a7c7fec664108e0b25a4c70,351.0,355.0,RGBA,a_44.png,.png
/home/manvith/Desktop/Projects/Tulu Dataset/Tulu-Dtatset-V2/a/a_32.png,Tulu-Dtatset-V2,a,train,b3cd3466d679d7c871d69aea4e76c03156aa9099bcdb0e00122ab950b59599fe,365.0,350.0,RGBA,a_32.png,.png
/home/manvith/Desktop/Projects/Tulu Dataset/Tulu-Dtatset-V2/a/a_47.png,Tulu-Dtatset-V2,a,train,25f687f5912679f041a3cd47a1e81efb486b6949155869b5094b888b59cf02e9,351.0,355.0,RGBA,a_47.png,.png
/home/manvith/Desktop/Projects/Tulu Dataset/Tulu-Dtatset-V2/a/a_48.png,Tulu-Dtatset-V2,a,train,6d2dd60d9b7e7f796ac65af4f14eea9ee59095932ef58c1f66fd1518d2a1b751,351.0,355.0,RGBA,a_48.png,.png
/home/manvith/Desktop/Projects/Tulu Dataset/Tulu-Dtatset-V2/a/a_27.png,Tulu-Dtatset-V2,a,train,f2df62f8c5ec19483d982042eec39f1639a0ec3eb3cb441feb09edd1f5e7db5f,365.0,350.0,RGBA,a_27.png,.png
/home/manvith/Desktop/Projects/Tulu Dataset/Tulu-Dtatset-V2/a/a_82.png,Tulu-Dtatset-V2,a,train,52d9966b09c86b61826613c349a23ff9fa7b1e0086b9d32d4ddc389f660b742b,359.0,343.0,RGBA,a_82.png,.png
/home/manvith/Desktop/Projects/Tulu Dataset/Tulu-Dtatset-V2/a/a_75.png,Tulu-Dtatset-V2,a,train,c4738193a04a927e3ebea171d53d5f429bfa03ae085802c5a529201ddaaf91e5,359.0,343.0,RGBA,a_75.png,.png
/home/manvith/Desktop/Projects/Tulu Dataset/Tulu-Dtatset-V2/a/a_62.png,Tulu-Dtatset-V2,a,train,4566ce2c549116b7b3bdfa7e478be422f1dbe751c2b0a82f06f133d1d236060f,361.0,346.0,RGBA,a_62.png,.png
/home/manvith/Desktop/Projects/Tulu Dataset/Tulu-Dtatset-V2/a/a_16.png,Tulu-Dtatset-V2,a,train,fcf1fccb3759618449abbc5af9debc90e52b2b304049c25c1c50ce0c5d6032bc,365.0,350.0,RGBA,a_16.png,.png
/home/manvith/Desktop/Projects/Tulu Dataset/Tulu-Dtatset-V2/a/a_42.png,Tulu-Dtatset-V2,a,train,8fea2f18b4af3c21868b486bfd85140c92eaf4cabd26838d46f77921ff62a6e6,365.0,350.0,RGBA,a_42.png,.png
/home/manvith/Desktop/Projects/Tulu Dataset/Tulu-Dtatset-V2/a/a_83.png,Tulu-Dtatset-V2,a,train,6f27ed82e40a1deb7ddcc2618c50d6cf18fdf1faa2cf274dcb0c187c63e7ac87,359.0,343.0,RGBA,a_83.png,.png
/home/manvith/Desktop/Projects/Tulu Dataset/Tulu-Dtatset-V2/a/a_53.png,Tulu-Dtatset-V2,a,train,4d816d4f417b77c27ddef1599c3783ec6979bd93822c534f26d5283562e39f99,361.0,346.0,RGBA,a_53.png,.png
/home/manvith/Desktop/Projects/Tulu Dataset/Tulu-Dtatset-V2/a/a_100.png,Tulu-Dtatset-V2,a,train,163373963319f42a64890da463e90085cc10443feda92b17c1f772a5cde9df23,369.0,357.0,RGBA,a_100.png,.png
/home/manvith/Desktop/Projects/Tulu Dataset/Tulu-Dtatset-V2/a/a_24.png,Tulu-Dtatset-V2,a,train,c7ae58c8858efb026998050e38b6287a4e39912c327001b81d738834014c8ae2,365.0,350.0,RGBA,a_24.png,.png
/home/manvith/Desktop/Projects/Tulu Dataset/Tulu-Dtatset-V2/a/a_46.png,Tulu-Dtatset-V2,a,train,c6a0079d4531d6fdaded4e3d2efa31acfbdbc339e84d884bfa32f12e90a537b2,351.0,355.0,RGBA,a_46.png,.png
/home/manvith/Desktop/Projects/Tulu Dataset/Tulu-Dtatset-V2/a/a_71.png,Tulu-Dtatset-V2,a,train,a71b786ecae96df12e482117d59093a4356b798c7fea1f6c586b85d8250718ce,359.0,343.0,RGBA,a_71.png,.png
/home/manvith/Desktop/Projects/Tulu Dataset/Tulu-Dtatset-V2/a/a_31.png,Tulu-Dtatset-V2,a,train,41cd2f8e43f6d2c061457f883f65c0e1c75107b28948201ee778d9dc84b02113,365.0,350.0,RGBA,a_31.png,.png
/home/manvith/Desktop/Projects/Tulu Dataset/Tulu-Dtatset-V2/a/a_64.png,Tulu-Dtatset-V2,a,train,d6a75ab81e1c12f6b7291f266097eba54bd60e8cc8e7081e07cd3ab57d0dddbf,361.0,346.0,RGBA,a_64.png,.png
/home/manvith/Desktop/Projects/Tulu Dataset/Tulu-Dtatset-V2/a/a_33.png,Tulu-Dtatset-V2,a,train,123b649e224fbd51c88cad437f745e4e96bd32a5a7d6eba387c28ce3ba25001f,365.0,350.0,RGBA,a_33.png,.png
/home/manvith/Desktop/Projects/Tulu Dataset/Tulu-Dtatset-V2/a/a_14.png,Tulu-Dtatset-V2,a,train,6d6ac44d2ed8b20e20ced526724c98740f54dba187a8cb86c99f95e8d0c45d8c,356.0,349.0,RGBA,a_14.png,.png
/home/manvith/Desktop/Projects/Tulu Dataset/Tulu-Dtatset-V2/a/a_15.png,Tulu-Dtatset-V2,a,train,2f98add3afbbd6046be603b12e723bee474e4b3f5149c2eb14f9dd37b39a811f,350.0,346.0,RGBA,a_15.png,.png
/home/manvith/Desktop/Projects/Tulu Dataset/Tulu-Dtatset-V2/a/a_30.png,Tulu-Dtatset-V2,a,train,692e6d05f11c6e9c9c612ea3de60e3160c336ecbc5d01867264980fc3a345435,365.0,350.0,RGBA,a_30.png,.png
/home/manvith/Desktop/Projects/Tulu Dataset/Tulu-Dtatset-V2/a/a_55.png,Tulu-Dtatset-V2,a,train,cd4e65d03bd7e43135ee328bc3308e766321d5d74b49dfd2cdabf9b0b5f2c68f,361.0,346.0,RGBA,a_55.png,.png
/home/manvith/Desktop/Projects/Tulu Dataset/Tulu-Dtatset-V2/a/a_67.png,Tulu-Dtatset-V2,a,train,f39f43857afb44697849c719e0fc7748663dda602499c0b4fb694bcff5f89df8,361.0,346.0,RGBA,a_67.png,.png
/home/manvith/Desktop/Projects/Tulu Dataset/Tulu-Dtatset-V2/a/a_92.png,Tulu-Dtatset-V2,a,train,157cbba5b1bf8dbc11a0cc67eb28b78adc6d4caf8cc847e87027463b824e18db,369.0,357.0,RGBA,a_92.png,.png
/home/manvith/Desktop/Projects/Tulu Dataset/Tulu-Dtatset-V2/a/a_28.png,Tulu-Dtatset-V2,a,train,0029f495553a43950f65b62e21789cf4a9ddafac2852fe0730742a8b3e92146f,365.0,350.0,RGBA,a_28.png,.png
/home/manvith/Desktop/Projects/Tulu Dataset/Tulu-Dtatset-V2/a/a_78.png,Tulu-Dtatset-V2,a,train,7c7979429f5138ea205266dcefa42f5f5291998b99ccd0f25133e33af85ef595,359.0,343.0,RGBA,a_78.png,.png
/home/manvith/Desktop/Projects/Tulu Dataset/Tulu-Dtatset-V2/a/a_50.png,Tulu-Dtatset-V2,a,train,4e39c096629a5e38cd334e7af9a944693cda374a4a374d34ebb8d8298392d153,351.0,355.0,RGBA,a_50.png,.png
/home/manvith/Desktop/Projects/Tulu Dataset/Tulu-Dtatset-V2/a/a_88.png,Tulu-Dtatset-V2,a,train,adc4043e8909f236b595b895f59ded8c95eb0faac573c89feb5516b7c6ee0d6c,369.0,357.0,RGBA,a_88.png,.png
/home/manvith/Desktop/Projects/Tulu Dataset/Tulu-Dtatset-V2/a/a_3.png,Tulu-Dtatset-V2,a,train,32b8a5fa3cfc608b018b9cdce02626dbcfe6594d165e6dd769eb7cafcf873c8b,361.0,346.0,RGBA,a_3.png,.png
/home/manvith/Desktop/Projects/Tulu Dataset/Tulu-Dtatset-V2/a/a_1.png,Tulu-Dtatset-V2,a,train,c1e0a22c6d20986f42d3f0edc7f57f1ce44b012e169fa799fedde8bf168afb0f,365.0,350.0,RGBA,a_1.png,.png
/home/manvith/Desktop/Projects/Tulu Dataset/Tulu-Dtatset-V2/a/a_96.png,Tulu-Dtatset-V2,a,train,4bb65b5877dc827fe36531d58c3a88b7fcfc76d2b9ef3d714e25458f80f02bee,369.0,357.0,RGBA,a_96.png,.png
/home/manvith/Desktop/Projects/Tulu Dataset/Tulu-Dtatset-V2/a/a_63.png,Tulu-Dtatset-V2,a,train,802d04e709b31efb34a23cf4037471d692594d0cd36afdf010ea2dcda77dff9b,361.0,346.0,RGBA,a_63.png,.png
/home/manvith/Desktop/Projects/Tulu Dataset/Tulu-Dtatset-V2/a/a_94.png,Tulu-Dtatset-V2,a,train,3eece5fdbb5c595884ac5e6cd6ef8b3e0beba4002400d7b7ab5417730d723b14,369.0,357.0,RGBA,a_94.png,.png
/home/manvith/Desktop/Projects/Tulu Dataset/Tulu-Dtatset-V2/a/a_6.png,Tulu-Dtatset-V2,a,train,e686be03510730d9306950b94fdcc33a3fc43a0e211cd11916b3e2eadbef9a23,359.0,343.0,RGBA,a_6.png,.png
/home/manvith/Desktop/Projects/Tulu Dataset/Tulu-Dtatset-V2/a/a_90.png,Tulu-Dtatset-V2,a,train,2ec7cba641ef7dc53210cf360f4dddda1761230ac0b9c4d25096ae4e9bdcd607,369.0,357.0,RGBA,a_90.png,.png
/home/manvith/Desktop/Projects/Tulu Dataset/Tulu-Dtatset-V2/a/a_34.png,Tulu-Dtatset-V2,a,train,f70de1b4eb30e16242ef2ef5124a4ed4da14fbc4de079bad7441635c97983774,365.0,350.0,RGBA,a_34.png,.png
/home/manvith/Desktop/Projects/Tulu Dataset/Tulu-Dtatset-V2/a/a_76.png,Tulu-Dtatset-V2,a,train,88395ae83819e773498ae50713abcb589185cc3e5be1dc5c1f8fe5ae4c69d0ca,359.0,343.0,RGBA,a_76.png,.png
/home/manvith/Desktop/Projects/Tulu Dataset/Tulu-Dtatset-V2/a/a_86.png,Tulu-Dtatset-V2,a,train,67668ac08d8eeb9c3fa23f6e511928c7351f96cf7eae37952c85ca978037e577,369.0,357.0,RGBA,a_86.png,.png
/home/manvith/Desktop/Projects/Tulu Dataset/Tulu-Dtatset-V2/a/a_81.png,Tulu-Dtatset-V2,a,train,90a3f2dc669f7382613b80b06fad883ab550b071cdee9e442eafc3bd70c0c753,359.0,343.0,RGBA,a_81.png,.png
/home/manvith/Desktop/Projects/Tulu Dataset/Tulu-Dtatset-V2/aa/aa_60.png,Tulu-Dtatset-V2,aa,train,74373acf7f47b97fb2bda9e3378958648705b75e849ea753634fb2b719846e37,350.0,347.0,RGBA,aa_60.png,.png
/home/manvith/Desktop/Projects/Tulu Dataset/Tulu-Dtatset-V2/aa/aa_32.png,Tulu-Dtatset-V2,aa,train,77713d9158091531c6e6b8f8e7f8e00806bff0dff03d0711b49b1da5c57ffb16,363.0,347.0,RGBA,aa_32.png,.png
/home/manvith/Desktop/Projects/Tulu Dataset/Tulu-Dtatset-V2/aa/aa_13.png,Tulu-Dtatset-V2,aa,train,c9207e5c812be4365b2671ea4b2785cd5644d43cfa0106c0b9e784f098e3b116,350.0,347.0,RGBA,aa_13.png,.png
/home/manvith/Desktop/Projects/Tulu Dataset/Tulu-Dtatset-V2/aa/aa_20.png,Tulu-Dtatset-V2,aa,train,583b22dc236a12cba17e0a319417350d069839d174cdfba498f2d00fdc45c4e3,365.0,348.0,RGBA,aa_20.png,.png
/home/manvith/Desktop/Projects/Tulu Dataset/Tulu-Dtatset-V2/aa/aa_64.png,Tulu-Dtatset-V2,aa,train,47053a5563b26413cee5187663f910ea71a54d01afd0aa72d142cedf08979d60,359.0,353.0,RGBA,aa_64.png,.png
/home/manvith/Desktop/Projects/Tulu Dataset/Tulu-Dtatset-V2/aa/aa_30.png,Tulu-Dtatset-V2,aa,train,6eb397f02e183b18f610d0bd0e219f6c08bbe06663b5f8c4dfa06762eddc5f5a,365.0,348.0,RGBA,aa_30.png,.png
/home/manvith/Desktop/Projects/Tulu Dataset/Tulu-Dtatset-V2/aa/aa_29.png,Tulu-Dtatset-V2,aa,train,9c17c8f491d67e192032501772b1683fd8f4f5e740e303f3850bd020e8002122,365.0,348.0,RGBA,aa_29.png,.png
/home/manvith/Desktop/Projects/Tulu Dataset/Tulu-Dtatset-V2/aa/aa_43.png,Tulu-Dtatset-V2,aa,train,aa571fd170795a778ac4980e7294ef2246d242db5cfae2748cdd7db672567cc1,363.0,347.0,RGBA,aa_43.png,.png
/home/manvith/Desktop/Projects/Tulu Dataset/Tulu-Dtatset-V2/aa/aa_31.png,Tulu-Dtatset-V2,aa,train,5a5e26722b8518996ea17fd035f2a4da16e51adc90c04fdf4556fa3e1b92f4c3,363.0,347.0,RGBA,aa_31.png,.png
/home/manvith/Desktop/Projects/Tulu Dataset/Tulu-Dtatset-V2/aa/aa_56.png,Tulu-Dtatset-V2,aa,train,75bf52301cf607d2d63e90ea82a937f5bf9def2111d2bae5bd3cb60b0d5de6f7,350.0,347.0,RGBA,aa_56.png,.png
/home/manvith/Desktop/Projects/Tulu Dataset/Tulu-Dtatset-V2/aa/aa_86.png,Tulu-Dtatset-V2,aa,train,7663def4d231804ee4a6adb7f6f9e9f8bee7127094f2f0d1d500002b8d1e61a2,355.0,344.0,RGBA,aa_86.png,.png
/home/manvith/Desktop/Projects/Tulu Dataset/Tulu-Dtatset-V2/aa/aa_7.png,Tulu-Dtatset-V2,aa,train,c0136e25bf0288186914f2efa6fbbac684de604912649ac3ac957f7ab4061cde,358.0,340.0,RGBA,aa_7.png,.png
/home/manvith/Desktop/Projects/Tulu Dataset/Tulu-Dtatset-V2/aa/aa_80.png,Tulu-Dtatset-V2,aa,train,20d5482d359a8d2315d239df901586b3f4b4d7f9f65b53bd20f88c0beabbe0fb,346.0,350.0,RGBA,aa_80.png,.png
/home/manvith/Desktop/Projects/Tulu Dataset/Tulu-Dtatset-V2/aa/aa_49.png,Tulu-Dtatset-V2,aa,train,7172d86bdda46d2fdd484d12661f5a121f68083779388f77973d366a68b6127f,363.0,347.0,RGBA,aa_49.png,.png
/home/manvith/Desktop/Projects/Tulu Dataset/Tulu-Dtatset-V2/aa/aa_47.png,Tulu-Dtatset-V2,aa,train,45ab15f853c45caca445167a20da873aa36d75c6ec940b58e7ba6555352cabc8,363.0,347.0,RGBA,aa_47.png,.png
/home/manvith/Desktop/Projects/Tulu Dataset/Tulu-Dtatset-V2/aa/aa_12.png,Tulu-Dtatset-V2,aa,train,ce1bcb89585141c60fe9572919ee0ac78779003ba6238915c66c86e57c66351c,356.0,351.0,RGBA,aa_12.png,.png
/home/manvith/Desktop/Projects/Tulu Dataset/Tulu-Dtatset-V2/aa/aa_71.png,Tulu-Dtatset-V2,aa,train,f453d2b23c8eb67cb9ef6280c9fd800c64292c27169b8f8212f2b067cc11ba0d,346.0,350.0,RGBA,aa_71.png,.png
/home/manvith/Desktop/Projects/Tulu Dataset/Tulu-Dtatset-V2/aa/aa_79.png,Tulu-Dtatset-V2,aa,train,e5790e570288807d7d10d68b4f6ac41e76f59b9ea7327beac89883a5229aefd3,346.0,350.0,RGBA,aa_79.png,.png
/home/manvith/Desktop/Projects/Tulu Dataset/Tulu-Dtatset-V2/aa/aa_36.png,Tulu-Dtatset-V2,aa,train,54e71997d5ecfdb4b54b02272aee9a8b18525ff000183bf4fa03220584e575f0,363.0,347.0,RGBA,aa_36.png,.png
/home/manvith/Desktop/Projects/Tulu Dataset/Tulu-Dtatset-V2/aa/aa_100.png,Tulu-Dtatset-V2,aa,train,f5dc4a3dc5d63e7a8b13d91b284c6cfad98818f9bb9e9236e2e53855068905b6,355.0,344.0,RGBA,aa_100.png,.png
/home/manvith/Desktop/Projects/Tulu Dataset/Tulu-Dtatset-V2/aa/aa_51.png,Tulu-Dtatset-V2,aa,train,9fa799992b4d391cedae3809aa2facc4b83aab8ea859296a4e6d1e2e9cddecaf,350.0,347.0,RGBA,aa_51.png,.png
/home/manvith/Desktop/Projects/Tulu Dataset/Tulu-Dtatset-V2/aa/aa_94.png,Tulu-Dtatset-V2,aa,train,31f51c4cb852fd6669a3c2264899a9ad693122da77b061d72e6b6ca4f5418f67,355.0,344.0,RGBA,aa_94.png,.png
/home/manvith/Desktop/Projects/Tulu Dataset/Tulu-Dtatset-V2/aa/aa_10.png,Tulu-Dtatset-V2,aa,train,1ac74826196fcdf7566ecc0af11eeb641ffcf8e73251668699d2a8ae55da1ef9,361.0,349.0,RGBA,aa_10.png,.png
/home/manvith/Desktop/Projects/Tulu Dataset/Tulu-Dtatset-V2/aa/aa_57.png,Tulu-Dtatset-V2,aa,train,ed7c886f2adeca64e15724085b4453b83d29b924594aafa2b2aa5c95794afdc4,350.0,347.0,RGBA,aa_57.png,.png
/home/manvith/Desktop/Projects/Tulu Dataset/Tulu-Dtatset-V2/aa/aa_85.png,Tulu-Dtatset-V2,aa,train,97974b3b6ca6798a3d94ed42355964b3ea31b21ab9a223a1d9ea576762564049,355.0,344.0,RGBA,aa_85.png,.png
/home/manvith/Desktop/Projects/Tulu Dataset/Tulu-Dtatset-V2/aa/aa_96.png,Tulu-Dtatset-V2,aa,train,7cd9d1ece36d4eec5a991b3c1c76feaa6cf9e3f64d876877a50b533b3bf41071,355.0,344.0,RGBA,aa_96.png,.png
/home/manvith/Desktop/Projects/Tulu Dataset/Tulu-Dtatset-V2/aa/aa_11.png,Tulu-Dtatset-V2,aa,train,bbd171d2dc2a5ddbaacdcaa5ebdb738422b59b3a06942700785af83b3aebea76,364.0,346.0,RGBA,aa_11.png,.png
/home/manvith/Desktop/Projects/Tulu Dataset/Tulu-Dtatset-V2/aa/aa_87.png,Tulu-Dtatset-V2,aa,train,4ca31d2683bdfab4596b278e6484a4127a7f173d431d54f9b0cacff46b54ce91,355.0,344.0,RGBA,aa_87.png,.png
/home/manvith/Desktop/Projects/Tulu Dataset/Tulu-Dtatset-V2/aa/aa_22.png,Tulu-Dtatset-V2,aa,train,5ff79aa3569e9bfedf30d50cdb89ffaad2d7d9818588f6c58a7001a6586672c4,365.0,348.0,RGBA,aa_22.png,.png
/home/manvith/Desktop/Projects/Tulu Dataset/Tulu-Dtatset-V2/aa/aa_41.png,Tulu-Dtatset-V2,aa,train,cb1aa85907ab78bcf01f504663991fcbb90b80004d2894f62407cd2d24224b57,363.0,347.0,RGBA,aa_41.png,.png
/home/manvith/Desktop/Projects/Tulu Dataset/Tulu-Dtatset-V2/aa/aa_42.png,Tulu-Dtatset-V2,aa,train,b825695f5494ee9bc1219a1c2b081602ce38f1c3b1fba016b24a775f90c81cdd,363.0,347.0,RGBA,aa_42.png,.png
/home/manvith/Desktop/Projects/Tulu Dataset/Tulu-Dtatset-V2/aa/aa_63.png,Tulu-Dtatset-V2,aa,train,4736027d4627f500ee5d15da060e31f0782619bc78866c6facb57c7c0bcb59f8,359.0,353.0,RGBA,aa_63.png,.png
/home/manvith/Desktop/Projects/Tulu Dataset/Tulu-Dtatset-V2/aa/aa_5.png,Tulu-Dtatset-V2,aa,train,8314a6ca398304c259950561bf69237333281d33ab1833c4a39031184de77193,359.0,353.0,RGBA,aa_5.png,.png
/home/manvith/Desktop/Projects/Tulu Dataset/Tulu-Dtatset-V2/aa/aa_3.png,Tulu-Dtatset-V2,aa,train,c3362202e714174170fca77350065196f2b5f6af5c3f1f889263e23751496026,367.0,346.0,RGBA,aa_3.png,.png
/home/manvith/Desktop/Projects/Tulu Dataset/Tulu-Dtatset-V2/aa/aa_17.png,Tulu-Dtatset-V2,aa,train,9a48a65c5c6ca337e99eb3b2d67cb4146fc339545e1696fb879487fa2586a562,365.0,348.0,RGBA,aa_17.png,.png
/home/manvith/Desktop/Projects/Tulu Dataset/Tulu-Dtatset-V2/aa/aa_2.png,Tulu-Dtatset-V2,aa,train,13f7eaa295fec8c5e1c4dfa62ae4ab3e8e1f8a04878931a675a8fae3933d5c94,351.0,335.0,RGBA,aa_2.png,.png
/home/manvith/Desktop/Projects/Tulu Dataset/Tulu-Dtatset-V2/aa/aa_44.png,Tulu-Dtatset-V2,aa,train,c98d1f0ef0a974b851673471a597ca1bea87a2cc7965b93d36f09ab314ae5879,363.0,347.0,RGBA,aa_44.png,.png
/home/manvith/Desktop/Projects/Tulu Dataset/Tulu-Dtatset-V2/aa/aa_72.png,Tulu-Dtatset-V2,aa,train,06d2017ddb708cc7aa11c063f598a925abd379b84c1958d4f834fe619dedc1e6,346.0,350.0,RGBA,aa_72.png,.png
/home/manvith/Desktop/Projects/Tulu Dataset/Tulu-Dtatset-V2/aa/aa_98.png,Tulu-Dtatset-V2,aa,train,88f40029699be1ec30ddece554b2392abdd563943974dfd9cca86c7e5a187639,355.0,344.0,RGBA,aa_98.png,.png
/home/manvith/Desktop/Projects/Tulu Dataset/Tulu-Dtatset-V2/aa/aa_92.png,Tulu-Dtatset-V2,aa,train,2cd37c59de8e264bffdedf4655e02d7e3620fa0778462ec97ac174443e5f387e,355.0,344.0,RGBA,aa_92.png,.png
/home/manvith/Desktop/Projects/Tulu Dataset/Tulu-Dtatset-V2/aa/aa_75.png,Tulu-Dtatset-V2,aa,train,520e8d7dc1e0f2e64ded6a3ec4c518ef191c57e2a29a6f6d0f93581f98cb376d,346.0,350.0,RGBA,aa_75.png,.png
/home/manvith/Desktop/Projects/Tulu Dataset/Tulu-Dtatset-V2/aa/aa_81.png,Tulu-Dtatset-V2,aa,train,55f862bdb92ac407f4b8c83e1689936a40547790d674179bbb16673cfef4a8b9,355.0,344.0,RGBA,aa_81.png,.png
/home/manvith/Desktop/Projects/Tulu Dataset/Tulu-Dtatset-V2/aa/aa_23.png,Tulu-Dtatset-V2,aa,train,a227b9434fc05039d0d7b53fe409037db351e3ae8f4ca57ce71612f0bf99e193,365.0,348.0,RGBA,aa_23.png,.png
/home/manvith/Desktop/Projects/Tulu Dataset/Tulu-Dtatset-V2/aa/aa_67.png,Tulu-Dtatset-V2,aa,train,7a4d1326cb919d75e7563df9f13cb8585e42e35dfa7cba3219b6d4253328751d,359.0,353.0,RGBA,aa_67.png,.png
/home/manvith/Desktop/Projects/Tulu Dataset/Tulu-Dtatset-V2/aa/aa_35.png,Tulu-Dtatset-V2,aa,train,258fbf56bd9d5ae9de2647efacada31342272964501302476bb25aefc8bd7942,363.0,347.0,RGBA,aa_35.png,.png
/home/manvith/Desktop/Projects/Tulu Dataset/Tulu-Dtatset-V2/aa/aa_18.png,Tulu-Dtatset-V2,aa,train,a411da114303d70e756eaa78461f64692a554429ef6fb80ad41a4a35efa7793d,365.0,348.0,RGBA,aa_18.png,.png
/home/manvith/Desktop/Projects/Tulu Dataset/Tulu-Dtatset-V2/aa/aa_95.png,Tulu-Dtatset-V2,aa,train,da22d9a093a07e0af1ab43b24d4195daaf514d13f282810962f4c1de9a489bb0,355.0,344.0,RGBA,aa_95.png,.png
/home/manvith/Desktop/Projects/Tulu Dataset/Tulu-Dtatset-V2/aa/aa_9.png,Tulu-Dtatset-V2,aa,train,4e17298199494277c1c643d6d4c2c1064ed238cc4dfcb189d692ea38acd0bf32,363.0,346.0,RGBA,aa_9.png,.png
/home/manvith/Desktop/Projects/Tulu Dataset/Tulu-Dtatset-V2/aa/aa_6.png,Tulu-Dtatset-V2,aa,train,49308663398728ebc2210b812e1f29f263c94f60f9872a1445d5f75dc64f17b1,363.0,347.0,RGBA,aa_6.png,.png
/home/manvith/Desktop/Projects/Tulu Dataset/Tulu-Dtatset-V2/aa/aa_28.png,Tulu-Dtatset-V2,aa,train,0713fa5b7aec78026b7d87cc1ba26a9e878a89dd36797bb97fd84b92cbcea79f,365.0,348.0,RGBA,aa_28.png,.png
/home/manvith/Desktop/Projects/Tulu Dataset/Tulu-Dtatset-V2/aa/aa_46.png,Tulu-Dtatset-V2,aa,train,1203685aa34b2b2079de81488ae015c9813ca5f31f9a3a574e4e8d4f0d5278f8,363.0,347.0,RGBA,aa_46.png,.png
/home/manvith/Desktop/Projects/Tulu Dataset/Tulu-Dtatset-V2/aa/aa_69.png,Tulu-Dtatset-V2,aa,train,2e087bd646795b993c03d267e2249d1c189f92071b2e80e21c77e6c0042bdc4a,359.0,353.0,RGBA,aa_69.png,.png
/home/manvith/Desktop/Projects/Tulu Dataset/Tulu-Dtatset-V2/aa/aa_78.png,Tulu-Dtatset-V2,aa,train,741249f71c1e15589842242162645df9c48b52698ae5524fe1cfc3de4e767f46,346.0,350.0,RGBA,aa_78.png,.png
/home/manvith/Desktop/Projects/Tulu Dataset/Tulu-Dtatset-V2/aa/aa_77.png,Tulu-Dtatset-V2,aa,train,ffad2976ff671969ee294bd2681c90165fa892fe4cd7d3f9af3f5a1af77cf99c,346.0,350.0,RGBA,aa_77.png,.png
/home/manvith/Desktop/Projects/Tulu Dataset/Tulu-Dtatset-V2/aa/aa_4.png,Tulu-Dtatset-V2,aa,train,acd11e0a6cb684ce24a5ac036ca97a78d743f6a1cc4946bb5d010ff2ad21075c,346.0,350.0,RGBA,aa_4.png,.png
/home/manvith/Desktop/Projects/Tulu Dataset/Tulu-Dtatset-V2/aa/aa_90.png,Tulu-Dtatset-V2,aa,train,8bcbf0f7e54ea4231de221e27b2db7f9b8a0180f074b790d004f2615bafa2908,355.0,344.0,RGBA,aa_90.png,.png
/home/manvith/Desktop/Projects/Tulu Dataset/Tulu-Dtatset-V2/aa/aa_15.png,Tulu-Dtatset-V2,aa,train,f449c513feedc191977a1ca66802ff596792fda6908a539cf0e0a3f2316a0a2d,355.0,344.0,RGBA,aa_15.png,.png
/home/manvith/Desktop/Projects/Tulu Dataset/Tulu-Dtatset-V2/aa/aa_8.png,Tulu-Dtatset-V2,aa,train,ed6ed38ee552c053f3e819fa1f256884bf7882a4c79a5acf93888a502c950d18,356.0,351.0,RGBA,aa_8.png,.png
/home/manvith/Desktop/Projects/Tulu Dataset/Tulu-Dtatset-V2/aa/aa_48.png,Tulu-Dtatset-V2,aa,train,c312c5b8cc6c238ee92d622e7fbcc7c99a2775e9820a027716a364ad8b644cac,363.0,347.0,RGBA,aa_48.png,.png
/home/manvith/Desktop/Projects/Tulu Dataset/Tulu-Dtatset-V2/aa/aa_1.png,Tulu-Dtatset-V2,aa,train,bc711649cf8dca81d152abc9b687bc18dcd8f360e2d556fcae4aacca0a501b3e,365.0,348.0,RGBA,aa_1.png,.png
/home/manvith/Desktop/Projects/Tulu Dataset/Tulu-Dtatset-V2/aa/aa_59.png,Tulu-Dtatset-V2,aa,train,0e625e0c2207c067902315acd2a1c14c2bc1a977063354ee9584c2519a382ced,350.0,347.0,RGBA,aa_59.png,.png
/home/manvith/Desktop/Projects/Tulu Dataset/Tulu-Dtatset-V2/aa/aa_40.png,Tulu-Dtatset-V2,aa,train,9520d9f214c987ae94949b6dc13e99e5f4ea686909d4834baad0f70af469be2e,363.0,347.0,RGBA,aa_40.png,.png
/home/manvith/Desktop/Projects/Tulu Dataset/Tulu-Dtatset-V2/aa/aa_65.png,Tulu-Dtatset-V2,aa,train,d1dd16abe9b6666a7954cc5cd32831fffaabd9cab2d8d87f0872609621c892ae,359.0,353.0,RGBA,aa_65.png,.png
/home/manvith/Desktop/Projects/Tulu Dataset/Tulu-Dtatset-V2/aa/aa_38.png,Tulu-Dtatset-V2,aa,train,2c52147befb59b189565ba8c33d991e3c2d548c2f2801824ef2eda5ee9f075a3,363.0,347.0,RGBA,aa_38.png,.png
/home/manvith/Desktop/Projects/Tulu Dataset/Tulu-Dtatset-V2/aa/aa_62.png,Tulu-Dtatset-V2,aa,train,df136dd5b5fdb1d2a094e197155dc4321fc0505a7826dcbb2b438ad4b635b15c,359.0,353.0,RGBA,aa_62.png,.png
/home/manvith/Desktop/Projects/Tulu Dataset/Tulu-Dtatset-V2/aa/aa_52.png,Tulu-Dtatset-V2,aa,train,2b874d586787aff45c265dbbcc27a00ef9aa861abaf4cf37eebb50d3283c60af,350.0,347.0,RGBA,aa_52.png,.png
/home/manvith/Desktop/Projects/Tulu Dataset/Tulu-Dtatset-V2/aa/aa_53.png,Tulu-Dtatset-V2,aa,train,a742bf1804ace2a8359910fef85147d6df62b2b395ff4aab855ecbbd7906890c,350.0,347.0,RGBA,aa_53.png,.png
/home/manvith/Desktop/Projects/Tulu Dataset/Tulu-Dtatset-V2/aa/aa_16.png,Tulu-Dtatset-V2,aa,train,6e1b87a526ed2d549d146078e52f79e98f0ce79485c6bc0e8338cac06d146844,365.0,348.0,RGBA,aa_16.png,.png
/home/manvith/Desktop/Projects/Tulu Dataset/Tulu-Dtatset-V2/aa/aa_82.png,Tulu-Dtatset-V2,aa,train,bbe1ba186886e83be65c5f00166642766a6aab42ca2d2c3c2379507a1e04474a,355.0,344.0,RGBA,aa_82.png,.png
/home/manvith/Desktop/Projects/Tulu Dataset/Tulu-Dtatset-V2/aa/aa_27.png,Tulu-Dtatset-V2,aa,train,97ccaa536a494163b22d3739c2acaf92dc5c2aee5dbc10d80bf8b34088a21f58,365.0,348.0,RGBA,aa_27.png,.png
/home/manvith/Desktop/Projects/Tulu Dataset/Tulu-Dtatset-V2/aa/aa_26.png,Tulu-Dtatset-V2,aa,train,de1d835ca1afacffc5018d4293d83f72eab7ef2b13c95050180c918f89ccbd8c,365.0,348.0,RGBA,aa_26.png,.png
/home/manvith/Desktop/Projects/Tulu Dataset/Tulu-Dtatset-V2/aa/aa_21.png,Tulu-Dtatset-V2,aa,train,414d216e18e53b0d36ea46b8c175d05f699d662d326e3c297d7ad82691ca226c,365.0,348.0,RGBA,aa_21.png,.png
/home/manvith/Desktop/Projects/Tulu Dataset/Tulu-Dtatset-V2/aa/aa_14.png,Tulu-Dtatset-V2,aa,train,765e1459985e362b6a7ab34d5e5254347abb45da3d62181c6cbe6d169ce3abfc,358.0,352.0,RGBA,aa_14.png,.png
/home/manvith/Desktop/Projects/Tulu Dataset/Tulu-Dtatset-V2/aa/aa_19.png,Tulu-Dtatset-V2,aa,train,2ecf157f12fedb2e95a849606f7453bb2a703fda6aba79123a2d2f67eb7d6f64,365.0,348.0,RGBA,aa_19.png,.png
/home/manvith/Desktop/Projects/Tulu Dataset/Tulu-Dtatset-V2/aa/aa_93.png,Tulu-Dtatset-V2,aa,train,470ec42e9cc1c6a7100b2e99528df5675c8b8f466f7b28df6c66bcca04925680,355.0,344.0,RGBA,aa_93.png,.png
/home/manvith/Desktop/Projects/Tulu Dataset/Tulu-Dtatset-V2/aa/aa_68.png,Tulu-Dtatset-V2,aa,train,c66bab724fa6a8cdbf7d0c211182803be73ad6d78772ecf44e0fb6969a2f0c2f,359.0,353.0,RGBA,aa_68.png,.png
/home/manvith/Desktop/Projects/Tulu Dataset/Tulu-Dtatset-V2/aa/aa_88.png,Tulu-Dtatset-V2,aa,train,912f0c12abfec28b278284866ba6f560059295074cd68dd176377b0d7f751a74,355.0,344.0,RGBA,aa_88.png,.png
/home/manvith/Desktop/Projects/Tulu Dataset/Tulu-Dtatset-V2/aa/aa_34.png,Tulu-Dtatset-V2,aa,train,e20cab5a66781391634f857c96dfa0d42ac1bbb15fab48cfb8fa3f2e01f87c00,363.0,347.0,RGBA,aa_34.png,.png
/home/manvith/Desktop/Projects/Tulu Dataset/Tulu-Dtatset-V2/aa/aa_50.png,Tulu-Dtatset-V2,aa,train,328704b23876523a59793aeb3629f4e84b69259ef264499016f0a525c3b1cb81,363.0,347.0,RGBA,aa_50.png,.png
/home/manvith/Desktop/Projects/Tulu Dataset/Tulu-Dtatset-V2/aa/aa_55.png,Tulu-Dtatset-V2,aa,train,51983cd169fd8fb8be2505e500d1cc2525d5c2c92f18a5ddad73a6ae1c0a0ce8,350.0,347.0,RGBA,aa_55.png,.png
/home/manvith/Desktop/Projects/Tulu Dataset/Tulu-Dtatset-V2/ae/ae_53.png,Tulu-Dtatset-V2,ae,train,1d561dde948d9e2af3320424a29e145757141e6a51420f835d7e4dfc99c08297,367.0,355.0,RGBA,ae_53.png,.png
/home/manvith/Desktop/Projects/Tulu Dataset/Tulu-Dtatset-V2/ae/ae_79.png,Tulu-Dtatset-V2,ae,train,4169347156d7067e10c0b886dbbb6ed3e9165bc58916d3e6e72d10941e0fdcd9,361.0,355.0,RGBA,ae_79.png,.png
/home/manvith/Desktop/Projects/Tulu Dataset/Tulu-Dtatset-V2/ae/ae_51.png,Tulu-Dtatset-V2,ae,train,06be02618262ab26f6f62b56fd1fe71b66760fd535ad9e36168b088d8224b68d,367.0,355.0,RGBA,ae_51.png,.png
/home/manvith/Desktop/Projects/Tulu Dataset/Tulu-Dtatset-V2/ae/ae_26.png,Tulu-Dtatset-V2,ae,train,e99ced4a4eee1fd7d04c55e82c4b05c2161970a4bf47012498af517b653d68bf,361.0,348.0,RGBA,ae_26.png,.png
/home/manvith/Desktop/Projects/Tulu Dataset/Tulu-Dtatset-V2/ae/ae_52.png,Tulu-Dtatset-V2,ae,train,8ac7193965a36c4817195013cc22dd37a86a44e57b957e88d540b8ff37262da6,367.0,355.0,RGBA,ae_52.png,.png
/home/manvith/Desktop/Projects/Tulu Dataset/Tulu-Dtatset-V2/ae/ae_44.png,Tulu-Dtatset-V2,ae,train,8ec83dba5783feeb9103cdcce966cf18efaeeac2def8eea9c8503971bf24d419,368.0,358.0,RGBA,ae_44.png,.png
/home/manvith/Desktop/Projects/Tulu Dataset/Tulu-Dtatset-V2/ae/ae_9.png,Tulu-Dtatset-V2,ae,train,c7b66c7fb9f0f5b74fe4121dcd30d686c0fa98064a43abecb086c20f71df5149,359.0,345.0,RGBA,ae_9.png,.png
/home/manvith/Desktop/Projects/Tulu Dataset/Tulu-Dtatset-V2/ae/ae_18.png,Tulu-Dtatset-V2,ae,train,2f53f7c9d129ba38548b015bc250edfa82ef846a66a73f922267bb5c2e67abc2,362.0,357.0,RGBA,ae_18.png,.png
/home/manvith/Desktop/Projects/Tulu Dataset/Tulu-Dtatset-V2/ae/ae_38.png,Tulu-Dtatset-V2,ae,train,e9687f3224e570e42025113ccc1212b45f320a7b88b0a8621bb863a9f69ee5fe,368.0,358.0,RGBA,ae_38.png,.png
/home/manvith/Desktop/Projects/Tulu Dataset/Tulu-Dtatset-V2/ae/ae_42.png,Tulu-Dtatset-V2,ae,train,1dcbed4768c74659e67ebb0de4c991e19249f8cb7f00fcbc782333eaf8570ccb,368.0,358.0,RGBA,ae_42.png,.png
/home/manvith/Desktop/Projects/Tulu Dataset/Tulu-Dtatset-V2/ae/ae_3.png,Tulu-Dtatset-V2,ae,train,fc77364d10f3086f5d40fc8cfc9de13871abec0a3fd8fa2c1a3f90b82e07b9ac,361.0,348.0,RGBA,ae_3.png,.png
/home/manvith/Desktop/Projects/Tulu Dataset/Tulu-Dtatset-V2/ae/ae_39.png,Tulu-Dtatset-V2,ae,train,80fddcbc33b8e13147500cbba3df05b547d0db772625dcd0d44ae006abe9c1c1,368.0,358.0,RGBA,ae_39.png,.png
/home/manvith/Desktop/Projects/Tulu Dataset/Tulu-Dtatset-V2/ae/ae_21.png,Tulu-Dtatset-V2,ae,train,30de1dbd31891c4c861a1dcf7c073e90c549f8eb28bb9ead065e76cf0f6a9e7c,362.0,357.0,RGBA,ae_21.png,.png
/home/manvith/Desktop/Projects/Tulu Dataset/Tulu-Dtatset-V2/ae/ae_43.png,Tulu-Dtatset-V2,ae,train,dad96d1932b7fb22817c89c16857fd283a3acd8dc1a0e31c0aefdaa98e23cc6d,368.0,358.0,RGBA,ae_43.png,.png
/home/manvith/Desktop/Projects/Tulu Dataset/Tulu-Dtatset-V2/ae/ae_25.png,Tulu-Dtatset-V2,ae,train,f17444f911f14945ebb42a2b21dd9d01859252329c313db90d595ec1a51918ad,362.0,357.0,RGBA,ae_25.png,.png
/home/manvith/Desktop/Projects/Tulu Dataset/Tulu-Dtatset-V2/ae/ae_7.png,Tulu-Dtatset-V2,ae,train,ffcad9ddd76aecda0f308a2b03ecb5e5cdff6af2a2a4bc770b329167699253fb,359.0,356.0,RGBA,ae_7.png,.png
/home/manvith/Desktop/Projects/Tulu Dataset/Tulu-Dtatset-V2/ae/ae_88.png,Tulu-Dtatset-V2,ae,train,1a6bc65891ce4451525f87e3b3ad454c2cd414174a329967975ccec202b63bc4,361.0,348.0,RGBA,ae_88.png,.png
/home/manvith/Desktop/Projects/Tulu Dataset/Tulu-Dtatset-V2/ae/ae_75.png,Tulu-Dtatset-V2,ae,train,6bf33b49f3eeeb303d124b081326117a1dd3c09b8849785dcbe3c1bce98e2617,361.0,355.0,RGBA,ae_75.png,.png
/home/manvith/Desktop/Projects/Tulu Dataset/Tulu-Dtatset-V2/ae/ae_70.png,Tulu-Dtatset-V2,ae,train,26e33bd30304a3ccf3512aa9bd6677207a5cf8c92c0b8fa36305d6191a626b8a,359.0,345.0,RGBA,ae_70.png,.png
/home/manvith/Desktop/Projects/Tulu Dataset/Tulu-Dtatset-V2/ae/ae_76.png,Tulu-Dtatset-V2,ae,train,84b04d8031b584261d48f8016c46334bf23a987ddb58279898584e302bd5b0fa,361.0,355.0,RGBA,ae_76.png,.png
/home/manvith/Desktop/Projects/Tulu Dataset/Tulu-Dtatset-V2/ae/ae_55.png,Tulu-Dtatset-V2,ae,train,deebb3566811b86470e60af4d5fc7a476f15d9137d58320a4348ed77c44e75fc,367.0,355.0,RGBA,ae_55.png,.png
/home/manvith/Desktop/Projects/Tulu Dataset/Tulu-Dtatset-V2/ae/ae_20.png,Tulu-Dtatset-V2,ae,train,487e10fa699fbd7ec404dacaefbc09e4541a8f0dab44a2efda00b4c0f790b277,362.0,357.0,RGBA,ae_20.png,.png
/home/manvith/Desktop/Projects/Tulu Dataset/Tulu-Dtatset-V2/ae/ae_13.png,Tulu-Dtatset-V2,ae,train,6848bbb4b483b13878000cd9c449d4a489e00a34df873e59dc3c59fef025ea88,354.0,346.0,RGBA,ae_13.png,.png
/home/manvith/Desktop/Projects/Tulu Dataset/Tulu-Dtatset-V2/ae/ae_83.png,Tulu-Dtatset-V2,ae,train,8eae00b0688d60cbe85172af4169f77a9b10316946e70b4685ac5517caa8a6b7,361.0,348.0,RGBA,ae_83.png,.png
/home/manvith/Desktop/Projects/Tulu Dataset/Tulu-Dtatset-V2/ae/ae_78.png,Tulu-Dtatset-V2,ae,train,e409442a180f519817dba590f188c7b2d672b5f7f51c9550a65dfcc4ed485573,361.0,355.0,RGBA,ae_78.png,.png
/home/manvith/Desktop/Projects/Tulu Dataset/Tulu-Dtatset-V2/ae/ae_91.png,Tulu-Dtatset-V2,ae,train,c4ef9949adb8fc3f70fead7a1ea1205a0f858522fca1fb6476f47631025e1fae,364.0,349.0,RGBA,ae_91.png,.png
/home/manvith/Desktop/Projects/Tulu Dataset/Tulu-Dtatset-V2/ae/ae_86.png,Tulu-Dtatset-V2,ae,train,32aa0de25e5dba17e710674952b08c52ac7fdde8dee226faa4879f540ee997c4,361.0,348.0,RGBA,ae_86.png,.png
/home/manvith/Desktop/Projects/Tulu Dataset/Tulu-Dtatset-V2/ae/ae_61.png,Tulu-Dtatset-V2,ae,train,db873d414bc50ff3c527a574a75e3ddab8430417bd9189e321213be4b2516ed7,359.0,345.0,RGBA,ae_61.png,.png
/home/manvith/Desktop/Projects/Tulu Dataset/Tulu-Dtatset-V2/ae/ae_41.png,Tulu-Dtatset-V2,ae,train,7f760b34d8a873843a5c79ff3b5fb962914e2e3c25cab2e9eaf67e7522cc90a0,368.0,358.0,RGBA,ae_41.png,.png
/home/manvith/Desktop/Projects/Tulu Dataset/Tulu-Dtatset-V2/ae/ae_27.png,Tulu-Dtatset-V2,ae,train,349a08f1b408addd21b40d2abb64e0480de0f89ec2f8ec0657d306583320c713,361.0,348.0,RGBA,ae_27.png,.png
/home/manvith/Desktop/Projects/Tulu Dataset/Tulu-Dtatset-V2/ae/ae_10.png,Tulu-Dtatset-V2,ae,train,c966c8f1460d61d6b98a2e2281e49dc45df4dad47ed8fb629e013cfb163fc69f,362.0,349.0,RGBA,ae_10.png,.png
/home/manvith/Desktop/Projects/Tulu Dataset/Tulu-Dtatset-V2/ae/ae_5.png,Tulu-Dtatset-V2,ae,train,0113995a2fa0e1aeeee2d97626956ba1c18adf547b90a3e43ef516a88848a928,372.0,355.0,RGBA,ae_5.png,.png
/home/manvith/Desktop/Projects/Tulu Dataset/Tulu-Dtatset-V2/ae/ae_45.png,Tulu-Dtatset-V2,ae,train,06b9138c9f1e3c03ee9341e0de30cf4c754a4cc820425342297870655784cd51,368.0,358.0,RGBA,ae_45.png,.png
/home/manvith/Desktop/Projects/Tulu Dataset/Tulu-Dtatset-V2/ae/ae_80.png,Tulu-Dtatset-V2,ae,train,b5e298efb41f09f18f1a25f7b26b8df0a0b211890009909c651f78e959528b1c,361.0,355.0,RGBA,ae_80.png,.png
/home/manvith/Desktop/Projects/Tulu Dataset/Tulu-Dtatset-V2/ae/ae_49.png,Tulu-Dtatset-V2,ae,train,976c7c2da13401016618d4c437ae471097c0132f4c8806b62f1bccbfcaf4e305,368.0,358.0,RGBA,ae_49.png,.png
/home/manvith/Desktop/Projects/Tulu Dataset/Tulu-Dtatset-V2/ae/ae_97.png,Tulu-Dtatset-V2,ae,train,ed67d44662d089af7274d40c28a32f57fd14108cdc68c1899a95e3e0f162de26,364.0,349.0,RGBA,ae_97.png,.png
/home/manvith/Desktop/Projects/Tulu Dataset/Tulu-Dtatset-V2/ae/ae_24.png,Tulu-Dtatset-V2,ae,train,3a05ccf3838f401aa469efe55bda7b582312e5fec4b917dd179bd3630d4f121f,362.0,357.0,RGBA,ae_24.png,.png
/home/manvith/Desktop/Projects/Tulu Dataset/Tulu-Dtatset-V2/ae/ae_19.png,Tulu-Dtatset-V2,ae,train,d46479e24c9f9ead1cba0a955e6046a7da2e1d44115a2c1218e3b18b85dc062b,362.0,357.0,RGBA,ae_19.png,.png
/home/manvith/Desktop/Projects/Tulu Dataset/Tulu-Dtatset-V2/ae/ae_62.png,Tulu-Dtatset-V2,ae,train,bd4ffee2ce1564b82c3e7148f50759fa68e2330d0b8304c615497f794df9abbe,359.0,345.0,RGBA,ae_62.png,.png
/home/manvith/Desktop/Projects/Tulu Dataset/Tulu-Dtatset-V2/ae/ae_84.png,Tulu-Dtatset-V2,ae,train,ce0cd6985260dcbaa23cfd85513b15fd47817f9ad22758fe0443736a0e604c7e,361.0,348.0,RGBA,ae_84.png,.png
/home/manvith/Desktop/Projects/Tulu Dataset/Tulu-Dtatset-V2/ae/ae_87.png,Tulu-Dtatset-V2,ae,train,2dc8ec44ece5e477536cf86cd90d8460ccd145a7526716b4d8eb25d976d25c26,361.0,348.0,RGBA,ae_87.png,.png
/home/manvith/Desktop/Projects/Tulu Dataset/Tulu-Dtatset-V2/ae/ae_4.png,Tulu-Dtatset-V2,ae,train,e686cb17c5ecb22799476ee35edc05f3a9e8d2dc5d62e563ea71c53a71c10dc9,351.0,357.0,RGBA,ae_4.png,.png
/home/manvith/Desktop/Projects/Tulu Dataset/Tulu-Dtatset-V2/ae/ae_57.png,Tulu-Dtatset-V2,ae,train,aba1a65b217cc1dcb8277d13777230038a3a179948e6bb624a748e7b67a58cdc,367.0,355.0,RGBA,ae_57.png,.png
/home/manvith/Desktop/Projects/Tulu Dataset/Tulu-Dtatset-V2/ae/ae_66.png,Tulu-Dtatset-V2,ae,train,99758f5a66365c1a9744dd30af48b2ee24cfcb35f4d3b01b02e207f94a770802,359.0,345.0,RGBA,ae_66.png,.png
/home/manvith/Desktop/Projects/Tulu Dataset/Tulu-Dtatset-V2/ae/ae_96.png,Tulu-Dtatset-V2,ae,train,50a4993c14b4be3d64ce1fc453ea42e258b367cb4088e03c247ce979dcb95b11,364.0,349.0,RGBA,ae_96.png,.png
/home/manvith/Desktop/Projects/Tulu Dataset/Tulu-Dtatset-V2/ae/ae_54.png,Tulu-Dtatset-V2,ae,train,52b5105aa0af85d783944f9caa19bea0ba1467853ea43f36f7c4147d574768f4,367.0,355.0,RGBA,ae_54.png,.png
/home/manvith/Desktop/Projects/Tulu Dataset/Tulu-Dtatset-V2/ae/ae_28.png,Tulu-Dtatset-V2,ae,train,e22c57e3878e19ec09769f14c8155e71d7051410ea291d19848cc87334f942c8,361.0,348.0,RGBA,ae_28.png,.png
/home/manvith/Desktop/Projects/Tulu Dataset/Tulu-Dtatset-V2/ae/ae_99.png,Tulu-Dtatset-V2,ae,train,c872939443af5923a8a34d843683af180a47059423625553fd9c5c183928810e,364.0,349.0,RGBA,ae_99.png,.png
/home/manvith/Desktop/Projects/Tulu Dataset/Tulu-Dtatset-V2/ae/ae_31.png,Tulu-Dtatset-V2,ae,train,3e77f7cb1336ca9dc09447132fb20047ea065213b5c4ad4a76ddcaa7fa9cdbe2,361.0,348.0,RGBA,ae_31.png,.png
/home/manvith/Desktop/Projects/Tulu Dataset/Tulu-Dtatset-V2/ae/ae_58.png,Tulu-Dtatset-V2,ae,train,0665f7c0c5a4525dc6323bd1bde7b71349c06d428cf742000c3ba79c04296af3,367.0,355.0,RGBA,ae_58.png,.png
/home/manvith/Desktop/Projects/Tulu Dataset/Tulu-Dtatset-V2/ae/ae_14.png,Tulu-Dtatset-V2,ae,train,a06b71c337c54369c8623ad174829d2bcd832efd767e8fa5d3be9607891cd4e6,361.0,356.0,RGBA,ae_14.png,.png
/home/manvith/Desktop/Projects/Tulu Dataset/Tulu-Dtatset-V2/ae/ae_98.png,Tulu-Dtatset-V2,ae,train,663d83c5cd36570a82fa64ee0bca7ab1bd11510b7d2563b8032fc1831ffa30d5,364.0,349.0,RGBA,ae_98.png,.png
/home/manvith/Desktop/Projects/Tulu Dataset/Tulu-Dtatset-V2/ae/ae_46.png,Tulu-Dtatset-V2,ae,train,83cf2173548e05adfa74c42bdd09ee8b78d9aa35c18c7c7301c788577453c385,368.0,358.0,RGBA,ae_46.png,.png
/home/manvith/Desktop/Projects/Tulu Dataset/Tulu-Dtatset-V2/ae/ae_92.png,Tulu-Dtatset-V2,ae,train,6654376f96a6dfc4cb1c557812e0350400ed0bf27e2e8f9a5e1fdfc78bc709df,364.0,349.0,RGBA,ae_92.png,.png
/home/manvith/Desktop/Projects/Tulu Dataset/Tulu-Dtatset-V2/ae/ae_11.png,Tulu-Dtatset-V2,ae,train,550d638158862ffd5f36b924adf0761ec73a3343dfd07ad4836fceb56dc08abf,364.0,350.0,RGBA,ae_11.png,.png
/home/manvith/Desktop/Projects/Tulu Dataset/Tulu-Dtatset-V2/ae/ae_50.png,Tulu-Dtatset-V2,ae,train,cbab3cbdecd5654b292898f21469b4664bbb34eccc68e3dbb53340215ae0975d,368.0,358.0,RGBA,ae_50.png,.png
/home/manvith/Desktop/Projects/Tulu Dataset/Tulu-Dtatset-V2/ae/ae_59.png,Tulu-Dtatset-V2,ae,train,39e0f9879aab3d87e4716c1e9e62728c77639e3b684d7828ac28a4f4eb5fa545,367.0,355.0,RGBA,ae_59.png,.png
/home/manvith/Desktop/Projects/Tulu Dataset/Tulu-Dtatset-V2/ae/ae_82.png,Tulu-Dtatset-V2,ae,train,971a94c98b18dc22743d0225b02517760a483c5bdc9998124013649c4035596b,361.0,348.0,RGBA,ae_82.png,.png
/home/manvith/Desktop/Projects/Tulu Dataset/Tulu-Dtatset-V2/ae/ae_32.png,Tulu-Dtatset-V2,ae,train,b45fe598e83e1a38e86b5119cc15b8f3530c2b09592e208dad8cdfe985258393,361.0,348.0,RGBA,ae_32.png,.png
/home/manvith/Desktop/Projects/Tulu Dataset/Tulu-Dtatset-V2/ae/ae_64.png,Tulu-Dtatset-V2,ae,train,b9d8cd868bd547531cc5d574e9fd1e2d52df868625419a1b671b23a5e59da08a,359.0,345.0,RGBA,ae_64.png,.png
/home/manvith/Desktop/Projects/Tulu Dataset/Tulu-Dtatset-V2/ae/ae_29.png,Tulu-Dtatset-V2,ae,train,c71637f0fd4b9e75175526f6c72af32e971c53b550ccd25f2e6b6ff8905ab986,361.0,348.0,RGBA,ae_29.png,.png
/home/manvith/Desktop/Projects/Tulu Dataset/Tulu-Dtatset-V2/ae/ae_74.png,Tulu-Dtatset-V2,ae,train,5632fc222eff63e9e7129a85d78e5aa218048c8719dadff7f84e59920d992dbe,361.0,355.0,RGBA,ae_74.png,.png
/home/manvith/Desktop/Projects/Tulu Dataset/Tulu-Dtatset-V2/ae/ae_8.png,Tulu-Dtatset-V2,ae,train,3286b93c998d15972d9e2bc7faa2b0a3b1735c0dac7ca46c95b475082b0ffc1e,368.0,358.0,RGBA,ae_8.png,.png
/home/manvith/Desktop/Projects/Tulu Dataset/Tulu-Dtatset-V2/ae/ae_67.png,Tulu-Dtatset-V2,ae,train,84585485b22d8bad51dc2ebd37991b903ab1ffc0e5597bf65ebf62da2b344aa9,359.0,345.0,RGBA,ae_67.png,.png
/home/manvith/Desktop/Projects/Tulu Dataset/Tulu-Dtatset-V2/ae/ae_2.png,Tulu-Dtatset-V2,ae,train,b7ae594791958f8a74eecabdca13baba66eee9ce2b34c2c637e1957452ef8df8,367.0,355.0,RGBA,ae_2.png,.png
/home/manvith/Desktop/Projects/Tulu Dataset/Tulu-Dtatset-V2/ae/ae_30.png,Tulu-Dtatset-V2,ae,train,cba239402a927c538377b56542f0c53c3596070a4eb612c02d4b4bc7eca21d7c,361.0,348.0,RGBA,ae_30.png,.png
/home/manvith/Desktop/Projects/Tulu Dataset/Tulu-Dtatset-V2/ae/ae_56.png,Tulu-Dtatset-V2,ae,train,1c35f055d686956ef38aa857d193eb5490972511b3f6ff3e04d6e5dace06dd7f,367.0,355.0,RGBA,ae_56.png,.png
/home/manvith/Desktop/Projects/Tulu Dataset/Tulu-Dtatset-V2/ae/ae_73.png,Tulu-Dtatset-V2,ae,train,d824123f8b4a9898b1656f1359189ef65d2603d4069a18dfcf1652fed6ac2cd8,361.0,355.0,RGBA,ae_73.png,.png
/home/manvith/Desktop/Projects/Tulu Dataset/Tulu-Dtatset-V2/ae/ae_95.png,Tulu-Dtatset-V2,ae,train,10dba8a5ea9dcefbfa7272573984e0faee08db2f0cf3a30af98c8967cd33f040,364.0,349.0,RGBA,ae_95.png,.png
/home/manvith/Desktop/Projects/Tulu Dataset/Tulu-Dtatset-V2/ae/ae_63.png,Tulu-Dtatset-V2,ae,train,6551efbd35701115261b07f5abcc87a6870f53f967ee17e72093812be45f5376,359.0,345.0,RGBA,ae_63.png,.png
/home/manvith/Desktop/Projects/Tulu Dataset/Tulu-Dtatset-V2/ae/ae_23.png,Tulu-Dtatset-V2,ae,train,142c3401b659390c2d0cc60d943702c362ac811097f3e26c0f574892f6cf0549,362.0,357.0,RGBA,ae_23.png,.png
/home/manvith/Desktop/Projects/Tulu Dataset/Tulu-Dtatset-V2/ae/ae_71.png,Tulu-Dtatset-V2,ae,train,96b428ff4e344b87e91a4452cd28cb0d66b5d0354ec1fb965dfcd835e84e2f36,361.0,355.0,RGBA,ae_71.png,.png
/home/manvith/Desktop/Projects/Tulu Dataset/Tulu-Dtatset-V2/ae/ae_33.png,Tulu-Dtatset-V2,ae,train,77ddb87d22a6e47bd2293d40d5c59d63e9f82d65bc957d95a7e7bc11747a0953,361.0,348.0,RGBA,ae_33.png,.png
/home/manvith/Desktop/Projects/Tulu Dataset/Tulu-Dtatset-V2/ae/ae_65.png,Tulu-Dtatset-V2,ae,train,fe5229b21041f3542faf9f6da5b921aac5d2903b2994c12ba554055311e1d30e,359.0,345.0,RGBA,ae_65.png,.png
/home/manvith/Desktop/Projects/Tulu Dataset/Tulu-Dtatset-V2/ae/ae_40.png,Tulu-Dtatset-V2,ae,train,f9e823137c70ce3a07aadcb308e6483f278aa82a3aa88e9828ab588c563c905c,368.0,358.0,RGBA,ae_40.png,.png
/home/manvith/Desktop/Projects/Tulu Dataset/Tulu-Dtatset-V2/ae/ae_36.png,Tulu-Dtatset-V2,ae,train,b97323eba48f07414bfe40a2b1719310c792857ea2e8e08dea37c91ce72ad294,368.0,358.0,RGBA,ae_36.png,.png
/home/manvith/Desktop/Projects/Tulu Dataset/Tulu-Dtatset-V2/ae/ae_68.png,Tulu-Dtatset-V2,ae,train,0bd6b0aea61063edc74562daa407cb898e4cd05803d55107d50bedd59d135fb4,359.0,345.0,RGBA,ae_68.png,.png
/home/manvith/Desktop/Projects/Tulu Dataset/Tulu-Dtatset-V2/ae/ae_85.png,Tulu-Dtatset-V2,ae,train,46e8483c97cab0d336bba08400596ccd8deaa8bb26aad72e97600d5322caf4b9,361.0,348.0,RGBA,ae_85.png,.png
/home/manvith/Desktop/Projects/Tulu Dataset/Tulu-Dtatset-V2/ae/ae_47.png,Tulu-Dtatset-V2,ae,train,6ee78abad8811cf13796e9b31fc5e26d9f2312e99aa6805437812bf2d95baf63,368.0,358.0,RGBA,ae_47.png,.png
/home/manvith/Desktop/Projects/Tulu Dataset/Tulu-Dtatset-V2/ae/ae_12.png,Tulu-Dtatset-V2,ae,train,16c43a63e3677db388cef7b5f0fd8149af01445bd6b40cd8b1c75b34b8c7c277,361.0,355.0,RGBA,ae_12.png,.png
/home/manvith/Desktop/Projects/Tulu Dataset/Tulu-Dtatset-V2/aee/aee_6.png,Tulu-Dtatset-V2,aee,train,f5407cab1b804a8821be038ecd5c4d5208627472495caa465cd83a0b9453341f,360.0,347.0,RGBA,aee_6.png,.png
/home/manvith/Desktop/Projects/Tulu Dataset/Tulu-Dtatset-V2/aee/aee_71.png,Tulu-Dtatset-V2,aee,train,331eb8da2a2123cf4297b5af55847e8e34edf76155b6e8a6a77b43b3e1f2a2c0,356.0,346.0,RGBA,aee_71.png,.png
/home/manvith/Desktop/Projects/Tulu Dataset/Tulu-Dtatset-V2/aee/aee_33.png,Tulu-Dtatset-V2,aee,train,c10e80ecbcf9819e01e09574c017d4f11bbbb32b16a406f02418ed6c0469f7ee,355.0,357.0,RGBA,aee_33.png,.png
/home/manvith/Desktop/Projects/Tulu Dataset/Tulu-Dtatset-V2/aee/aee_79.png,Tulu-Dtatset-V2,aee,train,05295bf85e4001469aa33159da377e068e90168135e15c10506c91d5f1c51194,356.0,346.0,RGBA,aee_79.png,.png
/home/manvith/Desktop/Projects/Tulu Dataset/Tulu-Dtatset-V2/aee/aee_19.png,Tulu-Dtatset-V2,aee,train,7d51e32a75f6c37a288a5b1839a123761a5a3a9d6e46c023f839145686d7687d,361.0,344.0,RGBA,aee_19.png,.png
/home/manvith/Desktop/Projects/Tulu Dataset/Tulu-Dtatset-V2/aee/aee_100.png,Tulu-Dtatset-V2,aee,train,e59d8d5a704c73c1496cbb4a8090e36cc1208aa0877401c191d77ddfc988f1c2,354.0,345.0,RGBA,aee_100.png,.png
/home/manvith/Desktop/Projects/Tulu Dataset/Tulu-Dtatset-V2/aee/aee_90.png,Tulu-Dtatset-V2,aee,train,feab6bc873e63f8bfa55f4bf8851766a8d655fc65fb36800cce2a6f8979a75cf,354.0,345.0,RGBA,aee_90.png,.png
/home/manvith/Desktop/Projects/Tulu Dataset/Tulu-Dtatset-V2/aee/aee_2.png,Tulu-Dtatset-V2,aee,train,11d97c4c853efd3194052780c20ad9e824641a9586145e6fba3effd826a23e24,367.0,355.0,RGBA,aee_2.png,.png
/home/manvith/Desktop/Projects/Tulu Dataset/Tulu-Dtatset-V2/aee/aee_31.png,Tulu-Dtatset-V2,aee,train,d4a050537f521bb0afb11b4976dd2afd418995b99ec24c4c2ee97029f2a0cff0,355.0,357.0,RGBA,aee_31.png,.png
/home/manvith/Desktop/Projects/Tulu Dataset/Tulu-Dtatset-V2/aee/aee_50.png,Tulu-Dtatset-V2,aee,train,4f3c3d95ddba7f4dee4580bec7ee895b2fa19a11f6600fe73d6eeb36e9d9f753,367.0,356.0,RGBA,aee_50.png,.png
/home/manvith/Desktop/Projects/Tulu Dataset/Tulu-Dtatset-V2/aee/aee_94.png,Tulu-Dtatset-V2,aee,train,50416af850abb14292da502c6a1b8cf326f789d0d4aa6c9fbdd636e2410bb748,354.0,345.0,RGBA,aee_94.png,.png
/home/manvith/Desktop/Projects/Tulu Dataset/Tulu-Dtatset-V2/aee/aee_10.png,Tulu-Dtatset-V2,aee,train,a20b1ab79eb16c130a89c986d41f8bc0aceec9db1e748e66be53c1de46b2dec7,362.0,350.0,RGBA,aee_10.png,.png
/home/manvith/Desktop/Projects/Tulu Dataset/Tulu-Dtatset-V2/aee/aee_58.png,Tulu-Dtatset-V2,aee,train,d0f2f627279aca28deb486257d21128a2c2195588f953c9caf1d21787a282d60,367.0,356.0,RGBA,aee_58.png,.png
/home/manvith/Desktop/Projects/Tulu Dataset/Tulu-Dtatset-V2/aee/aee_9.png,Tulu-Dtatset-V2,aee,train,71ce681e3f75e93893818e975570f775544fe4528558d4f74d9ce20924b16e43,356.0,346.0,RGBA,aee_9.png,.png
/home/manvith/Desktop/Projects/Tulu Dataset/Tulu-Dtatset-V2/aee/aee_21.png,Tulu-Dtatset-V2,aee,train,78c4c57c748468b8b8863db10d1e270971f8ab9c2b64673f756b3032cafb9a47,361.0,344.0,RGBA,aee_21.png,.png
/home/manvith/Desktop/Projects/Tulu Dataset/Tulu-Dtatset-V2/aee/aee_47.png,Tulu-Dtatset-V2,aee,train,ccd2f1c6d6ad1ee1d1231f31470f84a65f1d7b2da3b80139927ba40785cc76be,367.0,356.0,RGBA,aee_47.png,.png
/home/manvith/Desktop/Projects/Tulu Dataset/Tulu-Dtatset-V2/aee/aee_49.png,Tulu-Dtatset-V2,aee,train,ba345a82d498963fd79f22fecc97af54222619535302d90fccc9045ac989bf2f,367.0,356.0,RGBA,aee_49.png,.png
/home/manvith/Desktop/Projects/Tulu Dataset/Tulu-Dtatset-V2/aee/aee_80.png,Tulu-Dtatset-V2,aee,train,34e5f9c67dec74042b9a478b5b1d097f96570a3e1f9a054fa002ad4b1ecac185,356.0,346.0,RGBA,aee_80.png,.png
/home/manvith/Desktop/Projects/Tulu Dataset/Tulu-Dtatset-V2/aee/aee_30.png,Tulu-Dtatset-V2,aee,train,fcf5008b8957c8dc1f72765bc9820f11468b4492f260e32b6bbe0b8a17273ce1,355.0,357.0,RGBA,aee_30.png,.png
/home/manvith/Desktop/Projects/Tulu Dataset/Tulu-Dtatset-V2/aee/aee_28.png,Tulu-Dtatset-V2,aee,train,ff96a99ee2f89dd54981016f5f5a6fd958d5a9d4fb38eb4a4f4a4567d7c3ae14,355.0,357.0,RGBA,aee_28.png,.png
/home/manvith/Desktop/Projects/Tulu Dataset/Tulu-Dtatset-V2/aee/aee_46.png,Tulu-Dtatset-V2,aee,train,e902139053fba8911748dac4c274cda39f075cd426583050c3d76afa9b6a2e3b,367.0,356.0,RGBA,aee_46.png,.png
/home/manvith/Desktop/Projects/Tulu Dataset/Tulu-Dtatset-V2/aee/aee_42.png,Tulu-Dtatset-V2,aee,train,603690d54e2ead72b3928e7815caa78acb74f9706c1ee89bc83e3d3cee97ea25,367.0,356.0,RGBA,aee_42.png,.png
/home/manvith/Desktop/Projects/Tulu Dataset/Tulu-Dtatset-V2/aee/aee_59.png,Tulu-Dtatset-V2,aee,train,e1d1ba5b6f5111e538af6b2ae0b7e2e9066b524cd3f2f0a134b26d672afffe63,367.0,356.0,RGBA,aee_59.png,.png
/home/manvith/Desktop/Projects/Tulu Dataset/Tulu-Dtatset-V2/aee/aee_17.png,Tulu-Dtatset-V2,aee,train,73c80389e8cc2dfc1c5da44d92737604e5e181c5270d2d92602f194a4c20b89e,361.0,344.0,RGBA,aee_17.png,.png
/home/manvith/Desktop/Projects/Tulu Dataset/Tulu-Dtatset-V2/aee/aee_53.png,Tulu-Dtatset-V2,aee,train,422d9fdf9034644b52faca85f8fa52cf55044e60d3ea78606f6fbfbd6be6810d,367.0,356.0,RGBA,aee_53.png,.png
/home/manvith/Desktop/Projects/Tulu Dataset/Tulu-Dtatset-V2/aee/aee_5.png,Tulu-Dtatset-V2,aee,train,2aaecaf7dfb14887701391d1514df2eb919ccc01f1ed1238b311deae6c410a79,361.0,344.0,RGBA,aee_5.png,.png
/home/manvith/Desktop/Projects/Tulu Dataset/Tulu-Dtatset-V2/aee/aee_24.png,Tulu-Dtatset-V2,aee,train,1fe0a51f395d591396e35c2d8971d772d516e499cc241640a5c58148e6b5ce2e,361.0,344.0,RGBA,aee_24.png,.png
/home/manvith/Desktop/Projects/Tulu Dataset/Tulu-Dtatset-V2/aee/aee_48.png,Tulu-Dtatset-V2,aee,train,96e88c0d92b8273c99c833c1e877e877edfc9bcbb67f13cb8f7868c79e4796fd,367.0,356.0,RGBA,aee_48.png,.png
/home/manvith/Desktop/Projects/Tulu Dataset/Tulu-Dtatset-V2/aee/aee_92.png,Tulu-Dtatset-V2,aee,train,25e4f5914b1e8fb6041cbb483b8f9bdd68f81131d52d93957abc988aa100e1ff,354.0,345.0,RGBA,aee_92.png,.png
/home/manvith/Desktop/Projects/Tulu Dataset/Tulu-Dtatset-V2/aee/aee_70.png,Tulu-Dtatset-V2,aee,train,fb839a06241cde3be0a43e21db0301a25c6063803ce27c2c7756de6769472d83,356.0,346.0,RGBA,aee_70.png,.png
/home/manvith/Desktop/Projects/Tulu Dataset/Tulu-Dtatset-V2/aee/aee_11.png,Tulu-Dtatset-V2,aee,train,19a048ede7a6630c286b443bfd80f980d5fba44adda4d7c5205fd6b06deca834,362.0,348.0,RGBA,aee_11.png,.png
/home/manvith/Desktop/Projects/Tulu Dataset/Tulu-Dtatset-V2/aee/aee_63.png,Tulu-Dtatset-V2,aee,train,b424009db8e9a24ba62d806b0be7a33ef5cc74111cabe5e4dfc25d3cf7910dcc,367.0,356.0,RGBA,aee_63.png,.png
/home/manvith/Desktop/Projects/Tulu Dataset/Tulu-Dtatset-V2/aee/aee_51.png,Tulu-Dtatset-V2,aee,train,b899466cc5db64830a2b749aedaf38f546213f4a3f0fd71e86a5eccc0380cd1b,367.0,356.0,RGBA,aee_51.png,.png
/home/manvith/Desktop/Projects/Tulu Dataset/Tulu-Dtatset-V2/aee/aee_8.png,Tulu-Dtatset-V2,aee,train,9f00e78ca69a382f6432d6a754a956261c626cf114b9a7953a7ea7aa53f2755b,368.0,358.0,RGBA,aee_8.png,.png
/home/manvith/Desktop/Projects/Tulu Dataset/Tulu-Dtatset-V2/aee/aee_66.png,Tulu-Dtatset-V2,aee,train,8afb2b6dcc121016860bfbcaf827507d04ab08eb0e1015a47338f2ff4cb0ac77,356.0,346.0,RGBA,aee_66.png,.png
/home/manvith/Desktop/Projects/Tulu Dataset/Tulu-Dtatset-V2/aee/aee_40.png,Tulu-Dtatset-V2,aee,train,9bfcb0364c797cfe98d7d9b74e46418c2d5f0b5db3c99ab19b2f40ab0a0ba756,355.0,357.0,RGBA,aee_40.png,.png
/home/manvith/Desktop/Projects/Tulu Dataset/Tulu-Dtatset-V2/aee/aee_60.png,Tulu-Dtatset-V2,aee,train,99d1a7330331f39d4860afc2aec304601edc4876b024a4fb46b7068b732d828c,367.0,356.0,RGBA,aee_60.png,.png
/home/manvith/Desktop/Projects/Tulu Dataset/Tulu-Dtatset-V2/aee/aee_75.png,Tulu-Dtatset-V2,aee,train,12097b270572f00bc535e26759a5207dccd7d21f0c2fc6234f9b9b11c6e6503d,356.0,346.0,RGBA,aee_75.png,.png
/home/manvith/Desktop/Projects/Tulu Dataset/Tulu-Dtatset-V2/aee/aee_26.png,Tulu-Dtatset-V2,aee,train,f3ba49de304804c03258cc913cf21f3099509a8f8f357e08fafade863ca1983e,355.0,357.0,RGBA,aee_26.png,.png
/home/manvith/Desktop/Projects/Tulu Dataset/Tulu-Dtatset-V2/aee/aee_83.png,Tulu-Dtatset-V2,aee,train,c603c0eb45dafef2c518f0095ede93a9f4e33b6fc403a5d428a68164838baf53,356.0,346.0,RGBA,aee_83.png,.png
/home/manvith/Desktop/Projects/Tulu Dataset/Tulu-Dtatset-V2/aee/aee_34.png,Tulu-Dtatset-V2,aee,train,3ce70ba060aec19efdfb37ee3b6ad3ed105faa410fc0e9a8d90e6d729772b112,355.0,357.0,RGBA,aee_34.png,.png
/home/manvith/Desktop/Projects/Tulu Dataset/Tulu-Dtatset-V2/aee/aee_77.png,Tulu-Dtatset-V2,aee,train,79b8cb4be6eb5af5f413bd6a3a721bd0e146c30ff5e8b47b146eb54bd65d2c4c,356.0,346.0,RGBA,aee_77.png,.png
/home/manvith/Desktop/Projects/Tulu Dataset/Tulu-Dtatset-V2/aee/aee_25.png,Tulu-Dtatset-V2,aee,train,cabebec99d6b6f0660c2d22e72a5e3c76f7810c9f24da1f51f0080e195144d9f,361.0,344.0,RGBA,aee_25.png,.png
/home/manvith/Desktop/Projects/Tulu Dataset/Tulu-Dtatset-V2/aee/aee_88.png,Tulu-Dtatset-V2,aee,train,2799c17a670b2ea4dccfad911d30f0ead0bd7129d50956c71eb068f6c18308d4,354.0,345.0,RGBA,aee_88.png,.png
/home/manvith/Desktop/Projects/Tulu Dataset/Tulu-Dtatset-V2/aee/aee_82.png,Tulu-Dtatset-V2,aee,train,7d144fa52156aff5e2305282420908f20a9e135ddc6cdddb6c8f253f75a0ee7a,356.0,346.0,RGBA,aee_82.png,.png
/home/manvith/Desktop/Projects/Tulu Dataset/Tulu-Dtatset-V2/aee/aee_56.png,Tulu-Dtatset-V2,aee,train,0fb955e604b3171d9e9bc6ea64b44414851e9f4ba3f66fbb51bbfd688242dc91,367.0,356.0,RGBA,aee_56.png,.png
/home/manvith/Desktop/Projects/Tulu Dataset/Tulu-Dtatset-V2/aee/aee_29.png,Tulu-Dtatset-V2,aee,train,9cd70f2d1281786e829f9261261650a04efacc7972ac242323f7674ac90497cb,355.0,357.0,RGBA,aee_29.png,.png
/home/manvith/Desktop/Projects/Tulu Dataset/Tulu-Dtatset-V2/aee/aee_85.png,Tulu-Dtatset-V2,aee,train,5e46fef99d238e02fe9fd0a184843d41330321e1899e9153f4335d7fa8b7d942,356.0,346.0,RGBA,aee_85.png,.png
/home/manvith/Desktop/Projects/Tulu Dataset/Tulu-Dtatset-V2/aee/aee_93.png,Tulu-Dtatset-V2,aee,train,3f108f6fe4f747257e11598f156ebc030dfacab0ee00162dd9d587e28b6b4ac6,354.0,345.0,RGBA,aee_93.png,.png
/home/manvith/Desktop/Projects/Tulu Dataset/Tulu-Dtatset-V2/aee/aee_38.png,Tulu-Dtatset-V2,aee,train,13b3827e027321ada8306680894d2bf86a14303254bf4f99936562c2cce7b3fe,355.0,357.0,RGBA,aee_38.png,.png
/home/manvith/Desktop/Projects/Tulu Dataset/Tulu-Dtatset-V2/aee/aee_20.png,Tulu-Dtatset-V2,aee,train,ac5533958029d2ffafb86eb0d5a87493c496518df314c7a2fa41cd22e5c68894,361.0,344.0,RGBA,aee_20.png,.png
/home/manvith/Desktop/Projects/Tulu Dataset/Tulu-Dtatset-V2/aee/aee_4.png,Tulu-Dtatset-V2,aee,train,888e0fbad1942a74f219de1e9704ae94ec44b8f3931f97aea0f0a0e68bee8e56,355.0,357.0,RGBA,aee_4.png,.png
/home/manvith/Desktop/Projects/Tulu Dataset/Tulu-Dtatset-V2/aee/aee_61.png,Tulu-Dtatset-V2,aee,train,fba77a4cf4d2150f2ccb3126d1c1953534a1ddac1aa041e06a1beb303a695391,367.0,356.0,RGBA,aee_61.png,.png
/home/manvith/Desktop/Projects/Tulu Dataset/Tulu-Dtatset-V2/aee/aee_96.png,Tulu-Dtatset-V2,aee,train,bd383eda8bcc58fd4ab4db2c0d14ec31540ee656af5e8f5e382396c296e56ce6,354.0,345.0,RGBA,aee_96.png,.png
/home/manvith/Desktop/Projects/Tulu Dataset/Tulu-Dtatset-V2/aee/aee_41.png,Tulu-Dtatset-V2,aee,train,7dc825c61c8b1e2d25e7dafefc625c60515e438e0eded6411b93fea04983e3c9,367.0,356.0,RGBA,aee_41.png,.png
/home/manvith/Desktop/Projects/Tulu Dataset/Tulu-Dtatset-V2/aee/aee_44.png,Tulu-Dtatset-V2,aee,train,9a2dc4a0c7e8ca7aa4c7f15bbe0f0d43d55edcee2d351d345842fdd0d2fac741,367.0,356.0,RGBA,aee_44.png,.png
/home/manvith/Desktop/Projects/Tulu Dataset/Tulu-Dtatset-V2/aee/aee_65.png,Tulu-Dtatset-V2,aee,train,6818e8eed5bb82f578b4903bb160a0fa7f5d74177ead45ae6da02feb9433b7a2,367.0,356.0,RGBA,aee_65.png,.png
/home/manvith/Desktop/Projects/Tulu Dataset/Tulu-Dtatset-V2/aee/aee_1.png,Tulu-Dtatset-V2,aee,train,d7368a8633722855cb44b4b2f145525db4aa4ab9ed26d9d520f7f08b3923713c,361.0,344.0,RGBA,aee_1.png,.png
/home/manvith/Desktop/Projects/Tulu Dataset/Tulu-Dtatset-V2/aee/aee_12.png,Tulu-Dtatset-V2,aee,train,974d703a429b86e191ed5b94f0deb1c59f423eeab64fc4aee7147a83f2d14e5e,363.0,355.0,RGBA,aee_12.png,.png
/home/manvith/Desktop/Projects/Tulu Dataset/Tulu-Dtatset-V2/aee/aee_52.png,Tulu-Dtatset-V2,aee,train,f75e8159de6a7d6594ef974e2d48b287a9ea5dd32cfcde7b8fd6b50fcc9b3bfc,367.0,356.0,RGBA,aee_52.png,.png
/home/manvith/Desktop/Projects/Tulu Dataset/Tulu-Dtatset-V2/aee/aee_62.png,Tulu-Dtatset-V2,aee,train,f29b7c2ff249396372e74f192960d60d5be32f3a5227cc4d364c20b92ac1250c,367.0,356.0,RGBA,aee_62.png,.png
/home/manvith/Desktop/Projects/Tulu Dataset/Tulu-Dtatset-V2/aee/aee_91.png,Tulu-Dtatset-V2,aee,train,13e3fcaf6e7a13c8ce4989b01730db3a601a14c2cb309d16822428dc42ff7e5e,354.0,345.0,RGBA,aee_91.png,.png
/home/manvith/Desktop/Projects/Tulu Dataset/Tulu-Dtatset-V2/aee/aee_35.png,Tulu-Dtatset-V2,aee,train,e6b49322b98c9c39b21ea5219d3d57904964481b4fe25fc0541997c3f329efd9,355.0,357.0,RGBA,aee_35.png,.png
/home/manvith/Desktop/Projects/Tulu Dataset/Tulu-Dtatset-V2/aee/aee_43.png,Tulu-Dtatset-V2,aee,train,184b854f432592f92787f1dd949cfd8cceb5da5cafe50aaa1bb23ca1c4d28376,367.0,356.0,RGBA,aee_43.png,.png
/home/manvith/Desktop/Projects/Tulu Dataset/Tulu-Dtatset-V2/aee/aee_23.png,Tulu-Dtatset-V2,aee,train,2df9d4c0eaef9b1ba444392dc91d2514cd8f309b49b7daedcb384042c5637d42,361.0,344.0,RGBA,aee_23.png,.png
/home/manvith/Desktop/Projects/Tulu Dataset/Tulu-Dtatset-V2/aee/aee_54.png,Tulu-Dtatset-V2,aee,train,7e9e337c8919527d091e98c775279d89a773ec3f876baf457cce564256a8cd9c,367.0,356.0,RGBA,aee_54.png,.png
/home/manvith/Desktop/Projects/Tulu Dataset/Tulu-Dtatset-V2/aee/aee_72.png,Tulu-Dtatset-V2,aee,train,031d2328c60773eca48d56da24ec6f58adeb69bce6f50ca66db5b59cd069d9b3,356.0,346.0,RGBA,aee_72.png,.png
/home/manvith/Desktop/Projects/Tulu Dataset/Tulu-Dtatset-V2/aee/aee_84.png,Tulu-Dtatset-V2,aee,train,5002a2747b9e7d7b2930f4a1ebee4ca81d369fc706e93329cc19b9c65eb72863,356.0,346.0,RGBA,aee_84.png,.png
/home/manvith/Desktop/Projects/Tulu Dataset/Tulu-Dtatset-V2/aee/aee_73.png,Tulu-Dtatset-V2,aee,train,fc698385ba94e43049eca8a17959dc833aa66abd63f5a2a9a98c0ab2d8f0ae80,356.0,346.0,RGBA,aee_73.png,.png
/home/manvith/Desktop/Projects/Tulu Dataset/Tulu-Dtatset-V2/aee/aee_32.png,Tulu-Dtatset-V2,aee,train,eec2506c7d156ca03f2145d2a8906491ca05a388d69aa2fb82a8aaf75169a41e,355.0,357.0,RGBA,aee_32.png,.png
/home/manvith/Desktop/Projects/Tulu Dataset/Tulu-Dtatset-V2/aee/aee_39.png,Tulu-Dtatset-V2,aee,train,2d6e5f96d38c88e52da01dc3a0d50c421081bb2e679138d9d54da908004c72be,355.0,357.0,RGBA,aee_39.png,.png
/home/manvith/Desktop/Projects/Tulu Dataset/Tulu-Dtatset-V2/aee/aee_98.png,Tulu-Dtatset-V2,aee,train,ac0042868ca4c3db082fbaaa85fc67df520be701683c32543422ddf2882f4013,354.0,345.0,RGBA,aee_98.png,.png
/home/manvith/Desktop/Projects/Tulu Dataset/Tulu-Dtatset-V2/aee/aee_69.png,Tulu-Dtatset-V2,aee,train,d067c91e13e4633b890a1af3b658a182e405b449ee9f246407ebb560ef450a1a,356.0,346.0,RGBA,aee_69.png,.png
/home/manvith/Desktop/Projects/Tulu Dataset/Tulu-Dtatset-V2/aee/aee_81.png,Tulu-Dtatset-V2,aee,train,a6e28625c96db855d516fe243c8e0f32a316c18362433c7a0262d19f22aa6ab0,356.0,346.0,RGBA,aee_81.png,.png
/home/manvith/Desktop/Projects/Tulu Dataset/Tulu-Dtatset-V2/aee/aee_57.png,Tulu-Dtatset-V2,aee,train,6cefa6d1ad72905fd7455616a1eba3b496a7e250926831e4ead907481789a7da,367.0,356.0,RGBA,aee_57.png,.png
/home/manvith/Desktop/Projects/Tulu Dataset/Tulu-Dtatset-V2/aee/aee_89.png,Tulu-Dtatset-V2,aee,train,93b726faffcc52fbad18238785b7a0e9fe88f9132681fe20f6993f8d4361ce82,354.0,345.0,RGBA,aee_89.png,.png
/home/manvith/Desktop/Projects/Tulu Dataset/Tulu-Dtatset-V2/aee/aee_13.png,Tulu-Dtatset-V2,aee,train,a75c43946a20de57f54df291bc491281a31d480580167fdd4e1e8e2f6267ce93,354.0,345.0,RGBA,aee_13.png,.png
/home/manvith/Desktop/Projects/Tulu Dataset/Tulu-Dtatset-V2/aee/aee_86.png,Tulu-Dtatset-V2,aee,train,437ce5b154ef06c8a3f6048f9ed9ee011ab4d18cbe35a7f14ece452f0857e629,354.0,345.0,RGBA,aee_86.png,.png
/home/manvith/Desktop/Projects/Tulu Dataset/Tulu-Dtatset-V2/aee/aee_99.png,Tulu-Dtatset-V2,aee,train,399e4b23c390e4c151c379099b7bbebb33835100f8d59ed420a65294176b9a05,354.0,345.0,RGBA,aee_99.png,.png
/home/manvith/Desktop/Projects/Tulu Dataset/Tulu-Dtatset-V2/aee/aee_37.png,Tulu-Dtatset-V2,aee,train,89942c600d484d06e7a8b14971a1fcfb697f9e9f557e744c3bd4446abc1df907,355.0,357.0,RGBA,aee_37.png,.png
/home/manvith/Desktop/Projects/Tulu Dataset/Tulu-Dtatset-V2/aha/aha_78.png,Tulu-Dtatset-V2,aha,train,65d70a0486d50164aeedd74e6dd2f38de05c3cb95f3a5580f6c7ed752c57dad6,363.0,351.0,RGBA,aha_78.png,.png
/home/manvith/Desktop/Projects/Tulu Dataset/Tulu-Dtatset-V2/aha/aha_3.png,Tulu-Dtatset-V2,aha,train,0744984b181cd437e38a32bde9b380232e75340c242c1fac3e3ab322df6ca1bd,354.0,356.0,RGBA,aha_3.png,.png
/home/manvith/Desktop/Projects/Tulu Dataset/Tulu-Dtatset-V2/aha/aha_79.png,Tulu-Dtatset-V2,aha,train,f2c82172988a9375cee235c3cde0096ed755b08c3f11ac50025cf7182ef172cb,363.0,351.0,RGBA,aha_79.png,.png
/home/manvith/Desktop/Projects/Tulu Dataset/Tulu-Dtatset-V2/aha/aha_40.png,Tulu-Dtatset-V2,aha,train,784758af5c5a9de7469f0112e72dcdc9659bb88ecbe71bf9dfe1af199ef524f6,358.0,357.0,RGBA,aha_40.png,.png
/home/manvith/Desktop/Projects/Tulu Dataset/Tulu-Dtatset-V2/aha/aha_61.png,Tulu-Dtatset-V2,aha,train,43fba34bff0dc288b578b75780a11a21f4a91fdcab80e0b69ff8da4adc578668,361.0,357.0,RGBA,aha_61.png,.png
/home/manvith/Desktop/Projects/Tulu Dataset/Tulu-Dtatset-V2/aha/aha_15.png,Tulu-Dtatset-V2,aha,train,bf1f799f3e40a105adfcd334e1ad04b6e8ac474028b37c9cc153602d3d4e6d8c,362.0,347.0,RGBA,aha_15.png,.png
/home/manvith/Desktop/Projects/Tulu Dataset/Tulu-Dtatset-V2/aha/aha_97.png,Tulu-Dtatset-V2,aha,train,2e611de16f335d5478ffe2865a614dff8aa3edc4f09cf2afa6697cf19244af22,370.0,357.0,RGBA,aha_97.png,.png
/home/manvith/Desktop/Projects/Tulu Dataset/Tulu-Dtatset-V2/aha/aha_45.png,Tulu-Dtatset-V2,aha,train,fed32bed9ed6f421d21fb49113ce7172860cc0629a6f9d75fc4020be228e6da1,358.0,357.0,RGBA,aha_45.png,.png
/home/manvith/Desktop/Projects/Tulu Dataset/Tulu-Dtatset-V2/aha/aha_39.png,Tulu-Dtatset-V2,aha,train,41e90140232716c99d4b19b268b5b8138a4274930acbb620d2b3dab2a6f0e273,358.0,357.0,RGBA,aha_39.png,.png
/home/manvith/Desktop/Projects/Tulu Dataset/Tulu-Dtatset-V2/aha/aha_64.png,Tulu-Dtatset-V2,aha,train,ab17e3f4be3722c475582f0f7014cdd40faac731e5cb4406e2ffb68aaae4808d,361.0,357.0,RGBA,aha_64.png,.png
/home/manvith/Desktop/Projects/Tulu Dataset/Tulu-Dtatset-V2/aha/aha_81.png,Tulu-Dtatset-V2,aha,train,f6b2af08f2bff4a17f6fa00adb173c8ac9e0fa08a2f0aaa342ec38d99fa22db0,363.0,351.0,RGBA,aha_81.png,.png
/home/manvith/Desktop/Projects/Tulu Dataset/Tulu-Dtatset-V2/aha/aha_41.png,Tulu-Dtatset-V2,aha,train,1b01f16cfac1ca4d7423db64107a1308acec056b1df6036b636ee49f9f7c72db,358.0,357.0,RGBA,aha_41.png,.png
/home/manvith/Desktop/Projects/Tulu Dataset/Tulu-Dtatset-V2/aha/aha_60.png,Tulu-Dtatset-V2,aha,train,705011e3eaff60133847157a7e40c11b0613defb20f5205308fa67bebb932d6f,361.0,357.0,RGBA,aha_60.png,.png
/home/manvith/Desktop/Projects/Tulu Dataset/Tulu-Dtatset-V2/aha/aha_93.png,Tulu-Dtatset-V2,aha,train,ffe6e804c9f1b5c9158e13960d13aa1ade59449bba420497cedf16d7a15da897,370.0,357.0,RGBA,aha_93.png,.png
/home/manvith/Desktop/Projects/Tulu Dataset/Tulu-Dtatset-V2/aha/aha_66.png,Tulu-Dtatset-V2,aha,train,5fd6f29fbd770e54a693e2480170afd29558e0921cc07610e3c09dca9041eb84,358.0,357.0,RGBA,aha_66.png,.png
/home/manvith/Desktop/Projects/Tulu Dataset/Tulu-Dtatset-V2/aha/aha_4.png,Tulu-Dtatset-V2,aha,train,93b3c42f43358ff1053345ef72e408fe49f9680bad88c8f55098729941e4f6d3,360.0,342.0,RGBA,aha_4.png,.png
/home/manvith/Desktop/Projects/Tulu Dataset/Tulu-Dtatset-V2/aha/aha_84.png,Tulu-Dtatset-V2,aha,train,08e86f894995c92d1b795f25767e42605a1145e4b37ac4cc1b9e82748aa307bb,363.0,351.0,RGBA,aha_84.png,.png
/home/manvith/Desktop/Projects/Tulu Dataset/Tulu-Dtatset-V2/aha/aha_98.png,Tulu-Dtatset-V2,aha,train,6c69e6744e66fc5c72dd8287a6fee4b8a427d74be5f591fc7ec36d62ce6ba96f,370.0,357.0,RGBA,aha_98.png,.png
/home/manvith/Desktop/Projects/Tulu Dataset/Tulu-Dtatset-V2/aha/aha_63.png,Tulu-Dtatset-V2,aha,train,f90f5bd3a882cde9bef52da97e63cb6070cf32f477d79f3f231180f7eaf5f8bb,361.0,357.0,RGBA,aha_63.png,.png
/home/manvith/Desktop/Projects/Tulu Dataset/Tulu-Dtatset-V2/aha/aha_19.png,Tulu-Dtatset-V2,aha,train,aec695fb7b9f7117078673955a2536e69fe0d0d89c782c312e88e8ac52c65be0,358.0,357.0,RGBA,aha_19.png,.png
/home/manvith/Desktop/Projects/Tulu Dataset/Tulu-Dtatset-V2/aha/aha_77.png,Tulu-Dtatset-V2,aha,train,b80eb2432f11a9ec1488a6e3007f6940099bc683dfe47eadf26aa51f36828367,363.0,351.0,RGBA,aha_77.png,.png
/home/manvith/Desktop/Projects/Tulu Dataset/Tulu-Dtatset-V2/aha/aha_57.png,Tulu-Dtatset-V2,aha,train,64923cc3dacb182672bdb52f517e3f85f879eaacfeff321a6fc4fe53f8dd136a,361.0,357.0,RGBA,aha_57.png,.png
/home/manvith/Desktop/Projects/Tulu Dataset/Tulu-Dtatset-V2/aha/aha_34.png,Tulu-Dtatset-V2,aha,train,2bdd086db3719d17f8afcefcf17dc95392ec602933c8cc58edc742939c2e7664,358.0,357.0,RGBA,aha_34.png,.png
/home/manvith/Desktop/Projects/Tulu Dataset/Tulu-Dtatset-V2/aha/aha_46.png,Tulu-Dtatset-V2,aha,train,c0dba4b660291d7d131ae5ad3e91e4d42bf9067b4a56db091b919f935de534d9,358.0,357.0,RGBA,aha_46.png,.png
/home/manvith/Desktop/Projects/Tulu Dataset/Tulu-Dtatset-V2/aha/aha_33.png,Tulu-Dtatset-V2,aha,train,91f2c2fd509103d0b84ae24b366467cc39c0fd501e4caf7c94b941438514a2b4,358.0,357.0,RGBA,aha_33.png,.png
/home/manvith/Desktop/Projects/Tulu Dataset/Tulu-Dtatset-V2/aha/aha_86.png,Tulu-Dtatset-V2,aha,train,dcc862d4766fbf8fb9c9062b005b03067b741a098ea8c3a41b2cdc0fbb3fabb8,370.0,357.0,RGBA,aha_86.png,.png
/home/manvith/Desktop/Projects/Tulu Dataset/Tulu-Dtatset-V2/aha/aha_80.png,Tulu-Dtatset-V2,aha,train,30dfe38859659bc8045cd7a4943eba9644b01f3c11f52127a5ee385a7de16cc2,363.0,351.0,RGBA,aha_80.png,.png
/home/manvith/Desktop/Projects/Tulu Dataset/Tulu-Dtatset-V2/aha/aha_16.png,Tulu-Dtatset-V2,aha,train,b3f2718e110057024a2b508096ad17d0ad810af6b66d85662017334cd4aceba7,358.0,357.0,RGBA,aha_16.png,.png
/home/manvith/Desktop/Projects/Tulu Dataset/Tulu-Dtatset-V2/aha/aha_69.png,Tulu-Dtatset-V2,aha,train,030f1a090b387b09287647e522ddc66c2962412837b940120dbf38503d92aa7e,358.0,357.0,RGBA,aha_69.png,.png
/home/manvith/Desktop/Projects/Tulu Dataset/Tulu-Dtatset-V2/aha/aha_1.png,Tulu-Dtatset-V2,aha,train,5afc9b8c76202ff8ed6150972011fe12ac6c297f50ac01acf19c378ccd2306ca,370.0,357.0,RGBA,aha_1.png,.png
/home/manvith/Desktop/Projects/Tulu Dataset/Tulu-Dtatset-V2/aha/aha_53.png,Tulu-Dtatset-V2,aha,train,9131b576116aa6e866243904858aa249d1aa338ed462e6214af70393dec6c476,361.0,357.0,RGBA,aha_53.png,.png
/home/manvith/Desktop/Projects/Tulu Dataset/Tulu-Dtatset-V2/aha/aha_43.png,Tulu-Dtatset-V2,aha,train,921446fc168a3954e4a1934548d3253a0d7ac6056d722bbbbbe6d30f96236bbd,358.0,357.0,RGBA,aha_43.png,.png
/home/manvith/Desktop/Projects/Tulu Dataset/Tulu-Dtatset-V2/aha/aha_82.png,Tulu-Dtatset-V2,aha,train,276d1250c00f5025453e9f8d67b89c6207a89cfbec87bf942b6f2dfe5dd66e0f,363.0,351.0,RGBA,aha_82.png,.png
/home/manvith/Desktop/Projects/Tulu Dataset/Tulu-Dtatset-V2/aha/aha_38.png,Tulu-Dtatset-V2,aha,train,6892482dafd39dc783ce39e9a670c38c930d3019fec5f3cba70be60c461fd458,358.0,357.0,RGBA,aha_38.png,.png
/home/manvith/Desktop/Projects/Tulu Dataset/Tulu-Dtatset-V2/aha/aha_88.png,Tulu-Dtatset-V2,aha,train,cd5135561f6844dfd97eddde63bde99ee13a310ede9bcee9f4632a70d977bfbd,370.0,357.0,RGBA,aha_88.png,.png
/home/manvith/Desktop/Projects/Tulu Dataset/Tulu-Dtatset-V2/aha/aha_42.png,Tulu-Dtatset-V2,aha,train,0c5c036e6137ad2f003a7889a0d9bdf971ef8b4f82609694abddf0aad19e3f73,358.0,357.0,RGBA,aha_42.png,.png
/home/manvith/Desktop/Projects/Tulu Dataset/Tulu-Dtatset-V2/aha/aha_9.png,Tulu-Dtatset-V2,aha,train,e4a86bc746d5bb810551c1fefe5c411721acac35c8e35c7b4308bed60e1c27e9,359.0,356.0,RGBA,aha_9.png,.png
/home/manvith/Desktop/Projects/Tulu Dataset/Tulu-Dtatset-V2/aha/aha_6.png,Tulu-Dtatset-V2,aha,train,0feb219deb8ce547db4cca9a5344a933fc0adb506182e24120d94ada2f78d840,361.0,355.0,RGBA,aha_6.png,.png
/home/manvith/Desktop/Projects/Tulu Dataset/Tulu-Dtatset-V2/aha/aha_28.png,Tulu-Dtatset-V2,aha,train,f8f6e673c91d9e53fe3678e44b1c1405c612c86e1595191a79ee813bda1a8a62,358.0,357.0,RGBA,aha_28.png,.png
/home/manvith/Desktop/Projects/Tulu Dataset/Tulu-Dtatset-V2/aha/aha_31.png,Tulu-Dtatset-V2,aha,train,708d9514db6c5d2622b578251a993e90785d732af0f71a25e9dbc350018c9b40,358.0,357.0,RGBA,aha_31.png,.png
/home/manvith/Desktop/Projects/Tulu Dataset/Tulu-Dtatset-V2/aha/aha_62.png,Tulu-Dtatset-V2,aha,train,04e91f80cc4450429d6755de55fa11f6782a06b1ce07499b441da4b9e1178fb3,361.0,357.0,RGBA,aha_62.png,.png
/home/manvith/Desktop/Projects/Tulu Dataset/Tulu-Dtatset-V2/aha/aha_95.png,Tulu-Dtatset-V2,aha,train,426aea2df1a8293b92d5404ad1b8c8f4aa5f97cb67917043e25d577500fc93aa,370.0,357.0,RGBA,aha_95.png,.png
/home/manvith/Desktop/Projects/Tulu Dataset/Tulu-Dtatset-V2/aha/aha_48.png,Tulu-Dtatset-V2,aha,train,811a6b1f21483077ca56063f703da95116e94445bc47e6e30ed9c12c63943504,358.0,357.0,RGBA,aha_48.png,.png
/home/manvith/Desktop/Projects/Tulu Dataset/Tulu-Dtatset-V2/aha/aha_52.png,Tulu-Dtatset-V2,aha,train,fcbe6fbbae1d460199e40de90620409a0c5350b3937ba465d4fd64633b25cab4,361.0,357.0,RGBA,aha_52.png,.png
/home/manvith/Desktop/Projects/Tulu Dataset/Tulu-Dtatset-V2/aha/aha_75.png,Tulu-Dtatset-V2,aha,train,1004489d1498a7ca20ad5fe9bb3fe567ea1fb59ed456c044f1482307a4e00d5d,358.0,357.0,RGBA,aha_75.png,.png
/home/manvith/Desktop/Projects/Tulu Dataset/Tulu-Dtatset-V2/aha/aha_68.png,Tulu-Dtatset-V2,aha,train,34cd8087d1c07488dbc7a5d5e1f854eb4c0aaa8e3fdeaefb0d990214eb4588c4,358.0,357.0,RGBA,aha_68.png,.png
/home/manvith/Desktop/Projects/Tulu Dataset/Tulu-Dtatset-V2/aha/aha_35.png,Tulu-Dtatset-V2,aha,train,b44cfdbb9c7c398182e4b55e43bad7b7ae0b6801b889c2454d7fe08f1f5014d3,358.0,357.0,RGBA,aha_35.png,.png
/home/manvith/Desktop/Projects/Tulu Dataset/Tulu-Dtatset-V2/aha/aha_2.png,Tulu-Dtatset-V2,aha,train,23d0f1b6949a4920078d010fcffa27b65c77a6b1f903f71eef5c3ef8c52be151,363.0,351.0,RGBA,aha_2.png,.png
/home/manvith/Desktop/Projects/Tulu Dataset/Tulu-Dtatset-V2/aha/aha_94.png,Tulu-Dtatset-V2,aha,train,352bd1a1d969e3a335ffc84ae6b5a9ce210562da74ca0139d3dcae8dab456122,370.0,357.0,RGBA,aha_94.png,.png
/home/manvith/Desktop/Projects/Tulu Dataset/Tulu-Dtatset-V2/aha/aha_87.png,Tulu-Dtatset-V2,aha,train,63c0b9f6123cc6efeb86aa434fa000c0e00ef484a8fdf0c5e6d20f1e83f5c2e9,370.0,357.0,RGBA,aha_87.png,.png
/home/manvith/Desktop/Projects/Tulu Dataset/Tulu-Dtatset-V2/aha/aha_100.png,Tulu-Dtatset-V2,aha,train,c74bdd61162a8fac2c4895b4b27c46efd9ddb7e0c8c62800aaa2e8a865e1e486,370.0,357.0,RGBA,aha_100.png,.png
/home/manvith/Desktop/Projects/Tulu Dataset/Tulu-Dtatset-V2/aha/aha_30.png,Tulu-Dtatset-V2,aha,train,5f72c7637039763e99a0dd280ff2eb75cd4d03b4083df2cc0d70d4c8a031b9d3,358.0,357.0,RGBA,aha_30.png,.png
/home/manvith/Desktop/Projects/Tulu Dataset/Tulu-Dtatset-V2/aha/aha_14.png,Tulu-Dtatset-V2,aha,train,bc29f94d367ee65e6291c527a6930e5a381b7a663a608f8a064c4bf91ade6dbc,363.0,342.0,RGBA,aha_14.png,.png
/home/manvith/Desktop/Projects/Tulu Dataset/Tulu-Dtatset-V2/aha/aha_49.png,Tulu-Dtatset-V2,aha,train,845844c94640449b31e309d3ba0604fe15cccfc75c6f73d6c5b71254c13436e7,358.0,357.0,RGBA,aha_49.png,.png
/home/manvith/Desktop/Projects/Tulu Dataset/Tulu-Dtatset-V2/aha/aha_54.png,Tulu-Dtatset-V2,aha,train,e5949dc0f9437087b5df0eae28a77e26402b44b71f6c8e30787b42e7313005ff,361.0,357.0,RGBA,aha_54.png,.png
/home/manvith/Desktop/Projects/Tulu Dataset/Tulu-Dtatset-V2/aha/aha_18.png,Tulu-Dtatset-V2,aha,train,356c401b60e84f53829c00f37573c9207e8913378122e19f4390b617b42de1de,358.0,357.0,RGBA,aha_18.png,.png
/home/manvith/Desktop/Projects/Tulu Dataset/Tulu-Dtatset-V2/aha/aha_24.png,Tulu-Dtatset-V2,aha,train,5d9b30ca22c7ed77206f746581be9b50b6451406193c61dea5550c35a9b0520f,358.0,357.0,RGBA,aha_24.png,.png
/home/manvith/Desktop/Projects/Tulu Dataset/Tulu-Dtatset-V2/aha/aha_22.png,Tulu-Dtatset-V2,aha,train,14e2c97598e8b0156073f4c33e4eafd809bc6da80af551ab9863fc72a1bbae8a,358.0,357.0,RGBA,aha_22.png,.png
/home/manvith/Desktop/Projects/Tulu Dataset/Tulu-Dtatset-V2/aha/aha_65.png,Tulu-Dtatset-V2,aha,train,ccaa200ef6ec60904b215efda6d9f8d25904ae17df2d3b7bd0305a274e236907,361.0,357.0,RGBA,aha_65.png,.png
/home/manvith/Desktop/Projects/Tulu Dataset/Tulu-Dtatset-V2/aha/aha_92.png,Tulu-Dtatset-V2,aha,train,3a9109697f0cf9e51d7b30d1b2ab37d3df26de37cc4a63fa08f94265d400f233,370.0,357.0,RGBA,aha_92.png,.png
/home/manvith/Desktop/Projects/Tulu Dataset/Tulu-Dtatset-V2/aha/aha_85.png,Tulu-Dtatset-V2,aha,train,11fbf5d00788ce7940ca6bac5509c5f07bc9f4d3840af80eb29ac4d9208defc3,363.0,351.0,RGBA,aha_85.png,.png
/home/manvith/Desktop/Projects/Tulu Dataset/Tulu-Dtatset-V2/aha/aha_67.png,Tulu-Dtatset-V2,aha,train,60c63a6d7b700c9c62eb93cea74b45f7596c86da73e55eece7423c63c30236ec,358.0,357.0,RGBA,aha_67.png,.png
/home/manvith/Desktop/Projects/Tulu Dataset/Tulu-Dtatset-V2/aha/aha_55.png,Tulu-Dtatset-V2,aha,train,c6fc2bd11431a6cc6c99fd12ddab7c9a0030931630067e1cbd4b09d702a13881,361.0,357.0,RGBA,aha_55.png,.png
/home/manvith/Desktop/Projects/Tulu Dataset/Tulu-Dtatset-V2/aha/aha_7.png,Tulu-Dtatset-V2,aha,train,1767b4aee5e234091b5c1abc7629c21fb697c78db6785f9e4dbb3d0d606fdd7e,365.0,350.0,RGBA,aha_7.png,.png
/home/manvith/Desktop/Projects/Tulu Dataset/Tulu-Dtatset-V2/aha/aha_47.png,Tulu-Dtatset-V2,aha,train,740f5cb37d071a9ef1f4a087dc1578d4b474698948c6ee138ddfb3cd4f150c47,358.0,357.0,RGBA,aha_47.png,.png
/home/manvith/Desktop/Projects/Tulu Dataset/Tulu-Dtatset-V2/aha/aha_70.png,Tulu-Dtatset-V2,aha,train,04f8af6fb437c473fe985c73a3f7702163662d4b1176e2960d55558519c7801a,358.0,357.0,RGBA,aha_70.png,.png
/home/manvith/Desktop/Projects/Tulu Dataset/Tulu-Dtatset-V2/aha/aha_11.png,Tulu-Dtatset-V2,aha,train,6aefebeb7aeaf7b1c1e80c94381f3c89fde58e24336b4c747fe8f10f64fa7d5e,357.0,353.0,RGBA,aha_11.png,.png
/home/manvith/Desktop/Projects/Tulu Dataset/Tulu-Dtatset-V2/aha/aha_74.png,Tulu-Dtatset-V2,aha,train,d48a739e3f6a0bce6e6809c6b688774eb8c84c34f300c6d0c5787b4078240722,358.0,357.0,RGBA,aha_74.png,.png
/home/manvith/Desktop/Projects/Tulu Dataset/Tulu-Dtatset-V2/aha/aha_29.png,Tulu-Dtatset-V2,aha,train,cc27b052ea8eaf700966bfd37995a144ec95c56a5450aaab5984fc4786f6b97f,358.0,357.0,RGBA,aha_29.png,.png
/home/manvith/Desktop/Projects/Tulu Dataset/Tulu-Dtatset-V2/aha/aha_27.png,Tulu-Dtatset-V2,aha,train,689734665f0aa786d450025302d15c437abd7704c5962b16dd285318de7a7fac,358.0,357.0,RGBA,aha_27.png,.png
/home/manvith/Desktop/Projects/Tulu Dataset/Tulu-Dtatset-V2/aha/aha_36.png,Tulu-Dtatset-V2,aha,train,3ea3fe803d96536afad1a1d9065c793ae2866775db697cb9f8d633bd47101dba,358.0,357.0,RGBA,aha_36.png,.png
/home/manvith/Desktop/Projects/Tulu Dataset/Tulu-Dtatset-V2/aha/aha_91.png,Tulu-Dtatset-V2,aha,train,fc1c7341b96f1f2b98dadb247353965035eed0b93bbd9551c02605aff9c35491,370.0,357.0,RGBA,aha_91.png,.png
/home/manvith/Desktop/Projects/Tulu Dataset/Tulu-Dtatset-V2/aha/aha_56.png,Tulu-Dtatset-V2,aha,train,1a690b50543ce03b0714c7d651a7f340911abee2e272cbc162d120994e0ca505,361.0,357.0,RGBA,aha_56.png,.png
/home/manvith/Desktop/Projects/Tulu Dataset/Tulu-Dtatset-V2/aha/aha_96.png,Tulu-Dtatset-V2,aha,train,06bad1953346ed5d5b972052da1eb1a98851f08c43a1f4e73f74882f494034b3,370.0,357.0,RGBA,aha_96.png,.png
/home/manvith/Desktop/Projects/Tulu Dataset/Tulu-Dtatset-V2/aha/aha_8.png,Tulu-Dtatset-V2,aha,train,2d7b4bda93c5e59398d2e3cf99377c53595513f8128bfde935e0299e06ed05d9,362.0,341.0,RGBA,aha_8.png,.png
/home/manvith/Desktop/Projects/Tulu Dataset/Tulu-Dtatset-V2/aha/aha_20.png,Tulu-Dtatset-V2,aha,train,4d312645b8f54f2fde2ecd30b5d22709ebff46a34289e467f2a36346cc08c177,358.0,357.0,RGBA,aha_20.png,.png
/home/manvith/Desktop/Projects/Tulu Dataset/Tulu-Dtatset-V2/aha/aha_37.png,Tulu-Dtatset-V2,aha,train,c264c17ef491fe013d503983ca09305149d40238e59ef4f94a810d4564be4c90,358.0,357.0,RGBA,aha_37.png,.png
/home/manvith/Desktop/Projects/Tulu Dataset/Tulu-Dtatset-V2/aha/aha_32.png,Tulu-Dtatset-V2,aha,train,890bcad69cdbf9931eeef5225b86377de78028a4c4b5a64173428a169b622f07,358.0,357.0,RGBA,aha_32.png,.png
/home/manvith/Desktop/Projects/Tulu Dataset/Tulu-Dtatset-V2/aha/aha_5.png,Tulu-Dtatset-V2,aha,train,83a8343ba75fdfbbe233c741594619ed44506550754d97a242d8269fa4270228,358.0,357.0,RGBA,aha_5.png,.png
/home/manvith/Desktop/Projects/Tulu Dataset/Tulu-Dtatset-V2/aha/aha_83.png,Tulu-Dtatset-V2,aha,train,1129c404c31a80b930f75dcc4929b23b0829872826d4547a0e2eff4a4bfe471b,363.0,351.0,RGBA,aha_83.png,.png
/home/manvith/Desktop/Projects/Tulu Dataset/Tulu-Dtatset-V2/am/am_51.png,Tulu-Dtatset-V2,am,train,1569370f8a2526f558175105a947d18caa6e569c0503309ca2c2449e4c86f069,361.0,355.0,RGBA,am_51.png,.png
/home/manvith/Desktop/Projects/Tulu Dataset/Tulu-Dtatset-V2/am/am_65.png,Tulu-Dtatset-V2,am,train,be16a0681285cb7d95a37cda32cb816af2459c91049597ad429588e85ba065ed,361.0,355.0,RGBA,am_65.png,.png
/home/manvith/Desktop/Projects/Tulu Dataset/Tulu-Dtatset-V2/am/am_5.png,Tulu-Dtatset-V2,am,train,2d03550e305474287d74040e9dc0ba91c0352bb9259afc249b3ba76dfd2cda09,361.0,355.0,RGBA,am_5.png,.png
/home/manvith/Desktop/Projects/Tulu Dataset/Tulu-Dtatset-V2/am/am_61.png,Tulu-Dtatset-V2,am,train,4611c7c008c1550a7abd6f4d0fefa374afd20fbcc20b821e915b3763643b5060,361.0,355.0,RGBA,am_61.png,.png
/home/manvith/Desktop/Projects/Tulu Dataset/Tulu-Dtatset-V2/am/am_83.png,Tulu-Dtatset-V2,am,train,f4054e4bcc5fd7aa05864227eb1ce9103c38c7ab1d09f4db81771879c0205ec5,369.0,357.0,RGBA,am_83.png,.png
/home/manvith/Desktop/Projects/Tulu Dataset/Tulu-Dtatset-V2/am/am_70.png,Tulu-Dtatset-V2,am,train,0ee39be6a480b08d8a7cb2a8ccac5c35532abe73965c60ccb329d0b846b91921,361.0,355.0,RGBA,am_70.png,.png
/home/manvith/Desktop/Projects/Tulu Dataset/Tulu-Dtatset-V2/am/am_8.png,Tulu-Dtatset-V2,am,train,ffcf3589f0065c95d6b54d7492deb1c0f7e47ea33887e29aa4529e61b788cdd2,368.0,341.0,RGBA,am_8.png,.png
/home/manvith/Desktop/Projects/Tulu Dataset/Tulu-Dtatset-V2/am/am_74.png,Tulu-Dtatset-V2,am,train,b58a4bee3e021de1b5b64ad59e9dddc71c89fb25988e20496d2e4d8f0d635351,369.0,357.0,RGBA,am_74.png,.png
/home/manvith/Desktop/Projects/Tulu Dataset/Tulu-Dtatset-V2/am/am_40.png,Tulu-Dtatset-V2,am,train,d224c79f89864d68daa87a52155e001723db292b3d0c612024be1225218d8af2,361.0,355.0,RGBA,am_40.png,.png
/home/manvith/Desktop/Projects/Tulu Dataset/Tulu-Dtatset-V2/am/am_82.png,Tulu-Dtatset-V2,am,train,8f80fb0b0c1d69fa7f9fa943ca0ca58fb867ffb6c1c5d199c2c36d9f4c4caaf3,369.0,357.0,RGBA,am_82.png,.png
/home/manvith/Desktop/Projects/Tulu Dataset/Tulu-Dtatset-V2/am/am_17.png,Tulu-Dtatset-V2,am,train,7d7f0676243997a8e59949a58f1096a0edd23ca10e084219a9a0d424830bdf0d,367.0,336.0,RGBA,am_17.png,.png
/home/manvith/Desktop/Projects/Tulu Dataset/Tulu-Dtatset-V2/am/am_2.png,Tulu-Dtatset-V2,am,train,f200fbaf3e80e1cb8081f33fb98f4288de959183ed37c2b3679c30653677f88d,364.0,350.0,RGBA,am_2.png,.png
/home/manvith/Desktop/Projects/Tulu Dataset/Tulu-Dtatset-V2/am/am_4.png,Tulu-Dtatset-V2,am,train,cd7b41c58ed8cda6dbbda2d7e0a6f145b5c7244fee71458c74904b7f2f6d3356,355.0,341.0,RGBA,am_4.png,.png
/home/manvith/Desktop/Projects/Tulu Dataset/Tulu-Dtatset-V2/am/am_28.png,Tulu-Dtatset-V2,am,train,52ebb6faec260ecf26dd6cff2b640ba7f0a401c1c78c052890f88c3e251535d7,367.0,336.0,RGBA,am_28.png,.png
/home/manvith/Desktop/Projects/Tulu Dataset/Tulu-Dtatset-V2/am/am_78.png,Tulu-Dtatset-V2,am,train,30d5bdf2bb4c90310735e12fd60244a87ac469281a06dd1d7265b921ef486ec5,369.0,357.0,RGBA,am_78.png,.png
/home/manvith/Desktop/Projects/Tulu Dataset/Tulu-Dtatset-V2/am/am_67.png,Tulu-Dtatset-V2,am,train,c4022f7eaef1f43746b1ae182b37f4144110995667b0f868831f8081fdc70a97,361.0,355.0,RGBA,am_67.png,.png
/home/manvith/Desktop/Projects/Tulu Dataset/Tulu-Dtatset-V2/am/am_66.png,Tulu-Dtatset-V2,am,train,ecf5832010e7b003ee94aafed1a0e4c34209f803905d774da5467f19cf85a2df,361.0,355.0,RGBA,am_66.png,.png
/home/manvith/Desktop/Projects/Tulu Dataset/Tulu-Dtatset-V2/am/am_7.png,Tulu-Dtatset-V2,am,train,15439265b357906bf318198ace786eb9a9875349e4d5a837fa5ec64df3e3ee66,366.0,349.0,RGBA,am_7.png,.png
/home/manvith/Desktop/Projects/Tulu Dataset/Tulu-Dtatset-V2/am/am_30.png,Tulu-Dtatset-V2,am,train,94d500ffbb2a0f83b6bacc575598e7f855cffa4269b126dbcba50108a4a117e6,367.0,336.0,RGBA,am_30.png,.png
/home/manvith/Desktop/Projects/Tulu Dataset/Tulu-Dtatset-V2/am/am_12.png,Tulu-Dtatset-V2,am,train,37cc01f5be33074d4fcce157759ecb95dc03607738ed836e20a69d0a23e7a115,365.0,336.0,RGBA,am_12.png,.png
/home/manvith/Desktop/Projects/Tulu Dataset/Tulu-Dtatset-V2/am/am_35.png,Tulu-Dtatset-V2,am,train,390c6d9d52599f3b501e4881676e8dbcd0c6cf4cee266823a20a410f13b60e59,361.0,355.0,RGBA,am_35.png,.png
/home/manvith/Desktop/Projects/Tulu Dataset/Tulu-Dtatset-V2/am/am_25.png,Tulu-Dtatset-V2,am,train,d600d9efa384195b5ab6b02c273e6b4b1f780c53c39a53143fc798dfc99e7610,367.0,336.0,RGBA,am_25.png,.png
/home/manvith/Desktop/Projects/Tulu Dataset/Tulu-Dtatset-V2/am/am_52.png,Tulu-Dtatset-V2,am,train,a657acb8acdc63a92c69eee19d38eda481a9259712b6fad112163eb03a139dab,361.0,355.0,RGBA,am_52.png,.png
/home/manvith/Desktop/Projects/Tulu Dataset/Tulu-Dtatset-V2/am/am_55.png,Tulu-Dtatset-V2,am,train,cecf594d2d843d2922935bf2b1c5ed905b8db41219a2431cce78b5a15f69b259,361.0,355.0,RGBA,am_55.png,.png
/home/manvith/Desktop/Projects/Tulu Dataset/Tulu-Dtatset-V2/am/am_88.png,Tulu-Dtatset-V2,am,train,045b1a7488b103f06dd9580bf7b47d8cd233aa888cece2e4584295a9152f0209,369.0,357.0,RGBA,am_88.png,.png
/home/manvith/Desktop/Projects/Tulu Dataset/Tulu-Dtatset-V2/am/am_84.png,Tulu-Dtatset-V2,am,train,eee55de873bcbb8fe631b1a752c323a0e9348830d6575465d6292e2c2adb10f8,369.0,357.0,RGBA,am_84.png,.png
/home/manvith/Desktop/Projects/Tulu Dataset/Tulu-Dtatset-V2/am/am_41.png,Tulu-Dtatset-V2,am,train,eb7a5e3bc726b5b4c816a66feb5a3e3c0078f66a45d5e76ab9f4d257ca5e6a9a,361.0,355.0,RGBA,am_41.png,.png
/home/manvith/Desktop/Projects/Tulu Dataset/Tulu-Dtatset-V2/am/am_71.png,Tulu-Dtatset-V2,am,train,da64f7d0fc2a04c2179b484a1e2a4035cffebbc928b01ca0836b58e91cc53e72,369.0,357.0,RGBA,am_71.png,.png
/home/manvith/Desktop/Projects/Tulu Dataset/Tulu-Dtatset-V2/am/am_16.png,Tulu-Dtatset-V2,am,train,34502a4ace720c535ee8fee44d9ce84211f91b18df873a13bcb29e9e76366bd1,367.0,336.0,RGBA,am_16.png,.png
/home/manvith/Desktop/Projects/Tulu Dataset/Tulu-Dtatset-V2/am/am_21.png,Tulu-Dtatset-V2,am,train,38ea7064053504c678725f08038930b65145b8018f696a07ee29d8de7eae1366,367.0,336.0,RGBA,am_21.png,.png
/home/manvith/Desktop/Projects/Tulu Dataset/Tulu-Dtatset-V2/am/am_9.png,Tulu-Dtatset-V2,am,train,e0144ec27e55f483ebef603951562ac2c3361464dc35270765005c8c4d99cb8a,361.0,356.0,RGBA,am_9.png,.png
/home/manvith/Desktop/Projects/Tulu Dataset/Tulu-Dtatset-V2/am/am_15.png,Tulu-Dtatset-V2,am,train,dbcf383df019589376d9183f7a19f1746819597a8340195428163a00f0e7199f,364.0,348.0,RGBA,am_15.png,.png
/home/manvith/Desktop/Projects/Tulu Dataset/Tulu-Dtatset-V2/am/am_79.png,Tulu-Dtatset-V2,am,train,b221f41f81200cbdb0e540485fe24491963e1095145653a8f64568238a5784c7,369.0,357.0,RGBA,am_79.png,.png
/home/manvith/Desktop/Projects/Tulu Dataset/Tulu-Dtatset-V2/am/am_59.png,Tulu-Dtatset-V2,am,train,27d32b877919277bae8c1ad63cff1c973cc39a3467c67ca30f5b01113eca7e08,361.0,355.0,RGBA,am_59.png,.png
/home/manvith/Desktop/Projects/Tulu Dataset/Tulu-Dtatset-V2/am/am_50.png,Tulu-Dtatset-V2,am,train,1b4bac6d0988d82d2d8395d5e5a3309f3f09c677ef7a5a34dc2dc9134aed9e51,361.0,355.0,RGBA,am_50.png,.png
/home/manvith/Desktop/Projects/Tulu Dataset/Tulu-Dtatset-V2/am/am_32.png,Tulu-Dtatset-V2,am,train,e4bd8b1d38a1fab1c7a6620d679b5cf3b2d9c58e093a2487412aac5172e6a382,361.0,355.0,RGBA,am_32.png,.png
/home/manvith/Desktop/Projects/Tulu Dataset/Tulu-Dtatset-V2/am/am_38.png,Tulu-Dtatset-V2,am,train,6bb2a9961d4a5e2410c180c5b329a0b4792b1fe7f9b864f7a0ca10ac3f5beee7,361.0,355.0,RGBA,am_38.png,.png
/home/manvith/Desktop/Projects/Tulu Dataset/Tulu-Dtatset-V2/am/am_97.png,Tulu-Dtatset-V2,am,train,35e325a13290f560c72867abea880411826e5902e074c92ac0f040758b2412a3,369.0,357.0,RGBA,am_97.png,.png
/home/manvith/Desktop/Projects/Tulu Dataset/Tulu-Dtatset-V2/am/am_54.png,Tulu-Dtatset-V2,am,train,89065d59f2b65c7157c7aeb0493d4fcb4d3d19abc055332016ba503b76849514,361.0,355.0,RGBA,am_54.png,.png
/home/manvith/Desktop/Projects/Tulu Dataset/Tulu-Dtatset-V2/am/am_77.png,Tulu-Dtatset-V2,am,train,be77920bf5b5be70d12ccda4581dd2273aefecf4621f768658eb5e5ce3ec84be,369.0,357.0,RGBA,am_77.png,.png
/home/manvith/Desktop/Projects/Tulu Dataset/Tulu-Dtatset-V2/am/am_76.png,Tulu-Dtatset-V2,am,train,22bcfc29029bd2127d5b5a14c53687e117cab2f04521bb74765a748cee2ff76e,369.0,357.0,RGBA,am_76.png,.png
/home/manvith/Desktop/Projects/Tulu Dataset/Tulu-Dtatset-V2/am/am_36.png,Tulu-Dtatset-V2,am,train,0717c512654f944dcf2fdb53b654c25eb228170c1b825dda6e2fa178a49b8c6f,361.0,355.0,RGBA,am_36.png,.png
/home/manvith/Desktop/Projects/Tulu Dataset/Tulu-Dtatset-V2/am/am_13.png,Tulu-Dtatset-V2,am,train,d4b1d562a05c486f7ad07f8df9f58a5941df81d2e2fb7324e8ff5bc4c07e458f,357.0,357.0,RGBA,am_13.png,.png
/home/manvith/Desktop/Projects/Tulu Dataset/Tulu-Dtatset-V2/am/am_62.png,Tulu-Dtatset-V2,am,train,a0b5c4ce7bc92f56cf48d652faceb50d3f23c90a3fec8c1bc9cc9f2f25e001da,361.0,355.0,RGBA,am_62.png,.png
/home/manvith/Desktop/Projects/Tulu Dataset/Tulu-Dtatset-V2/am/am_37.png,Tulu-Dtatset-V2,am,train,04ce387e5d72b940bc178a906542ebea5c63cd8ca0463ae6514fda1644c0ab8c,361.0,355.0,RGBA,am_37.png,.png
/home/manvith/Desktop/Projects/Tulu Dataset/Tulu-Dtatset-V2/am/am_99.png,Tulu-Dtatset-V2,am,train,fd963cedc681bde6bdd1e6434bf0fad4bd4908a58fe08534e336d5029f027bc2,369.0,357.0,RGBA,am_99.png,.png
/home/manvith/Desktop/Projects/Tulu Dataset/Tulu-Dtatset-V2/am/am_100.png,Tulu-Dtatset-V2,am,train,586a533b64dad796264e1db5a3eacdb1a9349f0cf9be78eaef88e9273608c78d,369.0,357.0,RGBA,am_100.png,.png
/home/manvith/Desktop/Projects/Tulu Dataset/Tulu-Dtatset-V2/am/am_10.png,Tulu-Dtatset-V2,am,train,e9b69fcc7df81ccc7203294b1d8b0e5e3591968bd37506fd59af78fcaeb81371,369.0,357.0,RGBA,am_10.png,.png
/home/manvith/Desktop/Projects/Tulu Dataset/Tulu-Dtatset-V2/am/am_18.png,Tulu-Dtatset-V2,am,train,c91b20e2409afda127a6376288640cd687ea783c6b98032104cd8f49ed094739,367.0,336.0,RGBA,am_18.png,.png
/home/manvith/Desktop/Projects/Tulu Dataset/Tulu-Dtatset-V2/am/am_20.png,Tulu-Dtatset-V2,am,train,adf490e89e5374856371272120a056982134f37f2c0bf9177c69a3dec5c79ee2,367.0,336.0,RGBA,am_20.png,.png
/home/manvith/Desktop/Projects/Tulu Dataset/Tulu-Dtatset-V2/am/am_22.png,Tulu-Dtatset-V2,am,train,06119747823393f2d0be14b8cdb80e2b31c21a7aba70d5b94abdfbbda6ea57de,367.0,336.0,RGBA,am_22.png,.png
/home/manvith/Desktop/Projects/Tulu Dataset/Tulu-Dtatset-V2/am/am_27.png,Tulu-Dtatset-V2,am,train,a1dda0c638727fbe55def06ceb89ee03ea8d97ba49bb408d076f9ebe5e5956e4,367.0,336.0,RGBA,am_27.png,.png
/home/manvith/Desktop/Projects/Tulu Dataset/Tulu-Dtatset-V2/am/am_49.png,Tulu-Dtatset-V2,am,train,deecb356cde3143b645e0d7cf6adc2898c9635cf75e35ee4827a8357d336f016,361.0,355.0,RGBA,am_49.png,.png
/home/manvith/Desktop/Projects/Tulu Dataset/Tulu-Dtatset-V2/am/am_98.png,Tulu-Dtatset-V2,am,train,fa0d624442a71d7be8edeb78fd3c71d225f5ebac22359a39418f9cbfe8892dd6,369.0,357.0,RGBA,am_98.png,.png
/home/manvith/Desktop/Projects/Tulu Dataset/Tulu-Dtatset-V2/am/am_85.png,Tulu-Dtatset-V2,am,train,c8f767e5568648c52f0936e6da8454da55197953b0e5136c01418d8750f88137,369.0,357.0,RGBA,am_85.png,.png
/home/manvith/Desktop/Projects/Tulu Dataset/Tulu-Dtatset-V2/am/am_92.png,Tulu-Dtatset-V2,am,train,188903c5589ef2c2faca47c1995014be445b1a2367bf9d559f7c2a3cd2deba1b,369.0,357.0,RGBA,am_92.png,.png
/home/manvith/Desktop/Projects/Tulu Dataset/Tulu-Dtatset-V2/am/am_14.png,Tulu-Dtatset-V2,am,train,026788f8aa4fd4f339edcec888f08ca6fc95dc9148a350e9f45d7fee18ebadf0,361.0,340.0,RGBA,am_14.png,.png
/home/manvith/Desktop/Projects/Tulu Dataset/Tulu-Dtatset-V2/am/am_95.png,Tulu-Dtatset-V2,am,train,9487419aa66a349ee4dd5b38223a55f6f846fb86d0815cdd9af7ef54650c37c2,369.0,357.0,RGBA,am_95.png,.png
/home/manvith/Desktop/Projects/Tulu Dataset/Tulu-Dtatset-V2/am/am_94.png,Tulu-Dtatset-V2,am,train,00002977c37448f4e9e2bdedfe8175c5533376961bf28e1127d8aab69632bcb1,369.0,357.0,RGBA,am_94.png,.png
/home/manvith/Desktop/Projects/Tulu Dataset/Tulu-Dtatset-V2/am/am_46.png,Tulu-Dtatset-V2,am,train,ccff3157cfaa2daecf61121a3408ab3b8bb7430c87f87ace0ea13784a6824796,361.0,355.0,RGBA,am_46.png,.png
/home/manvith/Desktop/Projects/Tulu Dataset/Tulu-Dtatset-V2/am/am_48.png,Tulu-Dtatset-V2,am,train,e07657b24f27bea17c417bb2baac879d5601bf7f7777d8cd542011661e37bed6,361.0,355.0,RGBA,am_48.png,.png
/home/manvith/Desktop/Projects/Tulu Dataset/Tulu-Dtatset-V2/am/am_39.png,Tulu-Dtatset-V2,am,train,0ebc7c440ad2b01fb4c458aaf1d1d7c7611464b01fecb2e38b54397f2b233773,361.0,355.0,RGBA,am_39.png,.png
/home/manvith/Desktop/Projects/Tulu Dataset/Tulu-Dtatset-V2/am/am_26.png,Tulu-Dtatset-V2,am,train,ba0109053755edb8f15f3b0e6413682cc6cafe4a9ef6f127f29b9f0349a935c9,367.0,336.0,RGBA,am_26.png,.png
/home/manvith/Desktop/Projects/Tulu Dataset/Tulu-Dtatset-V2/am/am_19.png,Tulu-Dtatset-V2,am,train,c4c035e0d4608aa7792fb00660ba7f82dc9850ead955627e893df93101ee3d2a,367.0,336.0,RGBA,am_19.png,.png
/home/manvith/Desktop/Projects/Tulu Dataset/Tulu-Dtatset-V2/am/am_29.png,Tulu-Dtatset-V2,am,train,f080981d62548862dbdc67617de3d80504267f144d0540eabef4fe59872ab8e6,367.0,336.0,RGBA,am_29.png,.png
/home/manvith/Desktop/Projects/Tulu Dataset/Tulu-Dtatset-V2/am/am_64.png,Tulu-Dtatset-V2,am,train,d6f3fb0e550cafb4310dd928090dff580d622df6d68e8e45268342d6ea3534c5,361.0,355.0,RGBA,am_64.png,.png
/home/manvith/Desktop/Projects/Tulu Dataset/Tulu-Dtatset-V2/am/am_69.png,Tulu-Dtatset-V2,am,train,d90cbed3bb706af2c7d708f76db9a3c0ed0ca937e33777425f63068f1d1f7fb5,361.0,355.0,RGBA,am_69.png,.png
/home/manvith/Desktop/Projects/Tulu Dataset/Tulu-Dtatset-V2/am/am_34.png,Tulu-Dtatset-V2,am,train,30e61a0610c081815d0da2332a12db71aeb400870dd31e6b2d982f378c18fd11,361.0,355.0,RGBA,am_34.png,.png
/home/manvith/Desktop/Projects/Tulu Dataset/Tulu-Dtatset-V2/am/am_72.png,Tulu-Dtatset-V2,am,train,8a5d2be1f3027a9bb92d5ca8dd04fdf62355b424fa352ef599f229e33bb68683,369.0,357.0,RGBA,am_72.png,.png
/home/manvith/Desktop/Projects/Tulu Dataset/Tulu-Dtatset-V2/am/am_60.png,Tulu-Dtatset-V2,am,train,1d16702940e4188f529de41cdcdda08a84bdce7f189b0f874ff5c81121cbccb1,361.0,355.0,RGBA,am_60.png,.png
/home/manvith/Desktop/Projects/Tulu Dataset/Tulu-Dtatset-V2/am/am_63.png,Tulu-Dtatset-V2,am,train,5b9d399b19ba89408cc09bbebaf39753282b649498fbd22f6b64ccf190f8a3e4,361.0,355.0,RGBA,am_63.png,.png
/home/manvith/Desktop/Projects/Tulu Dataset/Tulu-Dtatset-V2/am/am_91.png,Tulu-Dtatset-V2,am,train,a1050479c93de5b92a9f8f3b88034290e79add6bebbc14a3de89402107030c00,369.0,357.0,RGBA,am_91.png,.png
/home/manvith/Desktop/Projects/Tulu Dataset/Tulu-Dtatset-V2/am/am_6.png,Tulu-Dtatset-V2,am,train,0cb3f1abcb25a97fb8d92bd757ea312ec05eb3ac290595618e1143f6a7a063f8,361.0,355.0,RGBA,am_6.png,.png
/home/manvith/Desktop/Projects/Tulu Dataset/Tulu-Dtatset-V2/am/am_33.png,Tulu-Dtatset-V2,am,train,5f7b9b408a663c70eb0918e776e83752e0baa3f3b39fc22200cdec7563f043e0,361.0,355.0,RGBA,am_33.png,.png
/home/manvith/Desktop/Projects/Tulu Dataset/Tulu-Dtatset-V2/am/am_42.png,Tulu-Dtatset-V2,am,train,8b3e5b32104020a7630720f0721ea1d7023f81dc2f70a37ef5dec486da6dc408,361.0,355.0,RGBA,am_42.png,.png
/home/manvith/Desktop/Projects/Tulu Dataset/Tulu-Dtatset-V2/am/am_81.png,Tulu-Dtatset-V2,am,train,2fda739cf90b965df139c9de104b26c149b74ff1d77d6b1f1b5709d140cf3a6a,369.0,357.0,RGBA,am_81.png,.png
/home/manvith/Desktop/Projects/Tulu Dataset/Tulu-Dtatset-V2/am/am_1.png,Tulu-Dtatset-V2,am,train,b0da7cdede774f2865210f28941e1187deff939b76aaa2d9054f5c8e30e4df23,367.0,336.0,RGBA,am_1.png,.png
/home/manvith/Desktop/Projects/Tulu Dataset/Tulu-Dtatset-V2/am/am_89.png,Tulu-Dtatset-V2,am,train,824f262eed81e6261e40bc846c6d02be63d5d49dcf8938e4427ecc4de0fa715f,369.0,357.0,RGBA,am_89.png,.png
/home/manvith/Desktop/Projects/Tulu Dataset/Tulu-Dtatset-V2/am/am_90.png,Tulu-Dtatset-V2,am,train,5a6c19a44319f69620f15bfc527e02c20a0633389f25d6a475c1030bda020b35,369.0,357.0,RGBA,am_90.png,.png
/home/manvith/Desktop/Projects/Tulu Dataset/Tulu-Dtatset-V2/ba/ba_46.png,Tulu-Dtatset-V2,ba,train,dc9030ed8f82ba0b1fbd59b99e183bd87d5312091f807ff75081f5c5ebf9f0a1,363.0,352.0,RGBA,ba_46.png,.png
/home/manvith/Desktop/Projects/Tulu Dataset/Tulu-Dtatset-V2/ba/ba_97.png,Tulu-Dtatset-V2,ba,train,82fa969fe354067a75690be5c760f4749703b4568dba6a7871036001094a55dc,365.0,347.0,RGBA,ba_97.png,.png
/home/manvith/Desktop/Projects/Tulu Dataset/Tulu-Dtatset-V2/ba/ba_25.png,Tulu-Dtatset-V2,ba,train,e15e65ed74b0033697a0a7486f1d61d8968df167b05b8d5c601c1b58d0cea6ec,364.0,346.0,RGBA,ba_25.png,.png
/home/manvith/Desktop/Projects/Tulu Dataset/Tulu-Dtatset-V2/ba/ba_9.png,Tulu-Dtatset-V2,ba,train,b4ed67228ebca7adc9183b3c1ae464dc42b01155dbf6a778af4ac43e83448a50,369.0,356.0,RGBA,ba_9.png,.png
/home/manvith/Desktop/Projects/Tulu Dataset/Tulu-Dtatset-V2/ba/ba_67.png,Tulu-Dtatset-V2,ba,train,1ecefccc8374c5f5af6fb7f53dfc31a85f4a529eacd262bc68cf0d2137e56af5,356.0,354.0,RGBA,ba_67.png,.png
/home/manvith/Desktop/Projects/Tulu Dataset/Tulu-Dtatset-V2/ba/ba_91.png,Tulu-Dtatset-V2,ba,train,7a910efb6736309959670fe5fa031315dbbef2fe8ace031063aaff88f9dc6cbb,365.0,347.0,RGBA,ba_91.png,.png
/home/manvith/Desktop/Projects/Tulu Dataset/Tulu-Dtatset-V2/ba/ba_96.png,Tulu-Dtatset-V2,ba,train,70a127f8d032b7f5732cd581b5e49100dcc33e9bbc1265c195cc7e6992d10233,365.0,347.0,RGBA,ba_96.png,.png
/home/manvith/Desktop/Projects/Tulu Dataset/Tulu-Dtatset-V2/ba/ba_11.png,Tulu-Dtatset-V2,ba,train,283d313100fdc36ba39ca8a96f44aae81dfb03d00e03b050645066d7e548eedc,363.0,349.0,RGBA,ba_11.png,.png
/home/manvith/Desktop/Projects/Tulu Dataset/Tulu-Dtatset-V2/ba/ba_54.png,Tulu-Dtatset-V2,ba,train,2c604291d02d6a02e4d6cd183a49ecbf565b1402d0ef02be187f344ace80bab6,363.0,352.0,RGBA,ba_54.png,.png
/home/manvith/Desktop/Projects/Tulu Dataset/Tulu-Dtatset-V2/ba/ba_19.png,Tulu-Dtatset-V2,ba,train,a2a5f0f65d37483824da23462f682bfcfc23dd174b590e71503f66b4623a73b4,364.0,346.0,RGBA,ba_19.png,.png
/home/manvith/Desktop/Projects/Tulu Dataset/Tulu-Dtatset-V2/ba/ba_22.png,Tulu-Dtatset-V2,ba,train,f28b8f9c212afaaabf9a01ac9067400b7cffe6b90a9a96ebc165610b8f980e31,364.0,346.0,RGBA,ba_22.png,.png
/home/manvith/Desktop/Projects/Tulu Dataset/Tulu-Dtatset-V2/ba/ba_66.png,Tulu-Dtatset-V2,ba,train,066c27dcc56f79edc0bb594a104f040464814ee6d514873914dd7773a8194c70,356.0,354.0,RGBA,ba_66.png,.png
/home/manvith/Desktop/Projects/Tulu Dataset/Tulu-Dtatset-V2/ba/ba_72.png,Tulu-Dtatset-V2,ba,train,1d9a71b7a538ae3a2350391c74b7a2c98046ced6fc9b4083b2834ccf3a3542d8,360.0,341.0,RGBA,ba_72.png,.png
/home/manvith/Desktop/Projects/Tulu Dataset/Tulu-Dtatset-V2/ba/ba_59.png,Tulu-Dtatset-V2,ba,train,2f1f40bfb05d108638a6ec28cd73250a45ff25d48bafd3a068166279166c231d,363.0,352.0,RGBA,ba_59.png,.png
/home/manvith/Desktop/Projects/Tulu Dataset/Tulu-Dtatset-V2/ba/ba_23.png,Tulu-Dtatset-V2,ba,train,6a5790f334f3b3ad0ff6b3ed7d7c0dacac14c726c063c15845a61b9c52dad878,364.0,346.0,RGBA,ba_23.png,.png
/home/manvith/Desktop/Projects/Tulu Dataset/Tulu-Dtatset-V2/ba/ba_50.png,Tulu-Dtatset-V2,ba,train,7656c72091540dcfb27c0e7ef146eddc3fda1614f9ecc7a6f61f8e55b9b14f55,363.0,352.0,RGBA,ba_50.png,.png
/home/manvith/Desktop/Projects/Tulu Dataset/Tulu-Dtatset-V2/ba/ba_20.png,Tulu-Dtatset-V2,ba,train,30d1f46a0c40b646f3fe3e5b6abf756a763f41802481e0d2cf7e2f5a18cc6cdc,364.0,346.0,RGBA,ba_20.png,.png
/home/manvith/Desktop/Projects/Tulu Dataset/Tulu-Dtatset-V2/ba/ba_90.png,Tulu-Dtatset-V2,ba,train,d4f28ded567c00975649dd336300886059e6044bd7b819ba794433e8dc5b3163,365.0,347.0,RGBA,ba_90.png,.png
/home/manvith/Desktop/Projects/Tulu Dataset/Tulu-Dtatset-V2/ba/ba_76.png,Tulu-Dtatset-V2,ba,train,9b75aa26acb9f8e23ffed468242aa3216338ddbec33f9370df1e29e27dd82ceb,365.0,347.0,RGBA,ba_76.png,.png
/home/manvith/Desktop/Projects/Tulu Dataset/Tulu-Dtatset-V2/ba/ba_27.png,Tulu-Dtatset-V2,ba,train,4c77962563eae2cca7ff78e40e56c5383009416e7c57818ac81cf4be64229aae,361.0,352.0,RGBA,ba_27.png,.png
/home/manvith/Desktop/Projects/Tulu Dataset/Tulu-Dtatset-V2/ba/ba_3.png,Tulu-Dtatset-V2,ba,train,0432b3d45d71dbb90601b65d7ac5af8e5fae1125c5a720416e61d478b72307fe,349.0,346.0,RGBA,ba_3.png,.png
/home/manvith/Desktop/Projects/Tulu Dataset/Tulu-Dtatset-V2/ba/ba_34.png,Tulu-Dtatset-V2,ba,train,88c22af234b13c699f00c99976dcd5657aa17e42653a0743f76e0386c9f81eb5,361.0,352.0,RGBA,ba_34.png,.png
/home/manvith/Desktop/Projects/Tulu Dataset/Tulu-Dtatset-V2/ba/ba_14.png,Tulu-Dtatset-V2,ba,train,d045d054aeff797ed62e17c8b1d8c7551e479587fd31abb085077f39f116fbd5,356.0,348.0,RGBA,ba_14.png,.png
/home/manvith/Desktop/Projects/Tulu Dataset/Tulu-Dtatset-V2/ba/ba_44.png,Tulu-Dtatset-V2,ba,train,66ce8a6bea199f9d29ed3b2d325395daf6479cbc81213536f9f5d48f587aa789,363.0,352.0,RGBA,ba_44.png,.png
/home/manvith/Desktop/Projects/Tulu Dataset/Tulu-Dtatset-V2/ba/ba_2.png,Tulu-Dtatset-V2,ba,train,b9a119c92b88131b7af8b06f46f3553eda9cffdc3d3d892602a111385db20b91,361.0,355.0,RGBA,ba_2.png,.png
/home/manvith/Desktop/Projects/Tulu Dataset/Tulu-Dtatset-V2/ba/ba_42.png,Tulu-Dtatset-V2,ba,train,85d672ed622dba83f58c8480ec346f96dbe0864e004857351c5575224c9d380c,363.0,352.0,RGBA,ba_42.png,.png
/home/manvith/Desktop/Projects/Tulu Dataset/Tulu-Dtatset-V2/ba/ba_39.png,Tulu-Dtatset-V2,ba,train,4505208dd6420a4d7c3896ff90cd7cdd32c08d5694460415fd2bf0a7c32e48a2,361.0,352.0,RGBA,ba_39.png,.png
/home/manvith/Desktop/Projects/Tulu Dataset/Tulu-Dtatset-V2/ba/ba_38.png,Tulu-Dtatset-V2,ba,train,453ac643aa12c7262260bc03149fc0c4210b9b75623d9ffcafc1779943cafbbb,361.0,352.0,RGBA,ba_38.png,.png
/home/manvith/Desktop/Projects/Tulu Dataset/Tulu-Dtatset-V2/ba/ba_77.png,Tulu-Dtatset-V2,ba,train,4c45b65d11f921e26a1b2d2bfb0626c1760627d3a67a8e16ecc615036095a4be,365.0,347.0,RGBA,ba_77.png,.png
/home/manvith/Desktop/Projects/Tulu Dataset/Tulu-Dtatset-V2/ba/ba_49.png,Tulu-Dtatset-V2,ba,train,7f4c03a61fe914c60444f952a64878053cfb8180d7066d7a83326c2602c16b02,363.0,352.0,RGBA,ba_49.png,.png
/home/manvith/Desktop/Projects/Tulu Dataset/Tulu-Dtatset-V2/ba/ba_12.png,Tulu-Dtatset-V2,ba,train,d9d322113e5734d2403f8f0d459f01b862d1a0c1c022ea6fbe66037634889fd5,360.0,341.0,RGBA,ba_12.png,.png
/home/manvith/Desktop/Projects/Tulu Dataset/Tulu-Dtatset-V2/ba/ba_5.png,Tulu-Dtatset-V2,ba,train,72ed82d6e1842a11d9205f0e10a290eda5358d5cb4995a7a045bdbb99c8240e6,363.0,352.0,RGBA,ba_5.png,.png
/home/manvith/Desktop/Projects/Tulu Dataset/Tulu-Dtatset-V2/ba/ba_13.png,Tulu-Dtatset-V2,ba,train,1277aedeb0373a871e37f59c9b8e0790f868916520b25e109efcc230926cb1d4,365.0,347.0,RGBA,ba_13.png,.png
/home/manvith/Desktop/Projects/Tulu Dataset/Tulu-Dtatset-V2/ba/ba_93.png,Tulu-Dtatset-V2,ba,train,895a451951a89d5b0e2cec7110cb5d0a2d345fa1299c9e27a0cdd212d8d4451a,365.0,347.0,RGBA,ba_93.png,.png
/home/manvith/Desktop/Projects/Tulu Dataset/Tulu-Dtatset-V2/ba/ba_87.png,Tulu-Dtatset-V2,ba,train,cfa8393a316e6313213adc1da0686d1a8a0b66abc6fc9cd8f0086fcd5aaf63fe,365.0,347.0,RGBA,ba_87.png,.png
/home/manvith/Desktop/Projects/Tulu Dataset/Tulu-Dtatset-V2/ba/ba_48.png,Tulu-Dtatset-V2,ba,train,df11b066675e5c277c57c172217f2bc1d9e4eda9824e745df92321e89380655a,363.0,352.0,RGBA,ba_48.png,.png
/home/manvith/Desktop/Projects/Tulu Dataset/Tulu-Dtatset-V2/ba/ba_55.png,Tulu-Dtatset-V2,ba,train,1b07e44a231651b60ee7434956a450b0e852b7c3a8c1d497108ed42d8661978c,363.0,352.0,RGBA,ba_55.png,.png
/home/manvith/Desktop/Projects/Tulu Dataset/Tulu-Dtatset-V2/ba/ba_79.png,Tulu-Dtatset-V2,ba,train,c79b27759f25ad328256cefc7945b96e9592a526a168d20a9b19c1eb84f18222,365.0,347.0,RGBA,ba_79.png,.png
/home/manvith/Desktop/Projects/Tulu Dataset/Tulu-Dtatset-V2/ba/ba_99.png,Tulu-Dtatset-V2,ba,train,c9ba6eacb91300d3ea7d3b87f255367e72d909608431460edf5ebfa9865530c4,365.0,347.0,RGBA,ba_99.png,.png
/home/manvith/Desktop/Projects/Tulu Dataset/Tulu-Dtatset-V2/ba/ba_85.png,Tulu-Dtatset-V2,ba,train,77bdb02be50d58a2f6bd302260054f7794be9710291e84bc20ea33901d9c9650,365.0,347.0,RGBA,ba_85.png,.png
/home/manvith/Desktop/Projects/Tulu Dataset/Tulu-Dtatset-V2/ba/ba_31.png,Tulu-Dtatset-V2,ba,train,775f0c210a9256d9d67a2685fdc874616143b511d72a2eb9dbe8a811a07816b3,361.0,352.0,RGBA,ba_31.png,.png
/home/manvith/Desktop/Projects/Tulu Dataset/Tulu-Dtatset-V2/ba/ba_28.png,Tulu-Dtatset-V2,ba,train,87523d6718be868807717b5c537f4c992698f8a1d0c542594c14e89d0f631d4c,361.0,352.0,RGBA,ba_28.png,.png
/home/manvith/Desktop/Projects/Tulu Dataset/Tulu-Dtatset-V2/ba/ba_61.png,Tulu-Dtatset-V2,ba,train,3740ea9ce9022c861e583c2279dc531b2b47e6f8513d816a8b725c2cf70dbd3f,356.0,354.0,RGBA,ba_61.png,.png
/home/manvith/Desktop/Projects/Tulu Dataset/Tulu-Dtatset-V2/ba/ba_10.png,Tulu-Dtatset-V2,ba,train,cd5244b501ae2a4ca2eeded5d3d9d1ae06160dc0dab9f06decf31ebe94262da8,364.0,346.0,RGBA,ba_10.png,.png
/home/manvith/Desktop/Projects/Tulu Dataset/Tulu-Dtatset-V2/ba/ba_74.png,Tulu-Dtatset-V2,ba,train,b4e6ae7e4c49cdc3730533c04e3753d8239fd0ff33ae7a5dbf833919648a59e9,360.0,341.0,RGBA,ba_74.png,.png
/home/manvith/Desktop/Projects/Tulu Dataset/Tulu-Dtatset-V2/ba/ba_8.png,Tulu-Dtatset-V2,ba,train,06468f0a91c8eae55391c6c65d346a90242d7ad6cd565498d857b6255247ee56,356.0,354.0,RGBA,ba_8.png,.png
/home/manvith/Desktop/Projects/Tulu Dataset/Tulu-Dtatset-V2/ba/ba_84.png,Tulu-Dtatset-V2,ba,train,7a79ac7236d4bbfce5d317e9ce194f49cc59dd0706325f832433f6fc9622d401,365.0,347.0,RGBA,ba_84.png,.png
/home/manvith/Desktop/Projects/Tulu Dataset/Tulu-Dtatset-V2/ba/ba_7.png,Tulu-Dtatset-V2,ba,train,a45e460487d0662f1436c9eeaf614f0692ee6ad3a0d15ea98155097d6a8f8a22,361.0,356.0,RGBA,ba_7.png,.png
/home/manvith/Desktop/Projects/Tulu Dataset/Tulu-Dtatset-V2/ba/ba_37.png,Tulu-Dtatset-V2,ba,train,f826f8a111a1d4184c852492a817e1869e6a0c0d9264ae195b752e1de35892ac,361.0,352.0,RGBA,ba_37.png,.png
/home/manvith/Desktop/Projects/Tulu Dataset/Tulu-Dtatset-V2/ba/ba_21.png,Tulu-Dtatset-V2,ba,train,cd201c290f550098eb3c14c417a3a114c0d0e19a069d2db2abaada69b2dec854,364.0,346.0,RGBA,ba_21.png,.png
/home/manvith/Desktop/Projects/Tulu Dataset/Tulu-Dtatset-V2/ba/ba_43.png,Tulu-Dtatset-V2,ba,train,ba652f3289f27e14c990bf521bdd5011698a7d559001d1ebcf828ad74bcc7c05,363.0,352.0,RGBA,ba_43.png,.png
/home/manvith/Desktop/Projects/Tulu Dataset/Tulu-Dtatset-V2/ba/ba_60.png,Tulu-Dtatset-V2,ba,train,302297abc32f1231e14d5c1c6dd33efbd1d8b209be3728922d94b8ac7840d814,363.0,352.0,RGBA,ba_60.png,.png
/home/manvith/Desktop/Projects/Tulu Dataset/Tulu-Dtatset-V2/ba/ba_92.png,Tulu-Dtatset-V2,ba,train,b998a63fe99bf4caca4938b235c9555afa4700ef400517bdd0933a20acb534d0,365.0,347.0,RGBA,ba_92.png,.png
/home/manvith/Desktop/Projects/Tulu Dataset/Tulu-Dtatset-V2/ba/ba_51.png,Tulu-Dtatset-V2,ba,train,37a3e6a88e488b13538bbee7929cae9576a8e2d43a6725a03912e35f7d08b3cb,363.0,352.0,RGBA,ba_51.png,.png
/home/manvith/Desktop/Projects/Tulu Dataset/Tulu-Dtatset-V2/ba/ba_89.png,Tulu-Dtatset-V2,ba,train,ef8ddf7bf55166fa8aad677858b0b9940d424a5266204c05646ae5b9f4340351,365.0,347.0,RGBA,ba_89.png,.png
/home/manvith/Desktop/Projects/Tulu Dataset/Tulu-Dtatset-V2/ba/ba_75.png,Tulu-Dtatset-V2,ba,train,6aed5f6cd50496bcc0d7ad426b507cfd97e1a9981f3c4c1f44fdcfc1fbcb312b,360.0,341.0,RGBA,ba_75.png,.png
/home/manvith/Desktop/Projects/Tulu Dataset/Tulu-Dtatset-V2/ba/ba_70.png,Tulu-Dtatset-V2,ba,train,a731b87115a5bb458225783185a964c44ccb425d44bf8a4b99e931f86fd835f2,356.0,354.0,RGBA,ba_70.png,.png
/home/manvith/Desktop/Projects/Tulu Dataset/Tulu-Dtatset-V2/ba/ba_58.png,Tulu-Dtatset-V2,ba,train,405d53346b11fda13d43e644f99024a794adb0d86fef59cd54b7e11601f07830,363.0,352.0,RGBA,ba_58.png,.png
/home/manvith/Desktop/Projects/Tulu Dataset/Tulu-Dtatset-V2/ba/ba_30.png,Tulu-Dtatset-V2,ba,train,ec1d3e38ccadc5d5d4a73bf7f3f835ee90f3eafda4eab7a7a2c1e0d4b9d137e5,361.0,352.0,RGBA,ba_30.png,.png
/home/manvith/Desktop/Projects/Tulu Dataset/Tulu-Dtatset-V2/ba/ba_68.png,Tulu-Dtatset-V2,ba,train,5ee20b3d10ea623390b5527afe1c7fd66a191fcd8ceae903653f5a90c7e04cd3,356.0,354.0,RGBA,ba_68.png,.png
/home/manvith/Desktop/Projects/Tulu Dataset/Tulu-Dtatset-V2/ba/ba_80.png,Tulu-Dtatset-V2,ba,train,284d634b14070cc5e5562bf564146ee0c1030e9331f1181f269560840349a9f7,365.0,347.0,RGBA,ba_80.png,.png
/home/manvith/Desktop/Projects/Tulu Dataset/Tulu-Dtatset-V2/ba/ba_29.png,Tulu-Dtatset-V2,ba,train,f2a8456627dacffdae15f96a54e2d434749ed3ff91e4cc81301363de03e8e458,361.0,352.0,RGBA,ba_29.png,.png
/home/manvith/Desktop/Projects/Tulu Dataset/Tulu-Dtatset-V2/ba/ba_63.png,Tulu-Dtatset-V2,ba,train,dff88f8bda94047660e82b777864b2f2ba6ed93ab057ede2bf9c9dd6409f1d34,356.0,354.0,RGBA,ba_63.png,.png
/home/manvith/Desktop/Projects/Tulu Dataset/Tulu-Dtatset-V2/ba/ba_1.png,Tulu-Dtatset-V2,ba,train,5ac84a9b140a7f80a4591b6ee241f84fdde4e89a6d940e7c24750a2644d8665a,361.0,352.0,RGBA,ba_1.png,.png
/home/manvith/Desktop/Projects/Tulu Dataset/Tulu-Dtatset-V2/ba/ba_64.png,Tulu-Dtatset-V2,ba,train,df9b2b200a652ac17ba5fae24d49d34d34684009af9295737c62820bcb020394,356.0,354.0,RGBA,ba_64.png,.png
/home/manvith/Desktop/Projects/Tulu Dataset/Tulu-Dtatset-V2/ba/ba_52.png,Tulu-Dtatset-V2,ba,train,d96d81443bc979a9b597261481e289e56882a58766d96a7de473e66ff967de1f,363.0,352.0,RGBA,ba_52.png,.png
/home/manvith/Desktop/Projects/Tulu Dataset/Tulu-Dtatset-V2/ba/ba_100.png,Tulu-Dtatset-V2,ba,train,34ab6d0dddb6fb1c099784a43be288b92bc465e4089889da775f0335c62683e0,365.0,347.0,RGBA,ba_100.png,.png
/home/manvith/Desktop/Projects/Tulu Dataset/Tulu-Dtatset-V2/ba/ba_95.png,Tulu-Dtatset-V2,ba,train,e5eb8ea1f1d7bdd8012e2847a3cbaa81c810461ba64ed5cfac8a049c5ce3cced,365.0,347.0,RGBA,ba_95.png,.png
/home/manvith/Desktop/Projects/Tulu Dataset/Tulu-Dtatset-V2/ba/ba_73.png,Tulu-Dtatset-V2,ba,train,cd1fb365456fd7afca01339863bed53ab9bddfbb5930cebcee81c4ccb5117164,360.0,341.0,RGBA,ba_73.png,.png
/home/manvith/Desktop/Projects/Tulu Dataset/Tulu-Dtatset-V2/ba/ba_32.png,Tulu-Dtatset-V2,ba,train,88dfbf9ac686fc3ca36f295d94f2fa418624c344ec41d21674ff0c4a018507a0,361.0,352.0,RGBA,ba_32.png,.png
/home/manvith/Desktop/Projects/Tulu Dataset/Tulu-Dtatset-V2/ba/ba_15.png,Tulu-Dtatset-V2,ba,train,26d0212290bc8f5ec3ae9bdce86907b41262624019d7b992aa3f9140d6eb5c09,360.0,357.0,RGBA,ba_15.png,.png
/home/manvith/Desktop/Projects/Tulu Dataset/Tulu-Dtatset-V2/ba/ba_78.png,Tulu-Dtatset-V2,ba,train,9091a6bb36eb654e05cc83d81a4a576f395cb10633718a3d95329709c5ea0c64,365.0,347.0,RGBA,ba_78.png,.png
/home/manvith/Desktop/Projects/Tulu Dataset/Tulu-Dtatset-V2/ba/ba_62.png,Tulu-Dtatset-V2,ba,train,fdbd22b4c43580c3a12a910dd7be18ef79d753fb4207621ff34cabafbce665cd,356.0,354.0,RGBA,ba_62.png,.png
/home/manvith/Desktop/Projects/Tulu Dataset/Tulu-Dtatset-V2/ba/ba_86.png,Tulu-Dtatset-V2,ba,train,844c009798dd46f0b79c58804799726eebdb584b8322a6d1dc3365aaa938c4f9,365.0,347.0,RGBA,ba_86.png,.png
/home/manvith/Desktop/Projects/Tulu Dataset/Tulu-Dtatset-V2/ba/ba_88.png,Tulu-Dtatset-V2,ba,train,86b9a8b8bfcd55b12d4386d9f11f5d68562fc1305b77eb36f997ddf4be27c4b3,365.0,347.0,RGBA,ba_88.png,.png
/home/manvith/Desktop/Projects/Tulu Dataset/Tulu-Dtatset-V2/ba/ba_56.png,Tulu-Dtatset-V2,ba,train,17a01f6805c36e379dc214cd93418b6804a290cf6a6696b86094e792b74d08cb,363.0,352.0,RGBA,ba_56.png,.png
/home/manvith/Desktop/Projects/Tulu Dataset/Tulu-Dtatset-V2/ba/ba_57.png,Tulu-Dtatset-V2,ba,train,749770ffa392a035f277d1d4e60a84282c0d91b5d6173a516eef2669d02e0129,363.0,352.0,RGBA,ba_57.png,.png
/home/manvith/Desktop/Projects/Tulu Dataset/Tulu-Dtatset-V2/ba/ba_16.png,Tulu-Dtatset-V2,ba,train,34e87e72ab99eb7068b2e50008cd8df980da0198fedf6e4110c939d8395edce0,364.0,346.0,RGBA,ba_16.png,.png
/home/manvith/Desktop/Projects/Tulu Dataset/Tulu-Dtatset-V2/ba/ba_33.png,Tulu-Dtatset-V2,ba,train,a2abc21268d5c1187c0cd74344482f3d83c1fb912b6c0a22094360da76c73bba,361.0,352.0,RGBA,ba_33.png,.png
/home/manvith/Desktop/Projects/Tulu Dataset/Tulu-Dtatset-V2/ba/ba_83.png,Tulu-Dtatset-V2,ba,train,8e1398d38ee2869249363c66face746509eeafc32f3a6808a011cd0df191a547,365.0,347.0,RGBA,ba_83.png,.png
/home/manvith/Desktop/Projects/Tulu Dataset/Tulu-Dtatset-V2/bha/bha_61.png,Tulu-Dtatset-V2,bha,train,ab470099c5386aa45c177800500fb9454e01b0dd8645a0c0b8b9940cdd1e60db,354.0,353.0,RGBA,bha_61.png,.png
/home/manvith/Desktop/Projects/Tulu Dataset/Tulu-Dtatset-V2/bha/bha_65.png,Tulu-Dtatset-V2,bha,train,fb92f72d6ce43511c64ed175e93a9c215058aadfde58a94d13d50b526b35d65a,354.0,353.0,RGBA,bha_65.png,.png
/home/manvith/Desktop/Projects/Tulu Dataset/Tulu-Dtatset-V2/bha/bha_99.png,Tulu-Dtatset-V2,bha,train,de91bbf9c4b002999750d2a7dfe0dafb87b73d8e8900c9d704bd0a5358dfbaed,344.0,348.0,RGBA,bha_99.png,.png
/home/manvith/Desktop/Projects/Tulu Dataset/Tulu-Dtatset-V2/bha/bha_41.png,Tulu-Dtatset-V2,bha,train,fac61c5ffcd80dfd101c87b485ea694974cd95ffce6891931d7b7a4e472de807,358.0,350.0,RGBA,bha_41.png,.png
/home/manvith/Desktop/Projects/Tulu Dataset/Tulu-Dtatset-V2/bha/bha_49.png,Tulu-Dtatset-V2,bha,train,38587d561fdcfb0e8f6df57a37e89bb59091581b248df78015cb1f7dd2a4bfad,358.0,350.0,RGBA,bha_49.png,.png
/home/manvith/Desktop/Projects/Tulu Dataset/Tulu-Dtatset-V2/bha/bha_10.png,Tulu-Dtatset-V2,bha,train,d65aa20698a8ce40feba8fa8e77774e54f4d386a7d02d063440bba1aa0c95b84,357.0,351.0,RGBA,bha_10.png,.png
/home/manvith/Desktop/Projects/Tulu Dataset/Tulu-Dtatset-V2/bha/bha_71.png,Tulu-Dtatset-V2,bha,train,d59c61f5ab0246279d2935aa9bbfe8829cde4f9a0cac908164e44d7e2bfd0ab9,344.0,348.0,RGBA,bha_71.png,.png
/home/manvith/Desktop/Projects/Tulu Dataset/Tulu-Dtatset-V2/bha/bha_85.png,Tulu-Dtatset-V2,bha,train,c0401c9401770562fc022f9a36b82e2a147b2760ee6baa8954cdfd6bb9c24be9,344.0,348.0,RGBA,bha_85.png,.png
/home/manvith/Desktop/Projects/Tulu Dataset/Tulu-Dtatset-V2/bha/bha_3.png,Tulu-Dtatset-V2,bha,train,b5ce22423b75d89edb265dd6af8799d4df71817b10536bc01136fec17642f4bb,344.0,348.0,RGBA,bha_3.png,.png
/home/manvith/Desktop/Projects/Tulu Dataset/Tulu-Dtatset-V2/bha/bha_43.png,Tulu-Dtatset-V2,bha,train,1f05888ad4fdc6c04e10a01a9620a8fdc0df474662c94d43e521f279cb5c1841,358.0,350.0,RGBA,bha_43.png,.png
/home/manvith/Desktop/Projects/Tulu Dataset/Tulu-Dtatset-V2/bha/bha_72.png,Tulu-Dtatset-V2,bha,train,fb1849abeefe13e06ee5759f0aabd590803cb98ea5c955b5d3f9e1b5e368cc4a,344.0,348.0,RGBA,bha_72.png,.png
/home/manvith/Desktop/Projects/Tulu Dataset/Tulu-Dtatset-V2/bha/bha_95.png,Tulu-Dtatset-V2,bha,train,a9b8aca89a92eeb582ab0bb789c9fe497180f0ed3bc7a446f2281ecb22e52822,344.0,348.0,RGBA,bha_95.png,.png
/home/manvith/Desktop/Projects/Tulu Dataset/Tulu-Dtatset-V2/bha/bha_67.png,Tulu-Dtatset-V2,bha,train,cc8d0392366d4386c9caf52455c935d8c512748534873798f5700425a9681f67,354.0,353.0,RGBA,bha_67.png,.png
/home/manvith/Desktop/Projects/Tulu Dataset/Tulu-Dtatset-V2/bha/bha_66.png,Tulu-Dtatset-V2,bha,train,c5cc328c7f030aed131bba36e16cb04f5c9da155addefeb8cbe8e65f55223946,354.0,353.0,RGBA,bha_66.png,.png
/home/manvith/Desktop/Projects/Tulu Dataset/Tulu-Dtatset-V2/bha/bha_60.png,Tulu-Dtatset-V2,bha,train,fcd38a84cb4d58a85a50fcb557de89012544dfac1a46c03b5ae91a0d7eae21e6,354.0,353.0,RGBA,bha_60.png,.png
/home/manvith/Desktop/Projects/Tulu Dataset/Tulu-Dtatset-V2/bha/bha_17.png,Tulu-Dtatset-V2,bha,train,813874ec5845beb64ce42e200cf578b066a1f6e5255cee4c68dd9dc1fbda0998,356.0,351.0,RGBA,bha_17.png,.png
/home/manvith/Desktop/Projects/Tulu Dataset/Tulu-Dtatset-V2/bha/bha_80.png,Tulu-Dtatset-V2,bha,train,e2de88d291f18aa9dc46e0b36189a535fad9ca0b50d87896156bdc937d0468e7,344.0,348.0,RGBA,bha_80.png,.png
/home/manvith/Desktop/Projects/Tulu Dataset/Tulu-Dtatset-V2/bha/bha_58.png,Tulu-Dtatset-V2,bha,train,d50b89f530ce2a32fbc45a100e420a446744eee8e7bd84445ff12f62fd866535,354.0,353.0,RGBA,bha_58.png,.png
/home/manvith/Desktop/Projects/Tulu Dataset/Tulu-Dtatset-V2/bha/bha_91.png,Tulu-Dtatset-V2,bha,train,b544c950972074544e3939d907587fc7c61528352a79ba38787121deb910a7ed,344.0,348.0,RGBA,bha_91.png,.png
/home/manvith/Desktop/Projects/Tulu Dataset/Tulu-Dtatset-V2/bha/bha_69.png,Tulu-Dtatset-V2,bha,train,2595139d9c07db2373ba87f92a7ba760da06215768e303eac0e128c6eaf36e86,354.0,353.0,RGBA,bha_69.png,.png
/home/manvith/Desktop/Projects/Tulu Dataset/Tulu-Dtatset-V2/bha/bha_56.png,Tulu-Dtatset-V2,bha,train,e9d290cac18a5e546215dddb80cd1305882463dc6569b9ea26d1cb6081399ff9,354.0,353.0,RGBA,bha_56.png,.png
/home/manvith/Desktop/Projects/Tulu Dataset/Tulu-Dtatset-V2/bha/bha_78.png,Tulu-Dtatset-V2,bha,train,1a17df206b571095fcb1eeee0a7b110b58801aa26ce1a3a99c46231ad26b89fd,344.0,348.0,RGBA,bha_78.png,.png
/home/manvith/Desktop/Projects/Tulu Dataset/Tulu-Dtatset-V2/bha/bha_62.png,Tulu-Dtatset-V2,bha,train,5cb9042a52c6603362587e17c624d9f11e9242f14085ecd15360342e3f8df41a,354.0,353.0,RGBA,bha_62.png,.png
/home/manvith/Desktop/Projects/Tulu Dataset/Tulu-Dtatset-V2/bha/bha_19.png,Tulu-Dtatset-V2,bha,train,1a19343d428dd32d3ad74b40154917d237f19702d4d76f2aeaa3c0e406da6744,356.0,351.0,RGBA,bha_19.png,.png
/home/manvith/Desktop/Projects/Tulu Dataset/Tulu-Dtatset-V2/bha/bha_20.png,Tulu-Dtatset-V2,bha,train,57253c3eb51a33a427fb7d7e6b9330e8a9ef55b5ce8ce94fa1444a56d60ed0ec,356.0,351.0,RGBA,bha_20.png,.png
/home/manvith/Desktop/Projects/Tulu Dataset/Tulu-Dtatset-V2/bha/bha_9.png,Tulu-Dtatset-V2,bha,train,726674113eb17fc63a2b7f20240f4a69a347057468e9a78e0f028f6a98f51655,363.0,348.0,RGBA,bha_9.png,.png
/home/manvith/Desktop/Projects/Tulu Dataset/Tulu-Dtatset-V2/bha/bha_97.png,Tulu-Dtatset-V2,bha,train,ac464abaee4ddab08115728e115a3dd6d8d8995b0de29e3c1a0a9fa1449655c0,344.0,348.0,RGBA,bha_97.png,.png
/home/manvith/Desktop/Projects/Tulu Dataset/Tulu-Dtatset-V2/bha/bha_26.png,Tulu-Dtatset-V2,bha,train,46d839c813edda234cd6793ba4fd52ed23faca19e5773f6e59337b50a1cb9455,356.0,351.0,RGBA,bha_26.png,.png
/home/manvith/Desktop/Projects/Tulu Dataset/Tulu-Dtatset-V2/bha/bha_84.png,Tulu-Dtatset-V2,bha,train,dd90198b916e7d8a5aae4f57f7e4014a0c1f375b089dfb7d8f4282237f130383,344.0,348.0,RGBA,bha_84.png,.png
/home/manvith/Desktop/Projects/Tulu Dataset/Tulu-Dtatset-V2/bha/bha_31.png,Tulu-Dtatset-V2,bha,train,19f360ec215e8afe5bbead27b2b4ba1d683fe214115ad4468381481af33f5972,358.0,350.0,RGBA,bha_31.png,.png
/home/manvith/Desktop/Projects/Tulu Dataset/Tulu-Dtatset-V2/bha/bha_16.png,Tulu-Dtatset-V2,bha,train,7d6acc9841c48b7c17955dd711f6e48c39f148b990bbeeef3cb8719f8c411e51,356.0,351.0,RGBA,bha_16.png,.png
/home/manvith/Desktop/Projects/Tulu Dataset/Tulu-Dtatset-V2/bha/bha_35.png,Tulu-Dtatset-V2,bha,train,b876b5064ab9b789024e3bd6961c23d3cc7813f89753b9479e6a91aaccbc7a0a,358.0,350.0,RGBA,bha_35.png,.png
/home/manvith/Desktop/Projects/Tulu Dataset/Tulu-Dtatset-V2/bha/bha_42.png,Tulu-Dtatset-V2,bha,train,e17402d51b60977cf06266c7bea03cde83e7cfd1d2b4c0d632ce9f7bbe651cd2,358.0,350.0,RGBA,bha_42.png,.png
/home/manvith/Desktop/Projects/Tulu Dataset/Tulu-Dtatset-V2/bha/bha_7.png,Tulu-Dtatset-V2,bha,train,d4a93ae91098ff24af2f770f6615728474a5b482ed2a835e3089ce9dabbf4990,361.0,356.0,RGBA,bha_7.png,.png
/home/manvith/Desktop/Projects/Tulu Dataset/Tulu-Dtatset-V2/bha/bha_70.png,Tulu-Dtatset-V2,bha,train,f62d6f8f9683c5c692407cd727a6c09ee7107336b2ff8bd29e2819b63d16957c,354.0,353.0,RGBA,bha_70.png,.png
/home/manvith/Desktop/Projects/Tulu Dataset/Tulu-Dtatset-V2/bha/bha_83.png,Tulu-Dtatset-V2,bha,train,41a84f9946eb0d57c96707aeba7945fc58cad57ec3f358cd42ee01d4931c6d23,344.0,348.0,RGBA,bha_83.png,.png
/home/manvith/Desktop/Projects/Tulu Dataset/Tulu-Dtatset-V2/bha/bha_48.png,Tulu-Dtatset-V2,bha,train,5995340634029cca7c562354149ca6de5aac168b5d19c20516f806168edb45f9,358.0,350.0,RGBA,bha_48.png,.png
/home/manvith/Desktop/Projects/Tulu Dataset/Tulu-Dtatset-V2/bha/bha_51.png,Tulu-Dtatset-V2,bha,train,6923abb30aae1f0eef80797241d06b273933c52a92de3e488856f545973d409e,354.0,353.0,RGBA,bha_51.png,.png
/home/manvith/Desktop/Projects/Tulu Dataset/Tulu-Dtatset-V2/bha/bha_54.png,Tulu-Dtatset-V2,bha,train,176bcb5efc86767db064d8eb436287f28e973f64bd2dd94330cc2c02847d00d1,354.0,353.0,RGBA,bha_54.png,.png
/home/manvith/Desktop/Projects/Tulu Dataset/Tulu-Dtatset-V2/bha/bha_96.png,Tulu-Dtatset-V2,bha,train,35de7945a3001c5afa0f270ebd307048fbf339e2f06ca17de12ce33938bad7e5,344.0,348.0,RGBA,bha_96.png,.png
/home/manvith/Desktop/Projects/Tulu Dataset/Tulu-Dtatset-V2/bha/bha_40.png,Tulu-Dtatset-V2,bha,train,b8db616d9b1f5c461bc9ef3f5a92f2e743d5d3baa6906293fe57f09f2614c157,358.0,350.0,RGBA,bha_40.png,.png
/home/manvith/Desktop/Projects/Tulu Dataset/Tulu-Dtatset-V2/bha/bha_79.png,Tulu-Dtatset-V2,bha,train,8640967eeb5600096ac335db3535f7dc16db56368158ec8f8b753ca7af74cc16,344.0,348.0,RGBA,bha_79.png,.png
/home/manvith/Desktop/Projects/Tulu Dataset/Tulu-Dtatset-V2/bha/bha_25.png,Tulu-Dtatset-V2,bha,train,2ca18500aa430b8daa58d69bcfd160dc158fe05b68933d339c5b971327a56700,356.0,351.0,RGBA,bha_25.png,.png
/home/manvith/Desktop/Projects/Tulu Dataset/Tulu-Dtatset-V2/bha/bha_94.png,Tulu-Dtatset-V2,bha,train,14321fd0be10c9d8c85e55f917cc42aa861ce744549fe21fe607c43ca362afa2,344.0,348.0,RGBA,bha_94.png,.png
/home/manvith/Desktop/Projects/Tulu Dataset/Tulu-Dtatset-V2/bha/bha_4.png,Tulu-Dtatset-V2,bha,train,88640a93cbef152a92aa7c4379fd68f47ebf4dd61d711c2244a2cbb5a7ac3554,366.0,339.0,RGBA,bha_4.png,.png
/home/manvith/Desktop/Projects/Tulu Dataset/Tulu-Dtatset-V2/bha/bha_2.png,Tulu-Dtatset-V2,bha,train,2a249b8f724a536b90f66e48b7523f6248a0fbc3a2dbe08c0a2431da04446951,361.0,353.0,RGBA,bha_2.png,.png
/home/manvith/Desktop/Projects/Tulu Dataset/Tulu-Dtatset-V2/bha/bha_6.png,Tulu-Dtatset-V2,bha,train,b666612026e1cc15577c9b2dd79f90913175ed3abb44a2123a357e9503d5b500,364.0,344.0,RGBA,bha_6.png,.png
/home/manvith/Desktop/Projects/Tulu Dataset/Tulu-Dtatset-V2/bha/bha_74.png,Tulu-Dtatset-V2,bha,train,c80780838a7a630548d158e6cd59904d854007060d7e2f8024b5dd8a526ce28b,344.0,348.0,RGBA,bha_74.png,.png
/home/manvith/Desktop/Projects/Tulu Dataset/Tulu-Dtatset-V2/bha/bha_50.png,Tulu-Dtatset-V2,bha,train,e05c7232ecada989e6c65004d1e98405c43b935509955f081fd2cefaf659ee78,358.0,350.0,RGBA,bha_50.png,.png
/home/manvith/Desktop/Projects/Tulu Dataset/Tulu-Dtatset-V2/bha/bha_36.png,Tulu-Dtatset-V2,bha,train,b3d89ca5213168958095c81fd0b3354c08c4af439820cb7ba22b6a4b6e051bb2,358.0,350.0,RGBA,bha_36.png,.png
/home/manvith/Desktop/Projects/Tulu Dataset/Tulu-Dtatset-V2/bha/bha_46.png,Tulu-Dtatset-V2,bha,train,fa7958ae1ac32bee4ab90932c69cd1fec4ffdb468eeabad8406f1e5b979e187c,358.0,350.0,RGBA,bha_46.png,.png
/home/manvith/Desktop/Projects/Tulu Dataset/Tulu-Dtatset-V2/bha/bha_30.png,Tulu-Dtatset-V2,bha,train,a8a1e64bca7a5e4f6f174608f5cc29fd3d815f99ba52e9122d3bc350abcaac1d,356.0,351.0,RGBA,bha_30.png,.png
/home/manvith/Desktop/Projects/Tulu Dataset/Tulu-Dtatset-V2/bha/bha_90.png,Tulu-Dtatset-V2,bha,train,7a6d883776677e315f7663f1defb440ee686fd1cf1c5440a9c8aa0c60f12a1e3,344.0,348.0,RGBA,bha_90.png,.png
/home/manvith/Desktop/Projects/Tulu Dataset/Tulu-Dtatset-V2/bha/bha_15.png,Tulu-Dtatset-V2,bha,train,6bddcdf5afb4cf3574fffc82f88bc12ef71fe45f49b36f62b0e065e6cfc3f036,359.0,357.0,RGBA,bha_15.png,.png
/home/manvith/Desktop/Projects/Tulu Dataset/Tulu-Dtatset-V2/bha/bha_73.png,Tulu-Dtatset-V2,bha,train,b27402e282633d5bcf53136dab1b43197c4afb348a8c5d3afc2c2740046370d0,344.0,348.0,RGBA,bha_73.png,.png
/home/manvith/Desktop/Projects/Tulu Dataset/Tulu-Dtatset-V2/bha/bha_57.png,Tulu-Dtatset-V2,bha,train,62bbd09d21951a91856e767627bbc969c09b26557c6e8db65272a52238364679,354.0,353.0,RGBA,bha_57.png,.png
/home/manvith/Desktop/Projects/Tulu Dataset/Tulu-Dtatset-V2/bha/bha_33.png,Tulu-Dtatset-V2,bha,train,ba0edca57cb4b777808cba431e63162bc706b8458c3be8ef2453748a378af290,358.0,350.0,RGBA,bha_33.png,.png
/home/manvith/Desktop/Projects/Tulu Dataset/Tulu-Dtatset-V2/bha/bha_68.png,Tulu-Dtatset-V2,bha,train,e064690a3eb1d1cc793bf89e6a71f62b0a30fa9642145933f5bc061d365cd9bc,354.0,353.0,RGBA,bha_68.png,.png
/home/manvith/Desktop/Projects/Tulu Dataset/Tulu-Dtatset-V2/bha/bha_1.png,Tulu-Dtatset-V2,bha,train,4013e49b466cb2059c80ce835eb9b473a60ab5bb3d7cb45e8639a23ef00b07b5,356.0,351.0,RGBA,bha_1.png,.png
/home/manvith/Desktop/Projects/Tulu Dataset/Tulu-Dtatset-V2/bha/bha_93.png,Tulu-Dtatset-V2,bha,train,2fb4e0745372181eca94987b2f3e442d9ee90b76f78df224fe78505ec4f0bacb,344.0,348.0,RGBA,bha_93.png,.png
/home/manvith/Desktop/Projects/Tulu Dataset/Tulu-Dtatset-V2/bha/bha_47.png,Tulu-Dtatset-V2,bha,train,fe68e5ad01d940c62bb8144e5dd39c3c61412a6ced5456e497af652b64496826,358.0,350.0,RGBA,bha_47.png,.png
/home/manvith/Desktop/Projects/Tulu Dataset/Tulu-Dtatset-V2/bha/bha_89.png,Tulu-Dtatset-V2,bha,train,933bfbf463b32ab41d787009ecbe788dc887b2017a56a96360cccdc902266452,344.0,348.0,RGBA,bha_89.png,.png
/home/manvith/Desktop/Projects/Tulu Dataset/Tulu-Dtatset-V2/bha/bha_12.png,Tulu-Dtatset-V2,bha,train,d7c78ca423d55e78e566fd0945a822c0af3070f8f0fc449103815b8a0d341ca8,364.0,343.0,RGBA,bha_12.png,.png
/home/manvith/Desktop/Projects/Tulu Dataset/Tulu-Dtatset-V2/bha/bha_88.png,Tulu-Dtatset-V2,bha,train,67fb1490278ed3525eebdf516eb265357c89e4fe9b51cdb989bf335c7876c338,344.0,348.0,RGBA,bha_88.png,.png
/home/manvith/Desktop/Projects/Tulu Dataset/Tulu-Dtatset-V2/bha/bha_59.png,Tulu-Dtatset-V2,bha,train,0565cdc2a5a4a8e768f86cd7b5c63a846f174bd797ea633b2c1112e9816a0e5e,354.0,353.0,RGBA,bha_59.png,.png
/home/manvith/Desktop/Projects/Tulu Dataset/Tulu-Dtatset-V2/bha/bha_5.png,Tulu-Dtatset-V2,bha,train,80b3cf411efaee879f5a71a6111c23cefa1b51653b8c9b04422b463f28f0799f,358.0,350.0,RGBA,bha_5.png,.png
/home/manvith/Desktop/Projects/Tulu Dataset/Tulu-Dtatset-V2/bha/bha_13.png,Tulu-Dtatset-V2,bha,train,39aa1de5bf846809b28d0f42420157a5e1295e8cd632aa94c9442b078e096707,359.0,344.0,RGBA,bha_13.png,.png
/home/manvith/Desktop/Projects/Tulu Dataset/Tulu-Dtatset-V2/bha/bha_23.png,Tulu-Dtatset-V2,bha,train,9a789bc5e9e22eef1f38225c08d4ca05f4b38fbcbfbf9a8e2ec0ce2714399849,356.0,351.0,RGBA,bha_23.png,.png
/home/manvith/Desktop/Projects/Tulu Dataset/Tulu-Dtatset-V2/bha/bha_44.png,Tulu-Dtatset-V2,bha,train,e33d35049b50473df8266241261b0d68329b88f4a8bb9f1832706f84d684ef60,358.0,350.0,RGBA,bha_44.png,.png
/home/manvith/Desktop/Projects/Tulu Dataset/Tulu-Dtatset-V2/bha/bha_98.png,Tulu-Dtatset-V2,bha,train,5486d493762e7bd721d9b56eb8d92c94c0a7f95e4503ca92a7539096aaa5cf3d,344.0,348.0,RGBA,bha_98.png,.png
/home/manvith/Desktop/Projects/Tulu Dataset/Tulu-Dtatset-V2/bha/bha_38.png,Tulu-Dtatset-V2,bha,train,144fa4baf7a005ec98351ba3470c6370656ef23bbd1c4950daf575548b252524,358.0,350.0,RGBA,bha_38.png,.png
/home/manvith/Desktop/Projects/Tulu Dataset/Tulu-Dtatset-V2/bha/bha_18.png,Tulu-Dtatset-V2,bha,train,4a08164efa01b89e763a8a9648571c96b5f01c3e0bdf6774a3eb36c671f3c739,356.0,351.0,RGBA,bha_18.png,.png
/home/manvith/Desktop/Projects/Tulu Dataset/Tulu-Dtatset-V2/bha/bha_32.png,Tulu-Dtatset-V2,bha,train,0bcc606f7b8c954bef614e0d21451561667635ab590a4e854a9769f7c98d5cae,358.0,350.0,RGBA,bha_32.png,.png
/home/manvith/Desktop/Projects/Tulu Dataset/Tulu-Dtatset-V2/bha/bha_55.png,Tulu-Dtatset-V2,bha,train,86a95ad9c0407c611a22c5ec930414a307738b7cda2e29185fb85f36ceae8bde,354.0,353.0,RGBA,bha_55.png,.png
/home/manvith/Desktop/Projects/Tulu Dataset/Tulu-Dtatset-V2/bha/bha_53.png,Tulu-Dtatset-V2,bha,train,85024334e7147af5655ad60200dd8c62bcee7801e7c4d7299808afbcd04e8de1,354.0,353.0,RGBA,bha_53.png,.png
/home/manvith/Desktop/Projects/Tulu Dataset/Tulu-Dtatset-V2/bha/bha_76.png,Tulu-Dtatset-V2,bha,train,9a82a490b657a09ff23c07b48e46cd0dfeb274199748a9381a3f774668a19032,344.0,348.0,RGBA,bha_76.png,.png
/home/manvith/Desktop/Projects/Tulu Dataset/Tulu-Dtatset-V2/bha/bha_82.png,Tulu-Dtatset-V2,bha,train,f9ffe728ba91950f1b26610fbdae8f646fdb3ed8420bd4632db58d081297699c,344.0,348.0,RGBA,bha_82.png,.png
/home/manvith/Desktop/Projects/Tulu Dataset/Tulu-Dtatset-V2/bha/bha_11.png,Tulu-Dtatset-V2,bha,train,b90a90484b507f8bd138e3b873a56b7cf6967914c5757f2793ed36e189bb52c4,358.0,351.0,RGBA,bha_11.png,.png
/home/manvith/Desktop/Projects/Tulu Dataset/Tulu-Dtatset-V2/bha/bha_77.png,Tulu-Dtatset-V2,bha,train,bc2b1b89b304153576d5bbf1035edcf8a6a5dc1ce004127c9a0245f0bdf18913,344.0,348.0,RGBA,bha_77.png,.png
/home/manvith/Desktop/Projects/Tulu Dataset/Tulu-Dtatset-V2/cha/cha_23.png,Tulu-Dtatset-V2,cha,train,2f109dc93360fa822dc213cb8c58f1f1306bc12fcec7b2f10726027b3ec1fce6,364.0,343.0,RGBA,cha_23.png,.png
/home/manvith/Desktop/Projects/Tulu Dataset/Tulu-Dtatset-V2/cha/cha_80.png,Tulu-Dtatset-V2,cha,train,1e8bba36fe474ae8bb79849bb3104c2cc1b554f29e979ff49556345cdf985683,365.0,348.0,RGBA,cha_80.png,.png
/home/manvith/Desktop/Projects/Tulu Dataset/Tulu-Dtatset-V2/cha/cha_29.png,Tulu-Dtatset-V2,cha,train,77cb4d4b89f5062907903cfa6ccfa1ab67a6b509e596dc8b8e4fa5cdc7e1cb10,364.0,343.0,RGBA,cha_29.png,.png
/home/manvith/Desktop/Projects/Tulu Dataset/Tulu-Dtatset-V2/cha/cha_90.png,Tulu-Dtatset-V2,cha,train,7ad901aca995b214c7f7f2287b2987f659f3fe3d5ede0291c2a2bd3fcc92ba13,361.0,343.0,RGBA,cha_90.png,.png
/home/manvith/Desktop/Projects/Tulu Dataset/Tulu-Dtatset-V2/cha/cha_27.png,Tulu-Dtatset-V2,cha,train,3fb6ce8d6f7de0295bed523dbd5127936f68b9dbbcffe64d0c2fa1a6302c73fa,364.0,343.0,RGBA,cha_27.png,.png
/home/manvith/Desktop/Projects/Tulu Dataset/Tulu-Dtatset-V2/cha/cha_15.png,Tulu-Dtatset-V2,cha,train,11a062a3883015e54781f68f777b3909686066674f23420aa82eafe2d3d4e18f,365.0,348.0,RGBA,cha_15.png,.png
/home/manvith/Desktop/Projects/Tulu Dataset/Tulu-Dtatset-V2/cha/cha_94.png,Tulu-Dtatset-V2,cha,train,d4e8eaa9157b0b1df3a1f26989874637f11b21e39cd443b5078a251c9e3396f1,361.0,343.0,RGBA,cha_94.png,.png
/home/manvith/Desktop/Projects/Tulu Dataset/Tulu-Dtatset-V2/cha/cha_79.png,Tulu-Dtatset-V2,cha,train,f605b489b79480a5add3e39fe667ee1e3ec98786aa79fb03b48100b935490214,365.0,348.0,RGBA,cha_79.png,.png
/home/manvith/Desktop/Projects/Tulu Dataset/Tulu-Dtatset-V2/cha/cha_20.png,Tulu-Dtatset-V2,cha,train,943f0c2b7824a2af8a6477bf7c09cd7ef16aac617b180a0aeb9ff639aab2ce91,364.0,343.0,RGBA,cha_20.png,.png
/home/manvith/Desktop/Projects/Tulu Dataset/Tulu-Dtatset-V2/cha/cha_28.png,Tulu-Dtatset-V2,cha,train,668a0b152b19299ba206a44d74ef8d1a594b70762215e6fa52663b76b8372be2,364.0,343.0,RGBA,cha_28.png,.png
/home/manvith/Desktop/Projects/Tulu Dataset/Tulu-Dtatset-V2/cha/cha_74.png,Tulu-Dtatset-V2,cha,train,a776e0a6859dde3394dd6ac898e3855ccb5039b928a080b2dd07470428f144c0,365.0,348.0,RGBA,cha_74.png,.png
/home/manvith/Desktop/Projects/Tulu Dataset/Tulu-Dtatset-V2/cha/cha_32.png,Tulu-Dtatset-V2,cha,train,5f955e372ef83b25a1884074fa8fa02d19f701ab4bf257d3d939b7050ce29abc,364.0,343.0,RGBA,cha_32.png,.png
/home/manvith/Desktop/Projects/Tulu Dataset/Tulu-Dtatset-V2/cha/cha_41.png,Tulu-Dtatset-V2,cha,train,1511c0ab11eebae23a0f483a5f2179903ab60184a40aa30072f3379f450577ad,361.0,342.0,RGBA,cha_41.png,.png
/home/manvith/Desktop/Projects/Tulu Dataset/Tulu-Dtatset-V2/cha/cha_67.png,Tulu-Dtatset-V2,cha,train,4596445c4eebfe4d23853da598c29faf0e14d735e4f110855e990817bbb8394f,361.0,342.0,RGBA,cha_67.png,.png
/home/manvith/Desktop/Projects/Tulu Dataset/Tulu-Dtatset-V2/cha/cha_95.png,Tulu-Dtatset-V2,cha,train,e765b3eefd1a56574b6085b78b06f99cfc605ba257a4ab98a6111f7d1b2352aa,361.0,343.0,RGBA,cha_95.png,.png
/home/manvith/Desktop/Projects/Tulu Dataset/Tulu-Dtatset-V2/cha/cha_17.png,Tulu-Dtatset-V2,cha,train,dc0429872471b734f5b351b411bdf8365c2824674635dcf4fa2a6bc827f87c85,364.0,343.0,RGBA,cha_17.png,.png
/home/manvith/Desktop/Projects/Tulu Dataset/Tulu-Dtatset-V2/cha/cha_78.png,Tulu-Dtatset-V2,cha,train,f11bfe19fe9075cf1f18d2fe2cfceefae621466e7ec313efca377d4d7d559109,365.0,348.0,RGBA,cha_78.png,.png
/home/manvith/Desktop/Projects/Tulu Dataset/Tulu-Dtatset-V2/cha/cha_12.png,Tulu-Dtatset-V2,cha,train,e107484bd8c48b428ad6a2c5fb10f126d35e3d839698be1d34ba3f7923bd4c80,363.0,338.0,RGBA,cha_12.png,.png
/home/manvith/Desktop/Projects/Tulu Dataset/Tulu-Dtatset-V2/cha/cha_66.png,Tulu-Dtatset-V2,cha,train,712941c0776a2c175e9966ff3c7d92fa734915663161f9691b843160e50bcc8b,361.0,342.0,RGBA,cha_66.png,.png
/home/manvith/Desktop/Projects/Tulu Dataset/Tulu-Dtatset-V2/cha/cha_6.png,Tulu-Dtatset-V2,cha,train,0c1098388f1ee5c46cbd8a319f048c83d94a90a33499eac479b1ae81a9da4628,365.0,340.0,RGBA,cha_6.png,.png
/home/manvith/Desktop/Projects/Tulu Dataset/Tulu-Dtatset-V2/cha/cha_53.png,Tulu-Dtatset-V2,cha,train,85faca17563e70c94166e0da29004c3e6aba5de54a2626246d00072f1739d028,361.0,342.0,RGBA,cha_53.png,.png
/home/manvith/Desktop/Projects/Tulu Dataset/Tulu-Dtatset-V2/cha/cha_31.png,Tulu-Dtatset-V2,cha,train,7f4ab76e7e5a9a33dcee0d121d92b29248e17baa63556d4e2cc006cd351611de,364.0,343.0,RGBA,cha_31.png,.png
/home/manvith/Desktop/Projects/Tulu Dataset/Tulu-Dtatset-V2/cha/cha_56.png,Tulu-Dtatset-V2,cha,train,e9fd63618c4339c28f66d7eefb85b9f343afe3fd6e6443a9c37af9c96d1bb171,361.0,342.0,RGBA,cha_56.png,.png
/home/manvith/Desktop/Projects/Tulu Dataset/Tulu-Dtatset-V2/cha/cha_46.png,Tulu-Dtatset-V2,cha,train,16db76e868b90f042eb947ee6afae8d5e28ac8d5798f8534f23c0afe0090d738,361.0,342.0,RGBA,cha_46.png,.png
/home/manvith/Desktop/Projects/Tulu Dataset/Tulu-Dtatset-V2/cha/cha_81.png,Tulu-Dtatset-V2,cha,train,c2b20ecb5bea03a85d9e3d0da6b43bc3871b87c38538dbf76617345bc45f62d6,365.0,348.0,RGBA,cha_81.png,.png
/home/manvith/Desktop/Projects/Tulu Dataset/Tulu-Dtatset-V2/cha/cha_69.png,Tulu-Dtatset-V2,cha,train,45fafd75684e2b1303e414c274e6fe27467ef0d9e6df3e887337e56b6c4484a7,361.0,342.0,RGBA,cha_69.png,.png
/home/manvith/Desktop/Projects/Tulu Dataset/Tulu-Dtatset-V2/cha/cha_86.png,Tulu-Dtatset-V2,cha,train,d2a3c076f58af77546e41dc1c0c84a29b3592842e3f1e9e66efae7c076387c85,361.0,343.0,RGBA,cha_86.png,.png
/home/manvith/Desktop/Projects/Tulu Dataset/Tulu-Dtatset-V2/cha/cha_10.png,Tulu-Dtatset-V2,cha,train,38118fa7ad9f923b7329f82592bc64474c4432180e8be3eb71f43cdfaba9b8b9,360.0,343.0,RGBA,cha_10.png,.png
/home/manvith/Desktop/Projects/Tulu Dataset/Tulu-Dtatset-V2/cha/cha_13.png,Tulu-Dtatset-V2,cha,train,592cd96bf31577e71f7a926beeaf20f591a57c6c4e2c45a6f115e51b23b4ce40,361.0,347.0,RGBA,cha_13.png,.png
/home/manvith/Desktop/Projects/Tulu Dataset/Tulu-Dtatset-V2/cha/cha_18.png,Tulu-Dtatset-V2,cha,train,2c061ddaf862b04e4d780aa5ba01ac8ff28bddb79a2a0ef3f32ba961815ec650,364.0,343.0,RGBA,cha_18.png,.png
/home/manvith/Desktop/Projects/Tulu Dataset/Tulu-Dtatset-V2/cha/cha_54.png,Tulu-Dtatset-V2,cha,train,5e0166c651d682bb84848f2d71f529effe0d1e045e830fd1ecdac9eea4c4f3af,361.0,342.0,RGBA,cha_54.png,.png
/home/manvith/Desktop/Projects/Tulu Dataset/Tulu-Dtatset-V2/cha/cha_73.png,Tulu-Dtatset-V2,cha,train,2939f058e6bd976fd9e26341f067ba51163170fd65ad39cfbca9c3f3d539bc27,365.0,348.0,RGBA,cha_73.png,.png
/home/manvith/Desktop/Projects/Tulu Dataset/Tulu-Dtatset-V2/cha/cha_64.png,Tulu-Dtatset-V2,cha,train,16a6a4b6c237cbae8868bebec0c21fa17ef64e81eb969348b0e8332b228515eb,361.0,342.0,RGBA,cha_64.png,.png
/home/manvith/Desktop/Projects/Tulu Dataset/Tulu-Dtatset-V2/cha/cha_59.png,Tulu-Dtatset-V2,cha,train,c248ae12c0319b83caab537c2bb199d71d3e9cb99d83d0a1a945d5f30bd0e48e,361.0,342.0,RGBA,cha_59.png,.png
/home/manvith/Desktop/Projects/Tulu Dataset/Tulu-Dtatset-V2/cha/cha_62.png,Tulu-Dtatset-V2,cha,train,a652edcdde61462bb8f406065cc889c46726bf703dbd54f29fc136dfafb7ff27,361.0,342.0,RGBA,cha_62.png,.png
/home/manvith/Desktop/Projects/Tulu Dataset/Tulu-Dtatset-V2/cha/cha_57.png,Tulu-Dtatset-V2,cha,train,a32b4a8289dd9f1d285ac68e3b7ca87adff81c975603fd904e3856390e448b77,361.0,342.0,RGBA,cha_57.png,.png
/home/manvith/Desktop/Projects/Tulu Dataset/Tulu-Dtatset-V2/cha/cha_88.png,Tulu-Dtatset-V2,cha,train,dcdd377a67ae189d5548fe1f383eb192096316a6cb8d515cf8da9b6db4b734c6,361.0,343.0,RGBA,cha_88.png,.png
/home/manvith/Desktop/Projects/Tulu Dataset/Tulu-Dtatset-V2/cha/cha_48.png,Tulu-Dtatset-V2,cha,train,283522c4ffd66b132f1f28a8c80f25912b78517e378aef248a43cf4ccc467f74,361.0,342.0,RGBA,cha_48.png,.png
/home/manvith/Desktop/Projects/Tulu Dataset/Tulu-Dtatset-V2/cha/cha_9.png,Tulu-Dtatset-V2,cha,train,078341ed1353b52d6332a0172907161077c5164981c265c570160b9041bdf915,362.0,347.0,RGBA,cha_9.png,.png
/home/manvith/Desktop/Projects/Tulu Dataset/Tulu-Dtatset-V2/cha/cha_40.png,Tulu-Dtatset-V2,cha,train,43a1bb723ba3bcc46ee24438be812afca49afa2a3db5e68dd40d74bbcd6e789f,364.0,343.0,RGBA,cha_40.png,.png
/home/manvith/Desktop/Projects/Tulu Dataset/Tulu-Dtatset-V2/cha/cha_11.png,Tulu-Dtatset-V2,cha,train,bee1f2680deb1bfdf6fa0edc3ac68d7043a1a596ae484e3ad4f633441654d8c7,360.0,342.0,RGBA,cha_11.png,.png
/home/manvith/Desktop/Projects/Tulu Dataset/Tulu-Dtatset-V2/cha/cha_93.png,Tulu-Dtatset-V2,cha,train,fa7d6e25c3210fad4f949beb3396e9ce5a1061271a4096a1ef55190eb760bd76,361.0,343.0,RGBA,cha_93.png,.png
/home/manvith/Desktop/Projects/Tulu Dataset/Tulu-Dtatset-V2/cha/cha_97.png,Tulu-Dtatset-V2,cha,train,0c5a77de914c984f846ff6070408d92116e3b912f8c225890a837fae3bafd3e3,361.0,343.0,RGBA,cha_97.png,.png
/home/manvith/Desktop/Projects/Tulu Dataset/Tulu-Dtatset-V2/cha/cha_16.png,Tulu-Dtatset-V2,cha,train,f4d06af1ca3ac944cfe0dc82d5556164cc471612339788d5092625438bd82ddb,364.0,343.0,RGBA,cha_16.png,.png
/home/manvith/Desktop/Projects/Tulu Dataset/Tulu-Dtatset-V2/cha/cha_75.png,Tulu-Dtatset-V2,cha,train,8acd964941408c3b48826e78466a5f6fcb57c6e2f655e08220b7674df118cbf7,365.0,348.0,RGBA,cha_75.png,.png
/home/manvith/Desktop/Projects/Tulu Dataset/Tulu-Dtatset-V2/cha/cha_77.png,Tulu-Dtatset-V2,cha,train,bbbe5cf3f6e1d1897f7b2727a36f60b9cd6155d0b72c19d625de1e2e3aa65f1c,365.0,348.0,RGBA,cha_77.png,.png
/home/manvith/Desktop/Projects/Tulu Dataset/Tulu-Dtatset-V2/cha/cha_1.png,Tulu-Dtatset-V2,cha,train,eb0d71e4470582111248fba0d7f9bed76f7eeac7458c76022f7783bf55b345b8,364.0,343.0,RGBA,cha_1.png,.png
/home/manvith/Desktop/Projects/Tulu Dataset/Tulu-Dtatset-V2/cha/cha_26.png,Tulu-Dtatset-V2,cha,train,d87f343981339c281e989f134faee9b7c210ab5708c84c65d7d4586b624e428c,364.0,343.0,RGBA,cha_26.png,.png
/home/manvith/Desktop/Projects/Tulu Dataset/Tulu-Dtatset-V2/cha/cha_92.png,Tulu-Dtatset-V2,cha,train,445b1fe99d3e458dfc1217e32571a421bf7bdb0e0371e473831667a7892c76ed,361.0,343.0,RGBA,cha_92.png,.png
/home/manvith/Desktop/Projects/Tulu Dataset/Tulu-Dtatset-V2/cha/cha_68.png,Tulu-Dtatset-V2,cha,train,273cddf2e763e4621d76c3aa8b9cdec7708ee7852aa79ecc1f190fb11c7ce476,361.0,342.0,RGBA,cha_68.png,.png
/home/manvith/Desktop/Projects/Tulu Dataset/Tulu-Dtatset-V2/cha/cha_21.png,Tulu-Dtatset-V2,cha,train,dced841fe1459c8895d06805bddf2d52331aee92a1b794f0e47cbb51afa040e4,364.0,343.0,RGBA,cha_21.png,.png
/home/manvith/Desktop/Projects/Tulu Dataset/Tulu-Dtatset-V2/cha/cha_8.png,Tulu-Dtatset-V2,cha,train,fe66cd66dbfc2889bc7dee900935cc7100fc22275b14d22bf4d9901997d4d1e6,360.0,343.0,RGBA,cha_8.png,.png
/home/manvith/Desktop/Projects/Tulu Dataset/Tulu-Dtatset-V2/cha/cha_2.png,Tulu-Dtatset-V2,cha,train,d2d3ee28200af4754dab9492fb2827cb3d6c99558c17d2942d730793b8395d7e,363.0,349.0,RGBA,cha_2.png,.png
/home/manvith/Desktop/Projects/Tulu Dataset/Tulu-Dtatset-V2/cha/cha_14.png,Tulu-Dtatset-V2,cha,train,f426742dc2d77f4e02ec946027c22ac21767e0f8e9d8ce15b365e83a0ac213d2,363.0,340.0,RGBA,cha_14.png,.png
/home/manvith/Desktop/Projects/Tulu Dataset/Tulu-Dtatset-V2/cha/cha_25.png,Tulu-Dtatset-V2,cha,train,61455e55954ef2e98b534cc4d1282ac6060baff77164b6e593b0c3cce33a94a7,364.0,343.0,RGBA,cha_25.png,.png
/home/manvith/Desktop/Projects/Tulu Dataset/Tulu-Dtatset-V2/cha/cha_43.png,Tulu-Dtatset-V2,cha,train,2a61888d0e6b54339369b2936538255a49216dc2745cbc4f0e8ca18765104a3d,361.0,342.0,RGBA,cha_43.png,.png
/home/manvith/Desktop/Projects/Tulu Dataset/Tulu-Dtatset-V2/cha/cha_39.png,Tulu-Dtatset-V2,cha,train,109fee08a6646bbd3500bd60f9f0ee2d1ca4c8a0a2f80f33536df41465199d52,364.0,343.0,RGBA,cha_39.png,.png
/home/manvith/Desktop/Projects/Tulu Dataset/Tulu-Dtatset-V2/cha/cha_52.png,Tulu-Dtatset-V2,cha,train,8afcd56a6eee41e385766cbbb754113d861289b31c178cc9e6c8af963f7d0cc5,361.0,342.0,RGBA,cha_52.png,.png
/home/manvith/Desktop/Projects/Tulu Dataset/Tulu-Dtatset-V2/cha/cha_96.png,Tulu-Dtatset-V2,cha,train,59f3f24a49944033231a3a941c61880c5c07f3933571d4ca1eb68e9cfe2d6b62,361.0,343.0,RGBA,cha_96.png,.png
/home/manvith/Desktop/Projects/Tulu Dataset/Tulu-Dtatset-V2/cha/cha_50.png,Tulu-Dtatset-V2,cha,train,01e3a5b1df2f1a2db4cb196849a71b67225c523524b65c02a9985d649e4473b3,361.0,342.0,RGBA,cha_50.png,.png
/home/manvith/Desktop/Projects/Tulu Dataset/Tulu-Dtatset-V2/cha/cha_24.png,Tulu-Dtatset-V2,cha,train,65aaced4abc5449221bde3f7d76bcc9a99150a29abb3523e48545e6592aaf594,364.0,343.0,RGBA,cha_24.png,.png
/home/manvith/Desktop/Projects/Tulu Dataset/Tulu-Dtatset-V2/cha/cha_36.png,Tulu-Dtatset-V2,cha,train,ad9f7219f635759fe2fcd4c36737877aa46c9548f6d2c24a4759f0281e72a055,364.0,343.0,RGBA,cha_36.png,.png
/home/manvith/Desktop/Projects/Tulu Dataset/Tulu-Dtatset-V2/cha/cha_84.png,Tulu-Dtatset-V2,cha,train,6f7ad34f8c77eee37ab027479a80891a963dc732e85ff3a98c54ad5c266f89be,365.0,348.0,RGBA,cha_84.png,.png
/home/manvith/Desktop/Projects/Tulu Dataset/Tulu-Dtatset-V2/cha/cha_33.png,Tulu-Dtatset-V2,cha,train,f5fc1d316794d49efdbd995cda24443e40806029f3bbc43ca39dd4c396b826d6,364.0,343.0,RGBA,cha_33.png,.png
/home/manvith/Desktop/Projects/Tulu Dataset/Tulu-Dtatset-V2/cha/cha_70.png,Tulu-Dtatset-V2,cha,train,688ec20d17b0d0ab3835529c4b65368b0a80ba5a83009caf448ca13705ed9957,361.0,342.0,RGBA,cha_70.png,.png
/home/manvith/Desktop/Projects/Tulu Dataset/Tulu-Dtatset-V2/cha/cha_3.png,Tulu-Dtatset-V2,cha,train,2183de264e2e765e87c3d7c550813a82855c1aaac7ff74215c35e9c0dcd19b5a,355.0,345.0,RGBA,cha_3.png,.png
/home/manvith/Desktop/Projects/Tulu Dataset/Tulu-Dtatset-V2/cha/cha_71.png,Tulu-Dtatset-V2,cha,train,2d69c066934d1f30019b5d71fffd65e3d39a079b8fd2490fc23be65bf3749cf8,365.0,348.0,RGBA,cha_71.png,.png
/home/manvith/Desktop/Projects/Tulu Dataset/Tulu-Dtatset-V2/cha/cha_45.png,Tulu-Dtatset-V2,cha,train,35d2ccbc3a0713ec1b8fc896dc377817e8673dd1b086acf498a7025c23d16bea,361.0,342.0,RGBA,cha_45.png,.png
/home/manvith/Desktop/Projects/Tulu Dataset/Tulu-Dtatset-V2/cha/cha_30.png,Tulu-Dtatset-V2,cha,train,e31d4d94dd2d2f23cd5ae349c50a2e899ce745fe17722aceb060b5c0990adc28,364.0,343.0,RGBA,cha_30.png,.png
/home/manvith/Desktop/Projects/Tulu Dataset/Tulu-Dtatset-V2/cha/cha_22.png,Tulu-Dtatset-V2,cha,train,99506de9ac16bc2194b1e61303f749fb1257e3b7a4d3fd3da1b087182657f958,364.0,343.0,RGBA,cha_22.png,.png
/home/manvith/Desktop/Projects/Tulu Dataset/Tulu-Dtatset-V2/cha/cha_35.png,Tulu-Dtatset-V2,cha,train,ae217d9239bbfcac386c9336b41d7556cef393fa895141fd434a6d2102d9cbab,364.0,343.0,RGBA,cha_35.png,.png
/home/manvith/Desktop/Projects/Tulu Dataset/Tulu-Dtatset-V2/cha/cha_38.png,Tulu-Dtatset-V2,cha,train,224f0ef5b5e03872450d62893ed1332e56207ada51817922ccd0a19ff2046dc8,364.0,343.0,RGBA,cha_38.png,.png
/home/manvith/Desktop/Projects/Tulu Dataset/Tulu-Dtatset-V2/cha/cha_87.png,Tulu-Dtatset-V2,cha,train,0770b9ad846b9595a5ab38875115eaa8e865551a0d1f9a592f678caa99b0c97d,361.0,343.0,RGBA,cha_87.png,.png
/home/manvith/Desktop/Projects/Tulu Dataset/Tulu-Dtatset-V2/cha/cha_4.png,Tulu-Dtatset-V2,cha,train,bb457ae0a445f536facaa9638284133ae6476dd959212880d1e5a63e6fc22a7b,361.0,343.0,RGBA,cha_4.png,.png
/home/manvith/Desktop/Projects/Tulu Dataset/Tulu-Dtatset-V2/cha/cha_61.png,Tulu-Dtatset-V2,cha,train,4b90d5353086ff9d395745da9d83373a3352fe381a699cbe1f7b2ba7d027e422,361.0,342.0,RGBA,cha_61.png,.png
/home/manvith/Desktop/Projects/Tulu Dataset/Tulu-Dtatset-V2/cha/cha_5.png,Tulu-Dtatset-V2,cha,train,aed5ac3994e0cbb8cf9884f2832611c96006e2624ebbf1daf53e9b0db9714aa5,361.0,342.0,RGBA,cha_5.png,.png
/home/manvith/Desktop/Projects/Tulu Dataset/Tulu-Dtatset-V2/cha/cha_47.png,Tulu-Dtatset-V2,cha,train,f614793f1cdd376cc581d668a75e39653290523ba4a6e7c1366f4d9ca5603d59,361.0,342.0,RGBA,cha_47.png,.png
/home/manvith/Desktop/Projects/Tulu Dataset/Tulu-Dtatset-V2/cha/cha_82.png,Tulu-Dtatset-V2,cha,train,82648dac0cee463b2cddd854282f6d5f269ada31e418bb183c59f5535f3c4cd7,365.0,348.0,RGBA,cha_82.png,.png
/home/manvith/Desktop/Projects/Tulu Dataset/Tulu-Dtatset-V2/cha/cha_58.png,Tulu-Dtatset-V2,cha,train,ee48305920be3bcc603df09fa7fc01865e5ae713b551b2b5852ffcf300059848,361.0,342.0,RGBA,cha_58.png,.png
/home/manvith/Desktop/Projects/Tulu Dataset/Tulu-Dtatset-V2/cha/cha_49.png,Tulu-Dtatset-V2,cha,train,48616e04e2f66bd4fe929393ae8c328b5dc6303610c98d89e20d574679e0be26,361.0,342.0,RGBA,cha_49.png,.png
/home/manvith/Desktop/Projects/Tulu Dataset/Tulu-Dtatset-V2/chha/chha_92.png,Tulu-Dtatset-V2,chha,train,d6534b349fa29c0c77cf4cc822d82ee72db6643639c158d0b15125b18f8983e4,351.0,346.0,RGBA,chha_92.png,.png
/home/manvith/Desktop/Projects/Tulu Dataset/Tulu-Dtatset-V2/chha/chha_66.png,Tulu-Dtatset-V2,chha,train,6d2f32b555596e2e491f87fe0b9004dece000404f47754f257cdf72c26394e68,359.0,343.0,RGBA,chha_66.png,.png
/home/manvith/Desktop/Projects/Tulu Dataset/Tulu-Dtatset-V2/chha/chha_99.png,Tulu-Dtatset-V2,chha,train,8bc78a36f4bfe8a55f6b3d73f6c2c3a3a145d6b77775686f2411453f3e0a97ad,351.0,346.0,RGBA,chha_99.png,.png
/home/manvith/Desktop/Projects/Tulu Dataset/Tulu-Dtatset-V2/chha/chha_28.png,Tulu-Dtatset-V2,chha,train,4b64dc8c6f6531b18d890b1657774b619ff6ac22ac12b57e61c330a20e071e09,366.0,343.0,RGBA,chha_28.png,.png
/home/manvith/Desktop/Projects/Tulu Dataset/Tulu-Dtatset-V2/chha/chha_53.png,Tulu-Dtatset-V2,chha,train,29780ddaf387c62787d05ab4820f77a795a670ea4fea72ac030b77e299c519d6,359.0,343.0,RGBA,chha_53.png,.png
/home/manvith/Desktop/Projects/Tulu Dataset/Tulu-Dtatset-V2/chha/chha_6.png,Tulu-Dtatset-V2,chha,train,555703ec471d137e757593d9eb26dfed042b08e805b8ca3bbad763a69e8c77a1,360.0,340.0,RGBA,chha_6.png,.png
/home/manvith/Desktop/Projects/Tulu Dataset/Tulu-Dtatset-V2/chha/chha_65.png,Tulu-Dtatset-V2,chha,train,cb6c76b59ccb408843c894c5de05feaddfcb04e2635988b82f3694bbb018be05,359.0,343.0,RGBA,chha_65.png,.png
/home/manvith/Desktop/Projects/Tulu Dataset/Tulu-Dtatset-V2/chha/chha_19.png,Tulu-Dtatset-V2,chha,train,18adf1c88f897a772cdf457675b81eb87b3f050ac60f1ecd7ab93bf06a94e3e8,366.0,343.0,RGBA,chha_19.png,.png
/home/manvith/Desktop/Projects/Tulu Dataset/Tulu-Dtatset-V2/chha/chha_45.png,Tulu-Dtatset-V2,chha,train,578bdc0c603fb0613c551be165ac216ae7438e3758261c11786de7d8fd3dd55f,360.0,340.0,RGBA,chha_45.png,.png
/home/manvith/Desktop/Projects/Tulu Dataset/Tulu-Dtatset-V2/chha/chha_55.png,Tulu-Dtatset-V2,chha,train,9796652367b2e566ba305f93b68da6072b23daffba061e106021ace26d7d18d8,359.0,343.0,RGBA,chha_55.png,.png
/home/manvith/Desktop/Projects/Tulu Dataset/Tulu-Dtatset-V2/chha/chha_64.png,Tulu-Dtatset-V2,chha,train,3bc8d855caee9f3cfba86dace3dd4276b94e4f8eb7012ff46083da83d54a6a0d,359.0,343.0,RGBA,chha_64.png,.png
/home/manvith/Desktop/Projects/Tulu Dataset/Tulu-Dtatset-V2/chha/chha_97.png,Tulu-Dtatset-V2,chha,train,2b7f6366d1efad56dfc5b97a07b395c941d0039b692d48953d1424a285a98aac,351.0,346.0,RGBA,chha_97.png,.png
/home/manvith/Desktop/Projects/Tulu Dataset/Tulu-Dtatset-V2/chha/chha_89.png,Tulu-Dtatset-V2,chha,train,197673fb70803ed43dd1f715f7ee6797f26a2cec6123b3144f55aa67c7285b06,351.0,346.0,RGBA,chha_89.png,.png
/home/manvith/Desktop/Projects/Tulu Dataset/Tulu-Dtatset-V2/chha/chha_14.png,Tulu-Dtatset-V2,chha,train,5d4e49480ee2be7a2c22f3eee036244ad40f97482285c5c79b5510bdd5673d24,363.0,342.0,RGBA,chha_14.png,.png
/home/manvith/Desktop/Projects/Tulu Dataset/Tulu-Dtatset-V2/chha/chha_3.png,Tulu-Dtatset-V2,chha,train,d8176ec2b84731a2489351d59ec579503d773f0c0eb5b8b4d1a96117da9b0c38,351.0,346.0,RGBA,chha_3.png,.png
/home/manvith/Desktop/Projects/Tulu Dataset/Tulu-Dtatset-V2/chha/chha_48.png,Tulu-Dtatset-V2,chha,train,92358a90c9c826470bd0a837351924dbc19b946d5a8a9fae5b60676aaf00cad4,360.0,340.0,RGBA,chha_48.png,.png
/home/manvith/Desktop/Projects/Tulu Dataset/Tulu-Dtatset-V2/chha/chha_44.png,Tulu-Dtatset-V2,chha,train,17e8424b50f8196aa335515dcdd41ad2e3992fea5592be8c7a06f241c1665721,360.0,340.0,RGBA,chha_44.png,.png
/home/manvith/Desktop/Projects/Tulu Dataset/Tulu-Dtatset-V2/chha/chha_83.png,Tulu-Dtatset-V2,chha,train,d0486e2a362dfd2b40f088a727c8444cc776bbeee18511cef3bcf4e43c444251,351.0,346.0,RGBA,chha_83.png,.png
/home/manvith/Desktop/Projects/Tulu Dataset/Tulu-Dtatset-V2/chha/chha_20.png,Tulu-Dtatset-V2,chha,train,2c987eb59d6712d50303c550730bd5e7dbf04224715c343ab4e2726601e49646,366.0,343.0,RGBA,chha_20.png,.png
/home/manvith/Desktop/Projects/Tulu Dataset/Tulu-Dtatset-V2/chha/chha_9.png,Tulu-Dtatset-V2,chha,train,841697df797e0a1d0ac4a4427163633791dba9be83787c8901a0ec33b7e9cdaa,362.0,347.0,RGBA,chha_9.png,.png
/home/manvith/Desktop/Projects/Tulu Dataset/Tulu-Dtatset-V2/chha/chha_96.png,Tulu-Dtatset-V2,chha,train,060c5e9ceec0b4bc7463896e9016eb793a83654603a13eb079d08f0ca0670470,351.0,346.0,RGBA,chha_96.png,.png
/home/manvith/Desktop/Projects/Tulu Dataset/Tulu-Dtatset-V2/chha/chha_16.png,Tulu-Dtatset-V2,chha,train,151f11a7e4a3a0c855643775847ccf8a09e70793407d81752e6791ff7400d1d2,366.0,343.0,RGBA,chha_16.png,.png
/home/manvith/Desktop/Projects/Tulu Dataset/Tulu-Dtatset-V2/chha/chha_73.png,Tulu-Dtatset-V2,chha,train,22127e01e3475e2e9b6265330000348ce483019eb845c92a4201687bd44942b0,351.0,346.0,RGBA,chha_73.png,.png
/home/manvith/Desktop/Projects/Tulu Dataset/Tulu-Dtatset-V2/chha/chha_80.png,Tulu-Dtatset-V2,chha,train,1de9ec244781f384253aa8188d3e1674356c24542ef9f8da43e8b19527507774,351.0,346.0,RGBA,chha_80.png,.png
/home/manvith/Desktop/Projects/Tulu Dataset/Tulu-Dtatset-V2/chha/chha_59.png,Tulu-Dtatset-V2,chha,train,f9033937026ed8536c80e256497f27928146794420f7c0db61d2276cabf1ac5e,359.0,343.0,RGBA,chha_59.png,.png
/home/manvith/Desktop/Projects/Tulu Dataset/Tulu-Dtatset-V2/chha/chha_22.png,Tulu-Dtatset-V2,chha,train,d754fa5fb0f0cce5c5bfa673983c2bf354c7b6c2504c7b5926feef8dd614face,366.0,343.0,RGBA,chha_22.png,.png
/home/manvith/Desktop/Projects/Tulu Dataset/Tulu-Dtatset-V2/chha/chha_52.png,Tulu-Dtatset-V2,chha,train,35c9e30c8ea71249636f3afbd04eef53ecfc0b15e65329cf480463bd07c0f9db,359.0,343.0,RGBA,chha_52.png,.png
/home/manvith/Desktop/Projects/Tulu Dataset/Tulu-Dtatset-V2/chha/chha_47.png,Tulu-Dtatset-V2,chha,train,9695ba65b4297b3a69dd3da91df3addb93506de276a303fe731b2aa14700c664,360.0,340.0,RGBA,chha_47.png,.png
/home/manvith/Desktop/Projects/Tulu Dataset/Tulu-Dtatset-V2/chha/chha_30.png,Tulu-Dtatset-V2,chha,train,07642f097a1903199f0164a3d7a7c9e24502e49dbba646f4808fe32caf63b389,366.0,343.0,RGBA,chha_30.png,.png
/home/manvith/Desktop/Projects/Tulu Dataset/Tulu-Dtatset-V2/chha/chha_5.png,Tulu-Dtatset-V2,chha,train,4687dbb8d1422306dca3664c85d5acc9325e1108d6c8ea1e23175a199018aa54,360.0,344.0,RGBA,chha_5.png,.png
/home/manvith/Desktop/Projects/Tulu Dataset/Tulu-Dtatset-V2/chha/chha_71.png,Tulu-Dtatset-V2,chha,train,75b74b0377ed01ff7accdbc12fc1d40845d5c95bfccb9603d737c8a1386c2f97,351.0,346.0,RGBA,chha_71.png,.png
/home/manvith/Desktop/Projects/Tulu Dataset/Tulu-Dtatset-V2/chha/chha_50.png,Tulu-Dtatset-V2,chha,train,f6861e228942a5e0ee05f59764533113f6c2ef0bae3d296b6cdad47ae3f9975b,360.0,340.0,RGBA,chha_50.png,.png
/home/manvith/Desktop/Projects/Tulu Dataset/Tulu-Dtatset-V2/chha/chha_40.png,Tulu-Dtatset-V2,chha,train,ded9fd1e6c83f547803f68603e095a260fcf624e1a0c294b19866346c43db7d4,360.0,340.0,RGBA,chha_40.png,.png
/home/manvith/Desktop/Projects/Tulu Dataset/Tulu-Dtatset-V2/chha/chha_70.png,Tulu-Dtatset-V2,chha,train,0efd879cc040a456390778a171e330619c340a55b791958ec6112bc6ae12e3a8,359.0,343.0,RGBA,chha_70.png,.png
/home/manvith/Desktop/Projects/Tulu Dataset/Tulu-Dtatset-V2/chha/chha_46.png,Tulu-Dtatset-V2,chha,train,990512caffb01dbeb51c4d2e9838ccd02cf4f2c6621ae0d019eddde0a88ec893,360.0,340.0,RGBA,chha_46.png,.png
/home/manvith/Desktop/Projects/Tulu Dataset/Tulu-Dtatset-V2/chha/chha_10.png,Tulu-Dtatset-V2,chha,train,f54a31681501644c95d4a201849d0885bb53853c1cb954af1bd4bf0e236beadd,362.0,345.0,RGBA,chha_10.png,.png
/home/manvith/Desktop/Projects/Tulu Dataset/Tulu-Dtatset-V2/chha/chha_23.png,Tulu-Dtatset-V2,chha,train,60d89c9b30f71279541598f6edadaeb852fa8becdfc5b0c20ca6c8242c1bcb32,366.0,343.0,RGBA,chha_23.png,.png
/home/manvith/Desktop/Projects/Tulu Dataset/Tulu-Dtatset-V2/chha/chha_86.png,Tulu-Dtatset-V2,chha,train,f72882846ff30ca8536a5bcdfb8540880b97dbe2e4e9de4a79d6d4be76344f15,351.0,346.0,RGBA,chha_86.png,.png
/home/manvith/Desktop/Projects/Tulu Dataset/Tulu-Dtatset-V2/chha/chha_98.png,Tulu-Dtatset-V2,chha,train,98bfbb39f7c7310ea4a40b48702ea36dfbb95516163d6d701d45e4549510c954,351.0,346.0,RGBA,chha_98.png,.png
/home/manvith/Desktop/Projects/Tulu Dataset/Tulu-Dtatset-V2/chha/chha_100.png,Tulu-Dtatset-V2,chha,train,5cda055022e3637f206e10e8215e6efe24dd35fb18406738ddf5ca4ab29b6bd2,351.0,346.0,RGBA,chha_100.png,.png
/home/manvith/Desktop/Projects/Tulu Dataset/Tulu-Dtatset-V2/chha/chha_76.png,Tulu-Dtatset-V2,chha,train,f61b67f7a6fdb8a0221b4003229c33256a1766c7efc8a4ea348bf860c80d630b,351.0,346.0,RGBA,chha_76.png,.png
/home/manvith/Desktop/Projects/Tulu Dataset/Tulu-Dtatset-V2/chha/chha_13.png,Tulu-Dtatset-V2,chha,train,7281c768c3d066a9849022fa70f3e791f63bddf57e393b9beb3310e531c7746d,361.0,342.0,RGBA,chha_13.png,.png
/home/manvith/Desktop/Projects/Tulu Dataset/Tulu-Dtatset-V2/chha/chha_57.png,Tulu-Dtatset-V2,chha,train,c33e53ea3abf5e777cd8254f436c578391d882c6541ed62dcb256f935a7ff044,359.0,343.0,RGBA,chha_57.png,.png
/home/manvith/Desktop/Projects/Tulu Dataset/Tulu-Dtatset-V2/chha/chha_37.png,Tulu-Dtatset-V2,chha,train,597314cef5c77fba833caa724798c16ab5275add2d37c601ad14d3c36b83b479,360.0,340.0,RGBA,chha_37.png,.png
/home/manvith/Desktop/Projects/Tulu Dataset/Tulu-Dtatset-V2/chha/chha_68.png,Tulu-Dtatset-V2,chha,train,72c83b074ad54c048e05aaed99d8da1d92ec5c21f516455fd07e56e87b980bcc,359.0,343.0,RGBA,chha_68.png,.png
/home/manvith/Desktop/Projects/Tulu Dataset/Tulu-Dtatset-V2/chha/chha_38.png,Tulu-Dtatset-V2,chha,train,93dc661abfcc24b50e634c33b57b80c902995805a250c9b3eb62d6789c62f333,360.0,340.0,RGBA,chha_38.png,.png
/home/manvith/Desktop/Projects/Tulu Dataset/Tulu-Dtatset-V2/chha/chha_24.png,Tulu-Dtatset-V2,chha,train,0c69c8c86c8c443b00c0e3fb6da6a9cb52f7017d764ecdd01c6af6ab7e8f277c,366.0,343.0,RGBA,chha_24.png,.png
/home/manvith/Desktop/Projects/Tulu Dataset/Tulu-Dtatset-V2/chha/chha_88.png,Tulu-Dtatset-V2,chha,train,3362c39f880f5d409a4156ea67db3a40c661e13272d9855202fa0060daed23ad,351.0,346.0,RGBA,chha_88.png,.png
/home/manvith/Desktop/Projects/Tulu Dataset/Tulu-Dtatset-V2/chha/chha_95.png,Tulu-Dtatset-V2,chha,train,9c9a23e1d97ebcd27f838df19852f69cbb3fd56fd4e9cf78418ae50b9a7eb5b0,351.0,346.0,RGBA,chha_95.png,.png
/home/manvith/Desktop/Projects/Tulu Dataset/Tulu-Dtatset-V2/chha/chha_62.png,Tulu-Dtatset-V2,chha,train,d63efb764a48bdd1123782f367009822a60839ab16a14263aca6ea14d8569ab1,359.0,343.0,RGBA,chha_62.png,.png
/home/manvith/Desktop/Projects/Tulu Dataset/Tulu-Dtatset-V2/chha/chha_49.png,Tulu-Dtatset-V2,chha,train,fd6a7d5b4a954f3ec54d0f4bebd33d260f7ad23c75d63ba7a70fe71c6ddf32aa,360.0,340.0,RGBA,chha_49.png,.png
/home/manvith/Desktop/Projects/Tulu Dataset/Tulu-Dtatset-V2/chha/chha_74.png,Tulu-Dtatset-V2,chha,train,4814b639270aadb5521f489ad9dff834e313ce08f0bf863b7ba5981b82850408,351.0,346.0,RGBA,chha_74.png,.png
/home/manvith/Desktop/Projects/Tulu Dataset/Tulu-Dtatset-V2/chha/chha_15.png,Tulu-Dtatset-V2,chha,train,7bed7c29578b6dd461e26abcb9bd6f4551e57de58fe517f76a0e6773bbc33e95,361.0,348.0,RGBA,chha_15.png,.png
/home/manvith/Desktop/Projects/Tulu Dataset/Tulu-Dtatset-V2/chha/chha_7.png,Tulu-Dtatset-V2,chha,train,3751fbe64dff89429d049eabcbb562f6a67888b8c822a70518f3190992a498d7,366.0,347.0,RGBA,chha_7.png,.png
/home/manvith/Desktop/Projects/Tulu Dataset/Tulu-Dtatset-V2/chha/chha_67.png,Tulu-Dtatset-V2,chha,train,d30e9b63a6da9ad1cce25eb30f7569fdbff0a52660edc8977af014903ea761e9,359.0,343.0,RGBA,chha_67.png,.png
/home/manvith/Desktop/Projects/Tulu Dataset/Tulu-Dtatset-V2/chha/chha_77.png,Tulu-Dtatset-V2,chha,train,1d68961add535e566e6616f79e27004164cbe3998b506c571db5ee1e6edfef64,351.0,346.0,RGBA,chha_77.png,.png
/home/manvith/Desktop/Projects/Tulu Dataset/Tulu-Dtatset-V2/chha/chha_84.png,Tulu-Dtatset-V2,chha,train,e15c4e738342626f40ed2879102f6937e6cbf64271299e2cd8912c1c6d076d54,351.0,346.0,RGBA,chha_84.png,.png
/home/manvith/Desktop/Projects/Tulu Dataset/Tulu-Dtatset-V2/chha/chha_51.png,Tulu-Dtatset-V2,chha,train,084badb2f338db053fd55367a938a12298c400b352d4181830517b91cc6bbfe8,359.0,343.0,RGBA,chha_51.png,.png
/home/manvith/Desktop/Projects/Tulu Dataset/Tulu-Dtatset-V2/chha/chha_43.png,Tulu-Dtatset-V2,chha,train,278a45deed4e2e528974a2baf2fb6e08850b9a8ede1400b0ad3924fda5d4d73c,360.0,340.0,RGBA,chha_43.png,.png
/home/manvith/Desktop/Projects/Tulu Dataset/Tulu-Dtatset-V2/chha/chha_69.png,Tulu-Dtatset-V2,chha,train,2b7d2ea2ac12c9a0a691c3589d5e359109c05cf62244c77fe8ec8496ff727f65,359.0,343.0,RGBA,chha_69.png,.png
/home/manvith/Desktop/Projects/Tulu Dataset/Tulu-Dtatset-V2/chha/chha_54.png,Tulu-Dtatset-V2,chha,train,32d6caec6e516a953af1e03106f0658fc1b7100b97c241a2d5d0ce21fd5ae75b,359.0,343.0,RGBA,chha_54.png,.png
/home/manvith/Desktop/Projects/Tulu Dataset/Tulu-Dtatset-V2/chha/chha_91.png,Tulu-Dtatset-V2,chha,train,5d6bd62d32add4ce247d63823e94db19b421f2546bbf5e90bdfc7b16879b05de,351.0,346.0,RGBA,chha_91.png,.png
/home/manvith/Desktop/Projects/Tulu Dataset/Tulu-Dtatset-V2/chha/chha_11.png,Tulu-Dtatset-V2,chha,train,dc0949d8ed2f99dc277666a11de5d5e5706421807450a3bc0ea3a34533b64508,363.0,343.0,RGBA,chha_11.png,.png
/home/manvith/Desktop/Projects/Tulu Dataset/Tulu-Dtatset-V2/chha/chha_75.png,Tulu-Dtatset-V2,chha,train,f4a112c418a921a36f3ef3242c3c9475d7fbcb550876ee77b3e3175a10511489,351.0,346.0,RGBA,chha_75.png,.png
/home/manvith/Desktop/Projects/Tulu Dataset/Tulu-Dtatset-V2/chha/chha_25.png,Tulu-Dtatset-V2,chha,train,c0cacd07dbc8e1d4a6480646b0ab5124de710ffa7cddec11f13289b755237392,366.0,343.0,RGBA,chha_25.png,.png
/home/manvith/Desktop/Projects/Tulu Dataset/Tulu-Dtatset-V2/chha/chha_4.png,Tulu-Dtatset-V2,chha,train,2c635a47f3a307a8692e0d22e9f9b49b872271dea16c0a3f8d190e6d5db6a04f,367.0,343.0,RGBA,chha_4.png,.png
/home/manvith/Desktop/Projects/Tulu Dataset/Tulu-Dtatset-V2/chha/chha_26.png,Tulu-Dtatset-V2,chha,train,5f8b003f82f64d08635045db9791f8ca8cf2eb40be89063f55305128120d620d,366.0,343.0,RGBA,chha_26.png,.png
/home/manvith/Desktop/Projects/Tulu Dataset/Tulu-Dtatset-V2/chha/chha_34.png,Tulu-Dtatset-V2,chha,train,57d3acb6f7fbfafef2f7e85149a7217df855dc2852ac933c11d50a940330f59c,360.0,340.0,RGBA,chha_34.png,.png
/home/manvith/Desktop/Projects/Tulu Dataset/Tulu-Dtatset-V2/chha/chha_21.png,Tulu-Dtatset-V2,chha,train,25e95e2a7b5955408a77e2fc121e3a1fb9d075088651a9faf5a61350022ddef2,366.0,343.0,RGBA,chha_21.png,.png
/home/manvith/Desktop/Projects/Tulu Dataset/Tulu-Dtatset-V2/chha/chha_58.png,Tulu-Dtatset-V2,chha,train,5f9d74f2356c584218aa7e7582bce7e839f423319b460dbd739a6ac829cd4c3a,359.0,343.0,RGBA,chha_58.png,.png
/home/manvith/Desktop/Projects/Tulu Dataset/Tulu-Dtatset-V2/chha/chha_31.png,Tulu-Dtatset-V2,chha,train,6b29b019a0b1074bbdf9b77d03ba19b8c3476f03cde1d7d2b1c944e0f2cd4115,360.0,340.0,RGBA,chha_31.png,.png
/home/manvith/Desktop/Projects/Tulu Dataset/Tulu-Dtatset-V2/chha/chha_93.png,Tulu-Dtatset-V2,chha,train,6d8d06bde4870bcb0b0d225e1eecb956d56b2035866d51f064e05e5bf17f01d7,351.0,346.0,RGBA,chha_93.png,.png
/home/manvith/Desktop/Projects/Tulu Dataset/Tulu-Dtatset-V2/chha/chha_79.png,Tulu-Dtatset-V2,chha,train,826bc32dfed3c737d72626ca56b62c82688216046143ca847ea690917c9dbefb,351.0,346.0,RGBA,chha_79.png,.png
/home/manvith/Desktop/Projects/Tulu Dataset/Tulu-Dtatset-V2/chha/chha_87.png,Tulu-Dtatset-V2,chha,train,08b5ea6676f9965f010debd6ca12b059319e4f7ebd1ab9256f77153435c3cbb8,351.0,346.0,RGBA,chha_87.png,.png
/home/manvith/Desktop/Projects/Tulu Dataset/Tulu-Dtatset-V2/chha/chha_61.png,Tulu-Dtatset-V2,chha,train,fc63903d74c75befd515ef3199a06d5a9475fa0b5e8c33beaca2fa25c4b812ad,359.0,343.0,RGBA,chha_61.png,.png
/home/manvith/Desktop/Projects/Tulu Dataset/Tulu-Dtatset-V2/chha/chha_82.png,Tulu-Dtatset-V2,chha,train,5a2f20271bf6f3ab091f4a5929f2f506e5c15a98417e6a266177fd57cc0b873f,351.0,346.0,RGBA,chha_82.png,.png
/home/manvith/Desktop/Projects/Tulu Dataset/Tulu-Dtatset-V2/chha/chha_41.png,Tulu-Dtatset-V2,chha,train,e3a2ca4ef0c369691dbfcaad203d40b35ef05f68976ab4457133f549cc655c42,360.0,340.0,RGBA,chha_41.png,.png
/home/manvith/Desktop/Projects/Tulu Dataset/Tulu-Dtatset-V2/chha/chha_35.png,Tulu-Dtatset-V2,chha,train,181af266da2311207704e94226d893e089d9001317d5d3f3d1f2257a57e83615,360.0,340.0,RGBA,chha_35.png,.png
/home/manvith/Desktop/Projects/Tulu Dataset/Tulu-Dtatset-V2/chha/chha_12.png,Tulu-Dtatset-V2,chha,train,b2ce90b42f0b0202ab285e9a155ec34b09f55e74d5260891c48e9cd09258ef77,366.0,337.0,RGBA,chha_12.png,.png
/home/manvith/Desktop/Projects/Tulu Dataset/Tulu-Dtatset-V2/chha/chha_42.png,Tulu-Dtatset-V2,chha,train,fba0f77abbda20cea26c4594082192795a074543e4f3338534a501b2d62e8527,360.0,340.0,RGBA,chha_42.png,.png
/home/manvith/Desktop/Projects/Tulu Dataset/Tulu-Dtatset-V2/da/da_100.png,Tulu-Dtatset-V2,da,train,266e5841eb75e61b7ec2ecc9afd9e529c8576223248f7ce132770cec653abdb1,362.0,347.0,RGBA,da_100.png,.png
/home/manvith/Desktop/Projects/Tulu Dataset/Tulu-Dtatset-V2/da/da_19.png,Tulu-Dtatset-V2,da,train,fb25502956b20532e007b8311c9a6eec15fb46b78e19fd22f8c13ced5b151956,348.0,346.0,RGBA,da_19.png,.png
/home/manvith/Desktop/Projects/Tulu Dataset/Tulu-Dtatset-V2/da/da_49.png,Tulu-Dtatset-V2,da,train,91b8e778a5533d4e9dfaa933b66c7533e6c628a00c3a33320a44ab47409457d2,358.0,342.0,RGBA,da_49.png,.png
/home/manvith/Desktop/Projects/Tulu Dataset/Tulu-Dtatset-V2/da/da_3.png,Tulu-Dtatset-V2,da,train,f83e6b8e556090513c864b6b0b49e087f2e11dcf3961f6a76ba5470afd4a37ad,348.0,346.0,RGBA,da_3.png,.png
/home/manvith/Desktop/Projects/Tulu Dataset/Tulu-Dtatset-V2/da/da_9.png,Tulu-Dtatset-V2,da,train,567496177d8724ba3f6828971d165d0c2e829468e157ba4cc2d542d4646901ab,369.0,356.0,RGBA,da_9.png,.png
/home/manvith/Desktop/Projects/Tulu Dataset/Tulu-Dtatset-V2/da/da_80.png,Tulu-Dtatset-V2,da,train,3a0e700d2322927cf273ae514d60d4add03ab5b3fb71c0ed70c6cac3e7ac6a40,362.0,347.0,RGBA,da_80.png,.png
/home/manvith/Desktop/Projects/Tulu Dataset/Tulu-Dtatset-V2/da/da_35.png,Tulu-Dtatset-V2,da,train,06dfd1a1e00691fa1c1cb475ce6b84e264169c8f6016a7231a5c5c82dadaa590,358.0,342.0,RGBA,da_35.png,.png
/home/manvith/Desktop/Projects/Tulu Dataset/Tulu-Dtatset-V2/da/da_70.png,Tulu-Dtatset-V2,da,train,de2f013571f4f2d262474f74ead0f785488a505169ad7f02891de9478bcc2bef,357.0,348.0,RGBA,da_70.png,.png
/home/manvith/Desktop/Projects/Tulu Dataset/Tulu-Dtatset-V2/da/da_4.png,Tulu-Dtatset-V2,da,train,337a0dc8b8e9962e92fa89e66ad82828d6ceb9895b2a5a93305939cf259801b1,364.0,347.0,RGBA,da_4.png,.png
/home/manvith/Desktop/Projects/Tulu Dataset/Tulu-Dtatset-V2/da/da_6.png,Tulu-Dtatset-V2,da,train,ebfe9f50afae747ef34ed4f08ada2a61668304abc900dd64f14fd0c8342ca7fb,365.0,342.0,RGBA,da_6.png,.png
/home/manvith/Desktop/Projects/Tulu Dataset/Tulu-Dtatset-V2/da/da_79.png,Tulu-Dtatset-V2,da,train,2bbc70381ed3a9e2bdb5418136e465f6393a49b7419c1c4ce635157f066cf996,362.0,347.0,RGBA,da_79.png,.png
/home/manvith/Desktop/Projects/Tulu Dataset/Tulu-Dtatset-V2/da/da_21.png,Tulu-Dtatset-V2,da,train,afd27abd3936c2ab6b5b3b66cf17d219491cc717faa8fcb3f17a3104c6b63c7f,348.0,346.0,RGBA,da_21.png,.png
/home/manvith/Desktop/Projects/Tulu Dataset/Tulu-Dtatset-V2/da/da_43.png,Tulu-Dtatset-V2,da,train,5c3d6d4385059586f75d6a7fbfce29796ada467a5922891b5b660cc323f666be,358.0,342.0,RGBA,da_43.png,.png
/home/manvith/Desktop/Projects/Tulu Dataset/Tulu-Dtatset-V2/da/da_34.png,Tulu-Dtatset-V2,da,train,2051d7bb95fa055ed05d2ded9667d574959bef75406c0acef50849666f4c3bb5,358.0,342.0,RGBA,da_34.png,.png
/home/manvith/Desktop/Projects/Tulu Dataset/Tulu-Dtatset-V2/da/da_64.png,Tulu-Dtatset-V2,da,train,88240363d58f868c50605d14017f2b3d462b64b3fbd96cd8c179ebf6e27c4f2a,357.0,348.0,RGBA,da_64.png,.png
/home/manvith/Desktop/Projects/Tulu Dataset/Tulu-Dtatset-V2/da/da_95.png,Tulu-Dtatset-V2,da,train,bf595bff7a73e71ebae85d3e56c17e5b2e8db49886005a1b7423fe62e5dd9c64,362.0,347.0,RGBA,da_95.png,.png
/home/manvith/Desktop/Projects/Tulu Dataset/Tulu-Dtatset-V2/da/da_27.png,Tulu-Dtatset-V2,da,train,1ccbb4b8e5bd10fd1e8b81b9ea5defca06e2ff08c76bad9d2be5e8b731b5bfeb,348.0,346.0,RGBA,da_27.png,.png
/home/manvith/Desktop/Projects/Tulu Dataset/Tulu-Dtatset-V2/da/da_88.png,Tulu-Dtatset-V2,da,train,9443be7d92283f193c24fdb503195da5b27b677d31fb164b5d86fa424aba35f0,362.0,347.0,RGBA,da_88.png,.png
/home/manvith/Desktop/Projects/Tulu Dataset/Tulu-Dtatset-V2/da/da_77.png,Tulu-Dtatset-V2,da,train,84afde8636469fa13aa7524490201066475096e3e7ac89ac6f30023377562943,362.0,347.0,RGBA,da_77.png,.png
/home/manvith/Desktop/Projects/Tulu Dataset/Tulu-Dtatset-V2/da/da_48.png,Tulu-Dtatset-V2,da,train,1b83b0040d9502d289cdcf9830777c18ad998ea0186d80ec4556c46cc89ae09f,358.0,342.0,RGBA,da_48.png,.png
/home/manvith/Desktop/Projects/Tulu Dataset/Tulu-Dtatset-V2/da/da_90.png,Tulu-Dtatset-V2,da,train,aeb56e57f57e23fb9c1e4f4c6133aa6b4f92b3965d72e69fd788d7ed65a658e4,362.0,347.0,RGBA,da_90.png,.png
/home/manvith/Desktop/Projects/Tulu Dataset/Tulu-Dtatset-V2/da/da_54.png,Tulu-Dtatset-V2,da,train,fd3b74d79d61504d112b09a80281f08d490fb3cfac9af79b8e8b4c595a39e184,357.0,348.0,RGBA,da_54.png,.png
/home/manvith/Desktop/Projects/Tulu Dataset/Tulu-Dtatset-V2/da/da_44.png,Tulu-Dtatset-V2,da,train,b93e6b9c4e1679b486bfeb7d7ddbb2056a90c684402248125a4bee9509f1c999,358.0,342.0,RGBA,da_44.png,.png
/home/manvith/Desktop/Projects/Tulu Dataset/Tulu-Dtatset-V2/da/da_30.png,Tulu-Dtatset-V2,da,train,10a90206a5d3a4efdb09826f8fc464fff786f2e218f13394b3a8bf66ac207e4a,348.0,346.0,RGBA,da_30.png,.png
/home/manvith/Desktop/Projects/Tulu Dataset/Tulu-Dtatset-V2/da/da_68.png,Tulu-Dtatset-V2,da,train,b652ade0e4d199f00be754e4b5a1195a84941d6405a752bd61d9a5b025270e05,357.0,348.0,RGBA,da_68.png,.png
/home/manvith/Desktop/Projects/Tulu Dataset/Tulu-Dtatset-V2/da/da_89.png,Tulu-Dtatset-V2,da,train,3a0a3a954b9805fdca8d4702c50fb8adf7cb8177d1e31c2256b1aa66439c3b3c,362.0,347.0,RGBA,da_89.png,.png
/home/manvith/Desktop/Projects/Tulu Dataset/Tulu-Dtatset-V2/da/da_74.png,Tulu-Dtatset-V2,da,train,1dafae585d93575143aa455421bb30cea83b596962253d1a860c566528275f30,362.0,347.0,RGBA,da_74.png,.png
/home/manvith/Desktop/Projects/Tulu Dataset/Tulu-Dtatset-V2/da/da_94.png,Tulu-Dtatset-V2,da,train,c52b2a6392dc3966f92b856163dab1f4c32ef4959feaaf56090d8dbe80f11042,362.0,347.0,RGBA,da_94.png,.png
/home/manvith/Desktop/Projects/Tulu Dataset/Tulu-Dtatset-V2/da/da_75.png,Tulu-Dtatset-V2,da,train,6630d213eca4f0a98b3958f615c3d52ca2c655e8ce60a3e5ea09c72edaf76aea,362.0,347.0,RGBA,da_75.png,.png
/home/manvith/Desktop/Projects/Tulu Dataset/Tulu-Dtatset-V2/da/da_32.png,Tulu-Dtatset-V2,da,train,733ccce4c47c6f816557f6e5b3465542e0a0537fc7efe701d306fd5212959188,358.0,342.0,RGBA,da_32.png,.png
/home/manvith/Desktop/Projects/Tulu Dataset/Tulu-Dtatset-V2/da/da_59.png,Tulu-Dtatset-V2,da,train,84b6071acf86afb52210192710b1f850ca1eb1677162ec955882964bc2f8f084,357.0,348.0,RGBA,da_59.png,.png
/home/manvith/Desktop/Projects/Tulu Dataset/Tulu-Dtatset-V2/da/da_29.png,Tulu-Dtatset-V2,da,train,4a7ca17d6e35f41990b7db1cae72b9c747984e966448ec3b1ea51ac0f0a39cc4,348.0,346.0,RGBA,da_29.png,.png
/home/manvith/Desktop/Projects/Tulu Dataset/Tulu-Dtatset-V2/da/da_52.png,Tulu-Dtatset-V2,da,train,0e49ff38da62d93d833d2045da5b93a7add4911a0995ce82394189f423b0b885,357.0,348.0,RGBA,da_52.png,.png
/home/manvith/Desktop/Projects/Tulu Dataset/Tulu-Dtatset-V2/da/da_81.png,Tulu-Dtatset-V2,da,train,3a05563b153b9fe623223d5a3a5bea524eefe1b4ff03aff500107b0bafa4eaa0,362.0,347.0,RGBA,da_81.png,.png
/home/manvith/Desktop/Projects/Tulu Dataset/Tulu-Dtatset-V2/da/da_97.png,Tulu-Dtatset-V2,da,train,63fe13c06ad01f12aac6d32ce4e85d71753a870492d7ceb4c5e78ef44e2dc2e1,362.0,347.0,RGBA,da_97.png,.png
/home/manvith/Desktop/Projects/Tulu Dataset/Tulu-Dtatset-V2/da/da_17.png,Tulu-Dtatset-V2,da,train,cc3657e8e9f5a2dec777294412444b92385a3fe9277ebf90c5778bd9ba40df1d,348.0,346.0,RGBA,da_17.png,.png
/home/manvith/Desktop/Projects/Tulu Dataset/Tulu-Dtatset-V2/da/da_53.png,Tulu-Dtatset-V2,da,train,3d6bbc50b2a4da9882d24e09d847ea88fa75abc9533245e87f3a6ed5df4619a0,357.0,348.0,RGBA,da_53.png,.png
/home/manvith/Desktop/Projects/Tulu Dataset/Tulu-Dtatset-V2/da/da_20.png,Tulu-Dtatset-V2,da,train,693066caf707cb468b64922c994a5dc5b2d57261de8addd8fb255d723e05a916,348.0,346.0,RGBA,da_20.png,.png
/home/manvith/Desktop/Projects/Tulu Dataset/Tulu-Dtatset-V2/da/da_83.png,Tulu-Dtatset-V2,da,train,a1537a1c68e03f457d2318265bad226216845317a2c22f3279fdb5e96a6a0284,362.0,347.0,RGBA,da_83.png,.png
/home/manvith/Desktop/Projects/Tulu Dataset/Tulu-Dtatset-V2/da/da_85.png,Tulu-Dtatset-V2,da,train,20764da17c3b2ebf9649abf622107ec88e729415e296c416beeeab660e42be8a,362.0,347.0,RGBA,da_85.png,.png
/home/manvith/Desktop/Projects/Tulu Dataset/Tulu-Dtatset-V2/da/da_87.png,Tulu-Dtatset-V2,da,train,a93e63f02abdc8d54a3b7e8be9cf7b3318dfac39254bf484b301bd01432cded1,362.0,347.0,RGBA,da_87.png,.png
/home/manvith/Desktop/Projects/Tulu Dataset/Tulu-Dtatset-V2/da/da_76.png,Tulu-Dtatset-V2,da,train,b3520dac14555bf7fc22b982425d3734b240d0467129d6118a10cdf0be840e2e,362.0,347.0,RGBA,da_76.png,.png
/home/manvith/Desktop/Projects/Tulu Dataset/Tulu-Dtatset-V2/da/da_71.png,Tulu-Dtatset-V2,da,train,e839b32a9d04ab25fffc42e40f57ef42eab0aecaefe48c70d72470cff72506e7,362.0,347.0,RGBA,da_71.png,.png
/home/manvith/Desktop/Projects/Tulu Dataset/Tulu-Dtatset-V2/da/da_5.png,Tulu-Dtatset-V2,da,train,8d31035319f99e19cddd92d293f01b1c98e6e0ee016507ff7a79c41dbc7ec653,362.0,347.0,RGBA,da_5.png,.png
/home/manvith/Desktop/Projects/Tulu Dataset/Tulu-Dtatset-V2/da/da_82.png,Tulu-Dtatset-V2,da,train,1a48b266bbc3d98fe8f055fd38b812cc51f80a990051ddaf2110c2ee7cd9caad,362.0,347.0,RGBA,da_82.png,.png
/home/manvith/Desktop/Projects/Tulu Dataset/Tulu-Dtatset-V2/da/da_65.png,Tulu-Dtatset-V2,da,train,1ce966aa57cce3040b9ef43b49a92fb36af59991ca214674693941b64c5ced8f,357.0,348.0,RGBA,da_65.png,.png
/home/manvith/Desktop/Projects/Tulu Dataset/Tulu-Dtatset-V2/da/da_25.png,Tulu-Dtatset-V2,da,train,a6885801a811c77b487f35522d007ec3a9b85ec4dfca649067d1b9457e0d8058,348.0,346.0,RGBA,da_25.png,.png
/home/manvith/Desktop/Projects/Tulu Dataset/Tulu-Dtatset-V2/da/da_55.png,Tulu-Dtatset-V2,da,train,956d6329c044f7930a9f609ee5236e54c6302fd084e826e3ee5e06d7258f837e,357.0,348.0,RGBA,da_55.png,.png
/home/manvith/Desktop/Projects/Tulu Dataset/Tulu-Dtatset-V2/da/da_93.png,Tulu-Dtatset-V2,da,train,68d3d611969bfc578a2879d523b9866c5006354d68086b45631ffdf67a191642,362.0,347.0,RGBA,da_93.png,.png
/home/manvith/Desktop/Projects/Tulu Dataset/Tulu-Dtatset-V2/da/da_26.png,Tulu-Dtatset-V2,da,train,e4ec29b90115fb48fe0c511ee3ac6bca613249ff6a1b92f2ab91d1580a5b79b8,348.0,346.0,RGBA,da_26.png,.png
/home/manvith/Desktop/Projects/Tulu Dataset/Tulu-Dtatset-V2/da/da_50.png,Tulu-Dtatset-V2,da,train,f303ec575cedcdbbd76adddbc281fee1447401010815561f5e793190bfb3c902,358.0,342.0,RGBA,da_50.png,.png
/home/manvith/Desktop/Projects/Tulu Dataset/Tulu-Dtatset-V2/da/da_38.png,Tulu-Dtatset-V2,da,train,3a7a3a8d70c3c38dbf5d3c51add130d513f03b925da0d669bfd45a50226ffea0,358.0,342.0,RGBA,da_38.png,.png
/home/manvith/Desktop/Projects/Tulu Dataset/Tulu-Dtatset-V2/da/da_18.png,Tulu-Dtatset-V2,da,train,342ad244c90d8e6b5ea4acdc7f7312c6cb20e452f11411325b4603d932e00634,348.0,346.0,RGBA,da_18.png,.png
/home/manvith/Desktop/Projects/Tulu Dataset/Tulu-Dtatset-V2/da/da_96.png,Tulu-Dtatset-V2,da,train,b3e4dedb85ae21d09e28cb05da1f64bd1f87e24a76155cfcf19da8555ca9bd66,362.0,347.0,RGBA,da_96.png,.png
/home/manvith/Desktop/Projects/Tulu Dataset/Tulu-Dtatset-V2/da/da_92.png,Tulu-Dtatset-V2,da,train,4813b668e2388c209f67097cdbe813fc3a58852676cd8f716a56cf6dd7772bd0,362.0,347.0,RGBA,da_92.png,.png
/home/manvith/Desktop/Projects/Tulu Dataset/Tulu-Dtatset-V2/da/da_61.png,Tulu-Dtatset-V2,da,train,22d5e2733341fda2568c3594c7da65aebe1de23005315596753688fa3dc65aa9,357.0,348.0,RGBA,da_61.png,.png
/home/manvith/Desktop/Projects/Tulu Dataset/Tulu-Dtatset-V2/da/da_36.png,Tulu-Dtatset-V2,da,train,14982551d4cdc1c6237917d45886e8a51e21ecb81e17b3a061e7f798517db190,358.0,342.0,RGBA,da_36.png,.png
/home/manvith/Desktop/Projects/Tulu Dataset/Tulu-Dtatset-V2/da/da_16.png,Tulu-Dtatset-V2,da,train,f3731086af60e1731abae12a4b130fc803fcbc5381610cd059a6f6f40be4e57a,348.0,346.0,RGBA,da_16.png,.png
/home/manvith/Desktop/Projects/Tulu Dataset/Tulu-Dtatset-V2/da/da_58.png,Tulu-Dtatset-V2,da,train,641b9c855fcc9fd5bb663763fb3105268499f6e4fdc189b2121c6b97ac850f2a,357.0,348.0,RGBA,da_58.png,.png
/home/manvith/Desktop/Projects/Tulu Dataset/Tulu-Dtatset-V2/da/da_91.png,Tulu-Dtatset-V2,da,train,e89f86abac0d016361422ced3f47ab00fd21a6d497e3cd0a19c667afce5ce5e1,362.0,347.0,RGBA,da_91.png,.png
/home/manvith/Desktop/Projects/Tulu Dataset/Tulu-Dtatset-V2/da/da_14.png,Tulu-Dtatset-V2,da,train,cf2ecfc8469481953079d22549d1fb573b7625b8dcb761ccebeaa18340e48c50,365.0,345.0,RGBA,da_14.png,.png
/home/manvith/Desktop/Projects/Tulu Dataset/Tulu-Dtatset-V2/da/da_78.png,Tulu-Dtatset-V2,da,train,b6b4447cb5109117a47361968ac92b51a7b6b701f8110beda55e1d8ef596f2d0,362.0,347.0,RGBA,da_78.png,.png
/home/manvith/Desktop/Projects/Tulu Dataset/Tulu-Dtatset-V2/da/da_41.png,Tulu-Dtatset-V2,da,train,9a7504a79e41a77e4c463b4ad87ba56f83ff3a80a5f5ce5c6bfabf364b714184,358.0,342.0,RGBA,da_41.png,.png
/home/manvith/Desktop/Projects/Tulu Dataset/Tulu-Dtatset-V2/da/da_10.png,Tulu-Dtatset-V2,da,train,b63d158facb7ea45feff299ca6991547be8c6ddf7cac2445e6fa04c230f15066,362.0,347.0,RGBA,da_10.png,.png
/home/manvith/Desktop/Projects/Tulu Dataset/Tulu-Dtatset-V2/da/da_45.png,Tulu-Dtatset-V2,da,train,cd4816c266af6e36214087687f2f2d9093f4f133a254a6957f44c9cd1da97e34,358.0,342.0,RGBA,da_45.png,.png
/home/manvith/Desktop/Projects/Tulu Dataset/Tulu-Dtatset-V2/da/da_28.png,Tulu-Dtatset-V2,da,train,8919f6ee6858847028de631294ac98126f6e6fc8f8f1726335e1ad86daa31c6d,348.0,346.0,RGBA,da_28.png,.png
/home/manvith/Desktop/Projects/Tulu Dataset/Tulu-Dtatset-V2/da/da_37.png,Tulu-Dtatset-V2,da,train,5f23dee51fde5b89d3a30b48f239be7a3a38ef503822f974158dc6d9d62930a0,358.0,342.0,RGBA,da_37.png,.png
/home/manvith/Desktop/Projects/Tulu Dataset/Tulu-Dtatset-V2/da/da_12.png,Tulu-Dtatset-V2,da,train,759d01a698b5fbba1dc6bfb4fff56950da72862bf2d7a67cd4eb926e3e9679c0,365.0,337.0,RGBA,da_12.png,.png
/home/manvith/Desktop/Projects/Tulu Dataset/Tulu-Dtatset-V2/da/da_23.png,Tulu-Dtatset-V2,da,train,625235496910dcbfcafa5a38bc22426e41e60ac31710212267c0fd890eb759ea,348.0,346.0,RGBA,da_23.png,.png
/home/manvith/Desktop/Projects/Tulu Dataset/Tulu-Dtatset-V2/da/da_66.png,Tulu-Dtatset-V2,da,train,2336f1c32fb7343fb61e117ade6ab0212ca476b7e1a8080cdc41189914a0220d,357.0,348.0,RGBA,da_66.png,.png
/home/manvith/Desktop/Projects/Tulu Dataset/Tulu-Dtatset-V2/da/da_8.png,Tulu-Dtatset-V2,da,train,9bd213bc3efdc48d02471972a12f13a541138ea765012dff9fd2fdf0870f07ab,357.0,348.0,RGBA,da_8.png,.png
/home/manvith/Desktop/Projects/Tulu Dataset/Tulu-Dtatset-V2/da/da_42.png,Tulu-Dtatset-V2,da,train,35fb4ca0794d9a1fd1b291d7b2f5d0f2a2c333a6bd17ee1f170f249ff821b2f2,358.0,342.0,RGBA,da_42.png,.png
/home/manvith/Desktop/Projects/Tulu Dataset/Tulu-Dtatset-V2/da/da_24.png,Tulu-Dtatset-V2,da,train,c8c7fca36d83ced13c69e091155e26de274320899b2c11a4798c804ac85b17dc,348.0,346.0,RGBA,da_24.png,.png
/home/manvith/Desktop/Projects/Tulu Dataset/Tulu-Dtatset-V2/da/da_99.png,Tulu-Dtatset-V2,da,train,e2371e7f49279c0a5c3d10f5846f8520a55aba1ad8d49b1842a34f6434d73e55,362.0,347.0,RGBA,da_99.png,.png
/home/manvith/Desktop/Projects/Tulu Dataset/Tulu-Dtatset-V2/da/da_40.png,Tulu-Dtatset-V2,da,train,7b7f6c6853525e91df307d0c0f648a1447622cf0e733b557bdd81a5e84719565,358.0,342.0,RGBA,da_40.png,.png
/home/manvith/Desktop/Projects/Tulu Dataset/Tulu-Dtatset-V2/da/da_33.png,Tulu-Dtatset-V2,da,train,771ea60bef4460a6ff39dc3daa947c8f4fc7e4bf2ef2c33887e970e5774d6a24,358.0,342.0,RGBA,da_33.png,.png
/home/manvith/Desktop/Projects/Tulu Dataset/Tulu-Dtatset-V2/da/da_84.png,Tulu-Dtatset-V2,da,train,fcedb2a345630df39bc2b8cf4a373541c2c235e75e0cf8468b6c146958ecfcc9,362.0,347.0,RGBA,da_84.png,.png
/home/manvith/Desktop/Projects/Tulu Dataset/Tulu-Dtatset-V2/da/da_60.png,Tulu-Dtatset-V2,da,train,7b841df60746dfe0f83a18d38b1cf14b41f0025848498f803ab36f2f2b439d63,357.0,348.0,RGBA,da_60.png,.png
/home/manvith/Desktop/Projects/Tulu Dataset/Tulu-Dtatset-V2/da/da_67.png,Tulu-Dtatset-V2,da,train,92569b0d4cbda1ffa32fbc016e26227484bf90854a48451f4b33bb2f1ba8f2cb,357.0,348.0,RGBA,da_67.png,.png
/home/manvith/Desktop/Projects/Tulu Dataset/Tulu-Dtatset-V2/dda/dda_20.png,Tulu-Dtatset-V2,dda,train,81ee529bd9552b143e6397e118facb308f2b270b4c4a9988a297a85d6907c73c,360.0,346.0,RGBA,dda_20.png,.png
/home/manvith/Desktop/Projects/Tulu Dataset/Tulu-Dtatset-V2/dda/dda_38.png,Tulu-Dtatset-V2,dda,train,e59df4a6a72d5b81fdf88add1c18e96569a6e1a7af734398372e2c9505a49416,360.0,346.0,RGBA,dda_38.png,.png
/home/manvith/Desktop/Projects/Tulu Dataset/Tulu-Dtatset-V2/dda/dda_93.png,Tulu-Dtatset-V2,dda,train,2c5e2b152d70daa15396a1b10bf5a7cf00168be3f807e47c5235dec6dda94059,354.0,348.0,RGBA,dda_93.png,.png
/home/manvith/Desktop/Projects/Tulu Dataset/Tulu-Dtatset-V2/dda/dda_36.png,Tulu-Dtatset-V2,dda,train,92dc09deac5a7dc87d29779e37cf6246f2e3fb4399a9840300c9fa5af3940654,360.0,346.0,RGBA,dda_36.png,.png
/home/manvith/Desktop/Projects/Tulu Dataset/Tulu-Dtatset-V2/dda/dda_88.png,Tulu-Dtatset-V2,dda,train,875f093fe9b0aec8ada70f229cbbdcd07bf5b04e2e0aae0e439164820350f58c,354.0,348.0,RGBA,dda_88.png,.png
/home/manvith/Desktop/Projects/Tulu Dataset/Tulu-Dtatset-V2/dda/dda_41.png,Tulu-Dtatset-V2,dda,train,627c4cac621d7197a7d9db8cbbe38c35e69533f2a3b52ffe24c5aac5723f8680,360.0,346.0,RGBA,dda_41.png,.png
/home/manvith/Desktop/Projects/Tulu Dataset/Tulu-Dtatset-V2/dda/dda_46.png,Tulu-Dtatset-V2,dda,train,56992517cdf952329ba9ac6a9ef88fb84ff3eb664cb36abc390d554f1650f146,360.0,346.0,RGBA,dda_46.png,.png
/home/manvith/Desktop/Projects/Tulu Dataset/Tulu-Dtatset-V2/dda/dda_50.png,Tulu-Dtatset-V2,dda,train,7c204c47151767396f7e7e843fc95adac386649d1c303bab2bd2f178198dd7df,360.0,346.0,RGBA,dda_50.png,.png
/home/manvith/Desktop/Projects/Tulu Dataset/Tulu-Dtatset-V2/dda/dda_35.png,Tulu-Dtatset-V2,dda,train,572e2ad77003752ac06035bc7675e2892cf676002e9d036fdd14f98fc0b2a9ac,360.0,346.0,RGBA,dda_35.png,.png
/home/manvith/Desktop/Projects/Tulu Dataset/Tulu-Dtatset-V2/dda/dda_44.png,Tulu-Dtatset-V2,dda,train,fd34d1b4f429b892696a694f2667c5e72466c3de45ab79c7b185b9abca15e290,360.0,346.0,RGBA,dda_44.png,.png
/home/manvith/Desktop/Projects/Tulu Dataset/Tulu-Dtatset-V2/dda/dda_70.png,Tulu-Dtatset-V2,dda,train,266e99b9dfd0ea1bd81b788acd8e51fd3bd7190c2666de36e6b43c0b27b042f7,359.0,348.0,RGBA,dda_70.png,.png
/home/manvith/Desktop/Projects/Tulu Dataset/Tulu-Dtatset-V2/dda/dda_31.png,Tulu-Dtatset-V2,dda,train,2a06453863a8303c3638ab3840106446323c08d798234b8f2d298289a3401a19,360.0,346.0,RGBA,dda_31.png,.png
/home/manvith/Desktop/Projects/Tulu Dataset/Tulu-Dtatset-V2/dda/dda_4.png,Tulu-Dtatset-V2,dda,train,053f722d0198f60ce2fa0f3a0bdbf11738bf3a9e457e635b6ab9c2e883d7cdc6,359.0,347.0,RGBA,dda_4.png,.png
/home/manvith/Desktop/Projects/Tulu Dataset/Tulu-Dtatset-V2/dda/dda_1.png,Tulu-Dtatset-V2,dda,train,c9e764b8921fa6eb8a0ed4b8781c391a0467e88907c3583cfb728dc1d9f01a1a,370.0,357.0,RGBA,dda_1.png,.png
/home/manvith/Desktop/Projects/Tulu Dataset/Tulu-Dtatset-V2/dda/dda_37.png,Tulu-Dtatset-V2,dda,train,79525e4564589cb6bdf5bf649a5dfa8dee0c44773dda8ca1ff3d9cccd62f74f6,360.0,346.0,RGBA,dda_37.png,.png
/home/manvith/Desktop/Projects/Tulu Dataset/Tulu-Dtatset-V2/dda/dda_24.png,Tulu-Dtatset-V2,dda,train,58f1abc9c4de10bbaa7a09ebd4a79f1981485592c0c05142d9a4062f8a2d883f,360.0,346.0,RGBA,dda_24.png,.png
/home/manvith/Desktop/Projects/Tulu Dataset/Tulu-Dtatset-V2/dda/dda_30.png,Tulu-Dtatset-V2,dda,train,e4b9cd69d79d2133f3eec21e39fce2de401d76cdea809f21e6fe444db461ac24,360.0,346.0,RGBA,dda_30.png,.png
/home/manvith/Desktop/Projects/Tulu Dataset/Tulu-Dtatset-V2/dda/dda_9.png,Tulu-Dtatset-V2,dda,train,386e6bcb68579a2bce6bf2cdf6f31765336f73760f1ce8af246a7bf6034a12ae,364.0,348.0,RGBA,dda_9.png,.png
/home/manvith/Desktop/Projects/Tulu Dataset/Tulu-Dtatset-V2/dda/dda_60.png,Tulu-Dtatset-V2,dda,train,fd0ae932a44b41461a15e31858d832b2f56e2c0d015570f4aded515adacfbf52,359.0,348.0,RGBA,dda_60.png,.png
/home/manvith/Desktop/Projects/Tulu Dataset/Tulu-Dtatset-V2/dda/dda_43.png,Tulu-Dtatset-V2,dda,train,991bf44cddb1239c0f584cb64c7d9475fdecd340be8ac69239185ad866addd47,360.0,346.0,RGBA,dda_43.png,.png
/home/manvith/Desktop/Projects/Tulu Dataset/Tulu-Dtatset-V2/dda/dda_87.png,Tulu-Dtatset-V2,dda,train,9e6b5f978f59d10c6f4fb4161d40cae0398d761253c2dfa4a059f70e377dc3e8,354.0,348.0,RGBA,dda_87.png,.png
/home/manvith/Desktop/Projects/Tulu Dataset/Tulu-Dtatset-V2/dda/dda_55.png,Tulu-Dtatset-V2,dda,train,c0f87867aa580dc973c72dd77cb56fc4ee2bbceda3c9dc68d168652d315e1251,359.0,348.0,RGBA,dda_55.png,.png
/home/manvith/Desktop/Projects/Tulu Dataset/Tulu-Dtatset-V2/dda/dda_40.png,Tulu-Dtatset-V2,dda,train,c3e01215a79d4a6187dbb03b56c1730d63665a49f305b2c5446c861aeedbf541,360.0,346.0,RGBA,dda_40.png,.png
/home/manvith/Desktop/Projects/Tulu Dataset/Tulu-Dtatset-V2/dda/dda_15.png,Tulu-Dtatset-V2,dda,train,10e8d611c3ae606d8d2bf01ccd3c2042bcffde10ccd558a2213be89c3111b3d4,360.0,349.0,RGBA,dda_15.png,.png
/home/manvith/Desktop/Projects/Tulu Dataset/Tulu-Dtatset-V2/dda/dda_28.png,Tulu-Dtatset-V2,dda,train,71c463a6e0814e9aa0220f42ba48a7f66f70e9c05b92a0160ef464aa776586de,360.0,346.0,RGBA,dda_28.png,.png
/home/manvith/Desktop/Projects/Tulu Dataset/Tulu-Dtatset-V2/dda/dda_78.png,Tulu-Dtatset-V2,dda,train,dc5f6d7b14529c997c236c7671ea38ddf7f87608e4ae792b4b7361ea14f4dfb5,354.0,348.0,RGBA,dda_78.png,.png
/home/manvith/Desktop/Projects/Tulu Dataset/Tulu-Dtatset-V2/dda/dda_82.png,Tulu-Dtatset-V2,dda,train,b48726d5697c2b4381509491bb209c7f84272f7dd6c912d579b1fc3f60642173,354.0,348.0,RGBA,dda_82.png,.png
/home/manvith/Desktop/Projects/Tulu Dataset/Tulu-Dtatset-V2/dda/dda_42.png,Tulu-Dtatset-V2,dda,train,c5a9c57c53794a9f2c314899de636825c7708b0980b1e095db9ebe86c1b4e136,360.0,346.0,RGBA,dda_42.png,.png
/home/manvith/Desktop/Projects/Tulu Dataset/Tulu-Dtatset-V2/dda/dda_72.png,Tulu-Dtatset-V2,dda,train,b606fb94b92a5cd793e076697177efb1299479ef3934d2459a6224715314024d,354.0,348.0,RGBA,dda_72.png,.png
/home/manvith/Desktop/Projects/Tulu Dataset/Tulu-Dtatset-V2/dda/dda_75.png,Tulu-Dtatset-V2,dda,train,eb10e3e5e0c11c7112e2c73933e08abf4da69b35c4066b3d2f59a3abb1f0599f,354.0,348.0,RGBA,dda_75.png,.png
/home/manvith/Desktop/Projects/Tulu Dataset/Tulu-Dtatset-V2/dda/dda_59.png,Tulu-Dtatset-V2,dda,train,921d81740deb7124d6099d8becf6c2f768f9a20727888663c70a3b2708a0166f,359.0,348.0,RGBA,dda_59.png,.png
/home/manvith/Desktop/Projects/Tulu Dataset/Tulu-Dtatset-V2/dda/dda_83.png,Tulu-Dtatset-V2,dda,train,5ea3f003ca9c439c82a8c6181ea0575957c75d90d97fb8b0e0336662b6641bc7,354.0,348.0,RGBA,dda_83.png,.png
/home/manvith/Desktop/Projects/Tulu Dataset/Tulu-Dtatset-V2/dda/dda_19.png,Tulu-Dtatset-V2,dda,train,7c2a411857b6840b7a2879b78fca173eaa88ade61e1490d660b3a4a3517c9a6f,360.0,346.0,RGBA,dda_19.png,.png
/home/manvith/Desktop/Projects/Tulu Dataset/Tulu-Dtatset-V2/dda/dda_32.png,Tulu-Dtatset-V2,dda,train,3e130df17144a121936be70f68468248f4ba4331e96fa2e4997e90939fb14116,360.0,346.0,RGBA,dda_32.png,.png
/home/manvith/Desktop/Projects/Tulu Dataset/Tulu-Dtatset-V2/dda/dda_74.png,Tulu-Dtatset-V2,dda,train,248236b05c3a5c9f290ed5d8c3984d74905dcc98facac53b3d2780a7d6aac1b7,354.0,348.0,RGBA,dda_74.png,.png
/home/manvith/Desktop/Projects/Tulu Dataset/Tulu-Dtatset-V2/dda/dda_68.png,Tulu-Dtatset-V2,dda,train,bdf01b2c536a752048e5175a7262d78d3a39976e7758a25131254e382b8756b7,359.0,348.0,RGBA,dda_68.png,.png
/home/manvith/Desktop/Projects/Tulu Dataset/Tulu-Dtatset-V2/dda/dda_76.png,Tulu-Dtatset-V2,dda,train,633e40c68b3bbdc4ef4e3811eefcbe08d96084c6beae56a95bbe074e9c1dc795,354.0,348.0,RGBA,dda_76.png,.png
/home/manvith/Desktop/Projects/Tulu Dataset/Tulu-Dtatset-V2/dda/dda_58.png,Tulu-Dtatset-V2,dda,train,7d61f7397365a48d82c28fdba5b7eed9fcb7aa48621c5dd75696d53ec3326aa1,359.0,348.0,RGBA,dda_58.png,.png
/home/manvith/Desktop/Projects/Tulu Dataset/Tulu-Dtatset-V2/dda/dda_3.png,Tulu-Dtatset-V2,dda,train,5fcfc8bf318fe9b4950a9cb51c89ec6a852c1d4e21dcacab81d38756aa0a1ae0,367.0,346.0,RGBA,dda_3.png,.png
/home/manvith/Desktop/Projects/Tulu Dataset/Tulu-Dtatset-V2/dda/dda_29.png,Tulu-Dtatset-V2,dda,train,9b55224ddef9f2ec54d84855801e479a3cd4aba804d8aa513cd7c373528a41e1,360.0,346.0,RGBA,dda_29.png,.png
/home/manvith/Desktop/Projects/Tulu Dataset/Tulu-Dtatset-V2/dda/dda_62.png,Tulu-Dtatset-V2,dda,train,78207d64ea0c357b17867745dd76e546cb6049a41d99c03d312f6c52ff7b282b,359.0,348.0,RGBA,dda_62.png,.png
/home/manvith/Desktop/Projects/Tulu Dataset/Tulu-Dtatset-V2/dda/dda_11.png,Tulu-Dtatset-V2,dda,train,f1dbb0b39ef9533bc8cadd1436fe3e6352207fc639d952971298f318d38ddb84,360.0,348.0,RGBA,dda_11.png,.png
/home/manvith/Desktop/Projects/Tulu Dataset/Tulu-Dtatset-V2/dda/dda_27.png,Tulu-Dtatset-V2,dda,train,13f8905b368ec8d79209e86389c23b0a68f661db38c7074d189e476efe69c269,360.0,346.0,RGBA,dda_27.png,.png
/home/manvith/Desktop/Projects/Tulu Dataset/Tulu-Dtatset-V2/dda/dda_100.png,Tulu-Dtatset-V2,dda,train,a3cab9d241454420e1db4845fd83538c75470dba3decf609bbcd38278acd3e6b,354.0,348.0,RGBA,dda_100.png,.png
/home/manvith/Desktop/Projects/Tulu Dataset/Tulu-Dtatset-V2/dda/dda_8.png,Tulu-Dtatset-V2,dda,train,de6c3edd576314f8aac446cecb9eb79f6dda0436cad42eec6c669cd32a97788a,354.0,348.0,RGBA,dda_8.png,.png
/home/manvith/Desktop/Projects/Tulu Dataset/Tulu-Dtatset-V2/dda/dda_86.png,Tulu-Dtatset-V2,dda,train,506391945e4c82d27d5e908ace45faaf0dbf97a507c93aa5f61563ee20f0e391,354.0,348.0,RGBA,dda_86.png,.png
/home/manvith/Desktop/Projects/Tulu Dataset/Tulu-Dtatset-V2/dda/dda_49.png,Tulu-Dtatset-V2,dda,train,d8ea35123eafcc90fc3fec099d215c7b91d7cc87fca2d3ac4b1fc0897efed826,360.0,346.0,RGBA,dda_49.png,.png
/home/manvith/Desktop/Projects/Tulu Dataset/Tulu-Dtatset-V2/dda/dda_71.png,Tulu-Dtatset-V2,dda,train,2d4246af283933d244d03878f6aeb89c2e0c6cfe3e46ee2752bd505477757071,354.0,348.0,RGBA,dda_71.png,.png
/home/manvith/Desktop/Projects/Tulu Dataset/Tulu-Dtatset-V2/dda/dda_34.png,Tulu-Dtatset-V2,dda,train,aad9c7eee30f06f447afa243527cad9fc067ec5702a440eb9454cd0e39e221c9,360.0,346.0,RGBA,dda_34.png,.png
/home/manvith/Desktop/Projects/Tulu Dataset/Tulu-Dtatset-V2/dda/dda_57.png,Tulu-Dtatset-V2,dda,train,65c8b3962eee4f58b1ac5232da0be72a2e95a31be111dc94ceaee94d4a80b7a6,359.0,348.0,RGBA,dda_57.png,.png
/home/manvith/Desktop/Projects/Tulu Dataset/Tulu-Dtatset-V2/dda/dda_5.png,Tulu-Dtatset-V2,dda,train,9fe38279102999e2d66c86788e9d2d20f51f251d2b3fc22f0f21d86a06bbadb5,359.0,348.0,RGBA,dda_5.png,.png
/home/manvith/Desktop/Projects/Tulu Dataset/Tulu-Dtatset-V2/dda/dda_64.png,Tulu-Dtatset-V2,dda,train,c1861eaec4decd74025449f32e52aabed43ea7d796828904b87234ece06dd16b,359.0,348.0,RGBA,dda_64.png,.png
/home/manvith/Desktop/Projects/Tulu Dataset/Tulu-Dtatset-V2/dda/dda_81.png,Tulu-Dtatset-V2,dda,train,e5b7bf80abf7ab019541494551dfa1af8068980b88e76a838bfddcd97456610b,354.0,348.0,RGBA,dda_81.png,.png
/home/manvith/Desktop/Projects/Tulu Dataset/Tulu-Dtatset-V2/dda/dda_14.png,Tulu-Dtatset-V2,dda,train,c98ae976d47502266219bbecdca2200ef7b0474606301f0fc6a33c3b2329aa82,368.0,345.0,RGBA,dda_14.png,.png
/home/manvith/Desktop/Projects/Tulu Dataset/Tulu-Dtatset-V2/dda/dda_33.png,Tulu-Dtatset-V2,dda,train,7234264a72092e670f07ed9955cc0025fc5aeadfc5418c49529b64a380a9866c,360.0,346.0,RGBA,dda_33.png,.png
/home/manvith/Desktop/Projects/Tulu Dataset/Tulu-Dtatset-V2/dda/dda_99.png,Tulu-Dtatset-V2,dda,train,e178d824584906d42882639e6f148867bbf12d240a63317bb6deb5d5f6978491,354.0,348.0,RGBA,dda_99.png,.png
/home/manvith/Desktop/Projects/Tulu Dataset/Tulu-Dtatset-V2/dda/dda_51.png,Tulu-Dtatset-V2,dda,train,0f8bf1cab1395071a07caf6f8fb1be144b83e5ae85dda399ca545d218e46aca4,359.0,348.0,RGBA,dda_51.png,.png
/home/manvith/Desktop/Projects/Tulu Dataset/Tulu-Dtatset-V2/dda/dda_21.png,Tulu-Dtatset-V2,dda,train,2043ac27f0b20fae88438323a71290f82ccca4376bcca826037ccb3b148f25b2,360.0,346.0,RGBA,dda_21.png,.png
/home/manvith/Desktop/Projects/Tulu Dataset/Tulu-Dtatset-V2/dda/dda_79.png,Tulu-Dtatset-V2,dda,train,b4e0742c5c9028830b7515c0eac3cb48b415af10516ecb3fb85b2648712dc7ad,354.0,348.0,RGBA,dda_79.png,.png
/home/manvith/Desktop/Projects/Tulu Dataset/Tulu-Dtatset-V2/dda/dda_80.png,Tulu-Dtatset-V2,dda,train,7e8060645725858d6dbd3bdabb7aff42e88cf22113798c196755f3cae1c97a08,354.0,348.0,RGBA,dda_80.png,.png
/home/manvith/Desktop/Projects/Tulu Dataset/Tulu-Dtatset-V2/dda/dda_73.png,Tulu-Dtatset-V2,dda,train,6e9b71ba61f8f0987868c67ee05110f3e7aee029afa1fbf395cf2a98a5585a55,354.0,348.0,RGBA,dda_73.png,.png
/home/manvith/Desktop/Projects/Tulu Dataset/Tulu-Dtatset-V2/dda/dda_69.png,Tulu-Dtatset-V2,dda,train,8ffb66e44077dbcf2c302802f4ecbeef5151502c7c23f4ed25a7e6ea8748ae88,359.0,348.0,RGBA,dda_69.png,.png
/home/manvith/Desktop/Projects/Tulu Dataset/Tulu-Dtatset-V2/dda/dda_22.png,Tulu-Dtatset-V2,dda,train,fe70f4f93abf38ae462bff8dc41177833eddc037a233dbdd46308ecb5eff0ece,360.0,346.0,RGBA,dda_22.png,.png
/home/manvith/Desktop/Projects/Tulu Dataset/Tulu-Dtatset-V2/dda/dda_16.png,Tulu-Dtatset-V2,dda,train,fc84bb12026620daa24d0e6acf8864b85018951954d086ce96355afe691ad7aa,360.0,346.0,RGBA,dda_16.png,.png
/home/manvith/Desktop/Projects/Tulu Dataset/Tulu-Dtatset-V2/dda/dda_89.png,Tulu-Dtatset-V2,dda,train,5cd92ed4807974c18b53860a511256a06058a8284fc034a6a8122ae0ed60af10,354.0,348.0,RGBA,dda_89.png,.png
/home/manvith/Desktop/Projects/Tulu Dataset/Tulu-Dtatset-V2/dda/dda_65.png,Tulu-Dtatset-V2,dda,train,b90cc2974fabe74b295e59cfd7e31748bc50d16efd5f04ed5d3bb5b2de8985c8,359.0,348.0,RGBA,dda_65.png,.png
/home/manvith/Desktop/Projects/Tulu Dataset/Tulu-Dtatset-V2/dda/dda_98.png,Tulu-Dtatset-V2,dda,train,bcc365e60623a53a12d6867cd9cbaf98ead9ed9df53835bae6ed3700dcf992a7,354.0,348.0,RGBA,dda_98.png,.png
/home/manvith/Desktop/Projects/Tulu Dataset/Tulu-Dtatset-V2/dda/dda_94.png,Tulu-Dtatset-V2,dda,train,ddc412ed6c1d9f4b7193ce7d4f9f8f05ca950e3b34eea191c796cc2e2e101682,354.0,348.0,RGBA,dda_94.png,.png
/home/manvith/Desktop/Projects/Tulu Dataset/Tulu-Dtatset-V2/dda/dda_92.png,Tulu-Dtatset-V2,dda,train,37c0c27aa5e2eb3f0cfc3a8ec6b9ad85bfb8d5da688ffa677553d5ee5b5a2603,354.0,348.0,RGBA,dda_92.png,.png
/home/manvith/Desktop/Projects/Tulu Dataset/Tulu-Dtatset-V2/dda/dda_18.png,Tulu-Dtatset-V2,dda,train,6c84db493756b5af49658baedf5ee110ead777a69925477f8fd36df714badf14,360.0,346.0,RGBA,dda_18.png,.png
/home/manvith/Desktop/Projects/Tulu Dataset/Tulu-Dtatset-V2/dda/dda_54.png,Tulu-Dtatset-V2,dda,train,30bc9da20f9761ce9f0f2932f74c47451ed6dd3415b0b182fca87ace554f6e99,359.0,348.0,RGBA,dda_54.png,.png
/home/manvith/Desktop/Projects/Tulu Dataset/Tulu-Dtatset-V2/dda/dda_48.png,Tulu-Dtatset-V2,dda,train,1e227581eb3dff20f393db31a9fcfe12b9a9511d05274034765d9b4bf5ee14b5,360.0,346.0,RGBA,dda_48.png,.png
/home/manvith/Desktop/Projects/Tulu Dataset/Tulu-Dtatset-V2/dda/dda_39.png,Tulu-Dtatset-V2,dda,train,40ec732656f042b6820fc5a6b058736d847935a6b9d1107ae558f3ba4b71f147,360.0,346.0,RGBA,dda_39.png,.png
/home/manvith/Desktop/Projects/Tulu Dataset/Tulu-Dtatset-V2/dda/dda_96.png,Tulu-Dtatset-V2,dda,train,3f19155560fa907c9d48b7a9d3cd73eab732f2c5c82402c4b1e4665a70051b30,354.0,348.0,RGBA,dda_96.png,.png
/home/manvith/Desktop/Projects/Tulu Dataset/Tulu-Dtatset-V2/dda/dda_17.png,Tulu-Dtatset-V2,dda,train,c141e12e39b844e3b33cbdf37bfe81b0dc12fe69b2c25aa8e4ffd5ac601ec52e,360.0,346.0,RGBA,dda_17.png,.png
/home/manvith/Desktop/Projects/Tulu Dataset/Tulu-Dtatset-V2/dda/dda_97.png,Tulu-Dtatset-V2,dda,train,c6f6bddc7bd951082c29dfc7f2c6ba4b2f9c426d6b1c5991d95ecaa092880505,354.0,348.0,RGBA,dda_97.png,.png
/home/manvith/Desktop/Projects/Tulu Dataset/Tulu-Dtatset-V2/dda/dda_56.png,Tulu-Dtatset-V2,dda,train,32426712ca7a473603f817e49569c38a29da03442827a58a47848fcf38a90425,359.0,348.0,RGBA,dda_56.png,.png
/home/manvith/Desktop/Projects/Tulu Dataset/Tulu-Dtatset-V2/dda/dda_25.png,Tulu-Dtatset-V2,dda,train,50584fc610fe64c2a0894e29ebc5e993d042c32f91b0e6904dd68d84a4f62447,360.0,346.0,RGBA,dda_25.png,.png
/home/manvith/Desktop/Projects/Tulu Dataset/Tulu-Dtatset-V2/dda/dda_10.png,Tulu-Dtatset-V2,dda,train,52de58d8b943e2f10ea56d85dbf133642dbf23dc711a6fa6cd47203098ab979a,360.0,346.0,RGBA,dda_10.png,.png
/home/manvith/Desktop/Projects/Tulu Dataset/Tulu-Dtatset-V2/dda/dda_61.png,Tulu-Dtatset-V2,dda,train,9a01dc3fa5903e9ec9d7ded78d6557436def79fcda7fbf44ac60e3c1b1080668,359.0,348.0,RGBA,dda_61.png,.png
/home/manvith/Desktop/Projects/Tulu Dataset/Tulu-Dtatset-V2/dha/dha_80.png,Tulu-Dtatset-V2,dha,train,a066bb4408ce3c15f931237e31a8015808293007047daa86a69432898d34d6dd,363.0,345.0,RGBA,dha_80.png,.png
/home/manvith/Desktop/Projects/Tulu Dataset/Tulu-Dtatset-V2/dha/dha_85.png,Tulu-Dtatset-V2,dha,train,c68443cd558c0c56aa021a1d6184f7755f23b1c6dc90e3a29cd4d96a172a0ebd,363.0,345.0,RGBA,dha_85.png,.png
/home/manvith/Desktop/Projects/Tulu Dataset/Tulu-Dtatset-V2/dha/dha_92.png,Tulu-Dtatset-V2,dha,train,96c16400d0797c3f1bbe3e6f991498a809e2de0231c1996e796e438673698fed,363.0,345.0,RGBA,dha_92.png,.png
/home/manvith/Desktop/Projects/Tulu Dataset/Tulu-Dtatset-V2/dha/dha_26.png,Tulu-Dtatset-V2,dha,train,30ebc092c2d6d967f1d671cb6d818e469e39364048879e6d6e57ec4d33b8ec1c,362.0,350.0,RGBA,dha_26.png,.png
/home/manvith/Desktop/Projects/Tulu Dataset/Tulu-Dtatset-V2/dha/dha_37.png,Tulu-Dtatset-V2,dha,train,b01f70a436359873243d091d017b75940e991348a7e038f92d421326b51991b4,367.0,344.0,RGBA,dha_37.png,.png
/home/manvith/Desktop/Projects/Tulu Dataset/Tulu-Dtatset-V2/dha/dha_93.png,Tulu-Dtatset-V2,dha,train,3d24642146bf7233d66c72a20ea9e0e1b6ae15839d5742c68d39a366de99ff6f,363.0,345.0,RGBA,dha_93.png,.png
/home/manvith/Desktop/Projects/Tulu Dataset/Tulu-Dtatset-V2/dha/dha_81.png,Tulu-Dtatset-V2,dha,train,5e04a46562484d43366bbb59fb240f12fe7365b9e9672e8575b19fe08be0e234,363.0,345.0,RGBA,dha_81.png,.png
/home/manvith/Desktop/Projects/Tulu Dataset/Tulu-Dtatset-V2/dha/dha_45.png,Tulu-Dtatset-V2,dha,train,1c4e65e03f94a969120dea954acba1fc13bbb3c5bf29bfbadcbcaf00895bef62,367.0,344.0,RGBA,dha_45.png,.png
/home/manvith/Desktop/Projects/Tulu Dataset/Tulu-Dtatset-V2/dha/dha_76.png,Tulu-Dtatset-V2,dha,train,f0f05b36ed7e2a01de0b25ed0e18e3ac2135ba1ba1c35e77762233ade71ee1c7,363.0,345.0,RGBA,dha_76.png,.png
/home/manvith/Desktop/Projects/Tulu Dataset/Tulu-Dtatset-V2/dha/dha_82.png,Tulu-Dtatset-V2,dha,train,4ac89f46886c101f6df040c18309cbf42433c7d7cc285d870026b5e3337cc202,363.0,345.0,RGBA,dha_82.png,.png
/home/manvith/Desktop/Projects/Tulu Dataset/Tulu-Dtatset-V2/dha/dha_29.png,Tulu-Dtatset-V2,dha,train,0522a43513ee9e891e77a340a638fff44f2cc0cb7ea67b11636355e83db7fd36,362.0,350.0,RGBA,dha_29.png,.png
/home/manvith/Desktop/Projects/Tulu Dataset/Tulu-Dtatset-V2/dha/dha_88.png,Tulu-Dtatset-V2,dha,train,e3313dcbc2b03439c5f743f2014e1af4b107fb689be6c3d52a2ea3484b07650d,363.0,345.0,RGBA,dha_88.png,.png
/home/manvith/Desktop/Projects/Tulu Dataset/Tulu-Dtatset-V2/dha/dha_56.png,Tulu-Dtatset-V2,dha,train,68e355f0127b62fd548783958ab22678f2a43c9bd3a1ac22ea00c95b4b023837,362.0,348.0,RGBA,dha_56.png,.png
/home/manvith/Desktop/Projects/Tulu Dataset/Tulu-Dtatset-V2/dha/dha_57.png,Tulu-Dtatset-V2,dha,train,175faf21102f90834dce3a3a02d202f642cbdfcb671ea64aa8e4908c8e4e6674,362.0,348.0,RGBA,dha_57.png,.png
/home/manvith/Desktop/Projects/Tulu Dataset/Tulu-Dtatset-V2/dha/dha_7.png,Tulu-Dtatset-V2,dha,train,071ab6024e7ab9e7e1c132628938db809e2e28f56a383fde739fc77498ad729a,362.0,348.0,RGBA,dha_7.png,.png
/home/manvith/Desktop/Projects/Tulu Dataset/Tulu-Dtatset-V2/dha/dha_94.png,Tulu-Dtatset-V2,dha,train,83b1a5282668fafd0f6cc7179414c9d89fbec6019b2f59bda29cdc89c1966327,363.0,345.0,RGBA,dha_94.png,.png
/home/manvith/Desktop/Projects/Tulu Dataset/Tulu-Dtatset-V2/dha/dha_22.png,Tulu-Dtatset-V2,dha,train,df0e30d522e59935ba1c34a10d5c5257166543a4e2557ea428b5178abda71a50,362.0,350.0,RGBA,dha_22.png,.png
/home/manvith/Desktop/Projects/Tulu Dataset/Tulu-Dtatset-V2/dha/dha_47.png,Tulu-Dtatset-V2,dha,train,35497fb12b974127091f66a2b9e0b50fb41a52a878ef348a8d3f7da5afa34bce,367.0,344.0,RGBA,dha_47.png,.png
/home/manvith/Desktop/Projects/Tulu Dataset/Tulu-Dtatset-V2/dha/dha_46.png,Tulu-Dtatset-V2,dha,train,80721308f2579d841c019ef12806857fba6ec4bb1bc093e92b94f3284e32ae30,367.0,344.0,RGBA,dha_46.png,.png
/home/manvith/Desktop/Projects/Tulu Dataset/Tulu-Dtatset-V2/dha/dha_33.png,Tulu-Dtatset-V2,dha,train,3f09026ef8ec405f48c88525294477b0071a706753185bf7ae4997b8769935f6,367.0,344.0,RGBA,dha_33.png,.png
/home/manvith/Desktop/Projects/Tulu Dataset/Tulu-Dtatset-V2/dha/dha_62.png,Tulu-Dtatset-V2,dha,train,e14527d5e4b87370390bfdc6852ab129e428c22e7f6c142b34f9f64cdb45ed9f,362.0,348.0,RGBA,dha_62.png,.png
/home/manvith/Desktop/Projects/Tulu Dataset/Tulu-Dtatset-V2/dha/dha_59.png,Tulu-Dtatset-V2,dha,train,f971b4fa497f1f94183a5953f08b2599b79ad48157c55be2be48c5821f872d0e,362.0,348.0,RGBA,dha_59.png,.png
/home/manvith/Desktop/Projects/Tulu Dataset/Tulu-Dtatset-V2/dha/dha_49.png,Tulu-Dtatset-V2,dha,train,fab629fcaf2a772e9669a0ec97c78dfd481a0c7e0bd29bc475cbdc5cf59acc2d,367.0,344.0,RGBA,dha_49.png,.png
/home/manvith/Desktop/Projects/Tulu Dataset/Tulu-Dtatset-V2/dha/dha_58.png,Tulu-Dtatset-V2,dha,train,eee8ddddca570525a98cb641d44ec6bacd1b4c43c5fe91eb3c817319efa4dbad,362.0,348.0,RGBA,dha_58.png,.png
/home/manvith/Desktop/Projects/Tulu Dataset/Tulu-Dtatset-V2/dha/dha_60.png,Tulu-Dtatset-V2,dha,train,b568257e65c7c8510b6a7e0486b1547720bef66d46b1f20e00a97221e7d6ca65,362.0,348.0,RGBA,dha_60.png,.png
/home/manvith/Desktop/Projects/Tulu Dataset/Tulu-Dtatset-V2/dha/dha_78.png,Tulu-Dtatset-V2,dha,train,af56f48075f0651ec307cb6c1ab9a47cc3e5fe823e8e6f6ee1abfc0d12596d57,363.0,345.0,RGBA,dha_78.png,.png
/home/manvith/Desktop/Projects/Tulu Dataset/Tulu-Dtatset-V2/dha/dha_48.png,Tulu-Dtatset-V2,dha,train,394f520f54f1297c085878fc0f716eff9bf8fbe158181e4de90418caa9201a61,367.0,344.0,RGBA,dha_48.png,.png
/home/manvith/Desktop/Projects/Tulu Dataset/Tulu-Dtatset-V2/dha/dha_69.png,Tulu-Dtatset-V2,dha,train,64b017d7610d5326ca988b36a76ef927ae56bc56fd1dd0c8661199b2802392e9,362.0,348.0,RGBA,dha_69.png,.png
/home/manvith/Desktop/Projects/Tulu Dataset/Tulu-Dtatset-V2/dha/dha_96.png,Tulu-Dtatset-V2,dha,train,2076fa4365faad8a20b862ef63ce7b1780a80eeda7528937b9cffb7c91d62e66,363.0,345.0,RGBA,dha_96.png,.png
/home/manvith/Desktop/Projects/Tulu Dataset/Tulu-Dtatset-V2/dha/dha_11.png,Tulu-Dtatset-V2,dha,train,ffd37051b8fa8f688f0f2ab12f35d417b9a6d93aa602261e1c347c7b7bffc960,360.0,349.0,RGBA,dha_11.png,.png
/home/manvith/Desktop/Projects/Tulu Dataset/Tulu-Dtatset-V2/dha/dha_90.png,Tulu-Dtatset-V2,dha,train,35528cfea5496e7798be7e58dc52befd5d66044cd14cca1791f95658169056d1,363.0,345.0,RGBA,dha_90.png,.png
/home/manvith/Desktop/Projects/Tulu Dataset/Tulu-Dtatset-V2/dha/dha_67.png,Tulu-Dtatset-V2,dha,train,ae66d86f0c016e65c3bb8cc85036f9515f3d4bff406becfdf25d1de78edc7c17,362.0,348.0,RGBA,dha_67.png,.png
/home/manvith/Desktop/Projects/Tulu Dataset/Tulu-Dtatset-V2/dha/dha_1.png,Tulu-Dtatset-V2,dha,train,dc436abfe83a6346c1e5528b5fb7a7436afd350312fd90d2ec6e66a1a4c57cee,362.0,348.0,RGBA,dha_1.png,.png
/home/manvith/Desktop/Projects/Tulu Dataset/Tulu-Dtatset-V2/dha/dha_86.png,Tulu-Dtatset-V2,dha,train,0d701655545914de8b77afc19d0f7748519f2f9e670b9867edb7dc5ea901fba3,363.0,345.0,RGBA,dha_86.png,.png
/home/manvith/Desktop/Projects/Tulu Dataset/Tulu-Dtatset-V2/dha/dha_65.png,Tulu-Dtatset-V2,dha,train,957ab38e9e2c2e91d36a46d3189b77d17f4e5ee51bbd0312416bea721594a0b2,362.0,348.0,RGBA,dha_65.png,.png
/home/manvith/Desktop/Projects/Tulu Dataset/Tulu-Dtatset-V2/dha/dha_55.png,Tulu-Dtatset-V2,dha,train,ecba2ec5c4eec00d0d127ac5e337f41bbe0f74b53791ec377a009ba57081857b,362.0,348.0,RGBA,dha_55.png,.png
/home/manvith/Desktop/Projects/Tulu Dataset/Tulu-Dtatset-V2/dha/dha_83.png,Tulu-Dtatset-V2,dha,train,cea947f1c27799166853b8de3e10d9154e3e07c3e8c00eaf996a0aef6cd17681,363.0,345.0,RGBA,dha_83.png,.png
/home/manvith/Desktop/Projects/Tulu Dataset/Tulu-Dtatset-V2/dha/dha_95.png,Tulu-Dtatset-V2,dha,train,66061b24ba30694abf09438e236e9f6674bcbcab8782c17eb51da4e2a9c849a7,363.0,345.0,RGBA,dha_95.png,.png
/home/manvith/Desktop/Projects/Tulu Dataset/Tulu-Dtatset-V2/dha/dha_21.png,Tulu-Dtatset-V2,dha,train,db3f4c412f49d9ebe45aa569e2a05acc079d37da490a60c8f5578d3f26868276,362.0,350.0,RGBA,dha_21.png,.png
/home/manvith/Desktop/Projects/Tulu Dataset/Tulu-Dtatset-V2/dha/dha_17.png,Tulu-Dtatset-V2,dha,train,b08bd151acab988fad766e9975f6b7b596a8dcc31755b01228614bca3f0494aa,362.0,350.0,RGBA,dha_17.png,.png
/home/manvith/Desktop/Projects/Tulu Dataset/Tulu-Dtatset-V2/dha/dha_68.png,Tulu-Dtatset-V2,dha,train,3e4a1995dd0da112c6f3c78dd17717996faf5f788ce796a2bc6a40945e42c31b,362.0,348.0,RGBA,dha_68.png,.png
/home/manvith/Desktop/Projects/Tulu Dataset/Tulu-Dtatset-V2/dha/dha_77.png,Tulu-Dtatset-V2,dha,train,fca50bc65818018d5d763e2477d14097981bd4c76877d4fb0148f2cf8c27e06e,363.0,345.0,RGBA,dha_77.png,.png
/home/manvith/Desktop/Projects/Tulu Dataset/Tulu-Dtatset-V2/dha/dha_15.png,Tulu-Dtatset-V2,dha,train,da55b403ef1a3502ee927d5ceb122c17922cc41067ecf06bc1920841bbf72589,360.0,346.0,RGBA,dha_15.png,.png
/home/manvith/Desktop/Projects/Tulu Dataset/Tulu-Dtatset-V2/dha/dha_28.png,Tulu-Dtatset-V2,dha,train,71a152c1078b91d211cb40438a7a424e28555234c8456ddb3e1f508c05160064,362.0,350.0,RGBA,dha_28.png,.png
/home/manvith/Desktop/Projects/Tulu Dataset/Tulu-Dtatset-V2/dha/dha_63.png,Tulu-Dtatset-V2,dha,train,30640ad4f62b8c9cb52c2af9a717d6449ec1f695d6b0920b32af46c2a779c32b,362.0,348.0,RGBA,dha_63.png,.png
/home/manvith/Desktop/Projects/Tulu Dataset/Tulu-Dtatset-V2/dha/dha_91.png,Tulu-Dtatset-V2,dha,train,d7ff134b7b2fab77a82977728be4f7b18a363cf38d783218be2d77aa0bb77f76,363.0,345.0,RGBA,dha_91.png,.png
/home/manvith/Desktop/Projects/Tulu Dataset/Tulu-Dtatset-V2/dha/dha_8.png,Tulu-Dtatset-V2,dha,train,2ae439b765ab158755228d3958b1839c9d61571f220cd76dade88b0b4ef40ec3,357.0,350.0,RGBA,dha_8.png,.png
/home/manvith/Desktop/Projects/Tulu Dataset/Tulu-Dtatset-V2/dha/dha_18.png,Tulu-Dtatset-V2,dha,train,5faa8015839878ff4c818e6a8591dc8cd4b3533a74ff2371cf9764e0706865a4,362.0,350.0,RGBA,dha_18.png,.png
/home/manvith/Desktop/Projects/Tulu Dataset/Tulu-Dtatset-V2/dha/dha_72.png,Tulu-Dtatset-V2,dha,train,b1da48913eee6f8e2d2af3427e8b2683708ef247d082a47c32f997d01e3fe845,363.0,345.0,RGBA,dha_72.png,.png
/home/manvith/Desktop/Projects/Tulu Dataset/Tulu-Dtatset-V2/dha/dha_73.png,Tulu-Dtatset-V2,dha,train,bd64379f28efa2b970b45851f2fa3bcdb3f76684ce2eaac7536418637e0b3a15,363.0,345.0,RGBA,dha_73.png,.png
/home/manvith/Desktop/Projects/Tulu Dataset/Tulu-Dtatset-V2/dha/dha_39.png,Tulu-Dtatset-V2,dha,train,a76b956a66b54fd5b8bcddab25865b8be318a222d7419c9d6476f1e3f3df2ecf,367.0,344.0,RGBA,dha_39.png,.png
/home/manvith/Desktop/Projects/Tulu Dataset/Tulu-Dtatset-V2/dha/dha_3.png,Tulu-Dtatset-V2,dha,train,bf31025340b662b22ddc2d305f218a10a2212b4a0c807daface5ce0015980da1,349.0,346.0,RGBA,dha_3.png,.png
/home/manvith/Desktop/Projects/Tulu Dataset/Tulu-Dtatset-V2/dha/dha_4.png,Tulu-Dtatset-V2,dha,train,f741e8a1c100c22cb3b6eccbb54d944611494aae2dc82390a68372f15af40a4d,366.0,348.0,RGBA,dha_4.png,.png
/home/manvith/Desktop/Projects/Tulu Dataset/Tulu-Dtatset-V2/dha/dha_84.png,Tulu-Dtatset-V2,dha,train,90e46fd8dc24336bfc169580ffa7b5dde38fc854d052dd6ed1965c16d3575fba,363.0,345.0,RGBA,dha_84.png,.png
/home/manvith/Desktop/Projects/Tulu Dataset/Tulu-Dtatset-V2/dha/dha_16.png,Tulu-Dtatset-V2,dha,train,d4b892279fb7119c77dd08054239aba5771835d94afb5091eb0df92aedd926da,362.0,350.0,RGBA,dha_16.png,.png
/home/manvith/Desktop/Projects/Tulu Dataset/Tulu-Dtatset-V2/dha/dha_71.png,Tulu-Dtatset-V2,dha,train,289c1ca5d7ed969c215c1ed4b4756d1399957ca05e8292bff121f3ec174136a5,363.0,345.0,RGBA,dha_71.png,.png
/home/manvith/Desktop/Projects/Tulu Dataset/Tulu-Dtatset-V2/dha/dha_19.png,Tulu-Dtatset-V2,dha,train,38bf666b0adcbbb320ed80a62e491aa29247e73d9dedf364aeb087efb83dbe90,362.0,350.0,RGBA,dha_19.png,.png
/home/manvith/Desktop/Projects/Tulu Dataset/Tulu-Dtatset-V2/dha/dha_32.png,Tulu-Dtatset-V2,dha,train,e9e59708fda866ec0c3378d3de937d01e783de022cb6308b42aff489cf8a4d91,367.0,344.0,RGBA,dha_32.png,.png
/home/manvith/Desktop/Projects/Tulu Dataset/Tulu-Dtatset-V2/dha/dha_51.png,Tulu-Dtatset-V2,dha,train,d271bde512574897c0d616f75467674f5fdf352372bd9a57b23fa692ad5b5623,362.0,348.0,RGBA,dha_51.png,.png
/home/manvith/Desktop/Projects/Tulu Dataset/Tulu-Dtatset-V2/dha/dha_27.png,Tulu-Dtatset-V2,dha,train,ceaa487a5e0ce7ac5a3e31f0b849ec8e79f86779d2f5d7d8ebe9ebad61c44858,362.0,350.0,RGBA,dha_27.png,.png
/home/manvith/Desktop/Projects/Tulu Dataset/Tulu-Dtatset-V2/dha/dha_25.png,Tulu-Dtatset-V2,dha,train,4e1a9cf3396f77897360a4f255508657800f656289334e174008b42fdb209f94,362.0,350.0,RGBA,dha_25.png,.png
/home/manvith/Desktop/Projects/Tulu Dataset/Tulu-Dtatset-V2/dha/dha_97.png,Tulu-Dtatset-V2,dha,train,9a061fb2bcf50cb49b29c2836a5f27e10e2c724f50fd6de9b852eda58c424ec1,363.0,345.0,RGBA,dha_97.png,.png
/home/manvith/Desktop/Projects/Tulu Dataset/Tulu-Dtatset-V2/dha/dha_70.png,Tulu-Dtatset-V2,dha,train,05807115d6719d457aa6b694502e8438d2d08d4001cd9771624dea4767b3dfcd,362.0,348.0,RGBA,dha_70.png,.png
/home/manvith/Desktop/Projects/Tulu Dataset/Tulu-Dtatset-V2/dha/dha_23.png,Tulu-Dtatset-V2,dha,train,f27af03398188a358040a4d230e5a4c6f8f66bfeaf788e27d3b0c405db842be1,362.0,350.0,RGBA,dha_23.png,.png
/home/manvith/Desktop/Projects/Tulu Dataset/Tulu-Dtatset-V2/dha/dha_50.png,Tulu-Dtatset-V2,dha,train,77bf0d7ddf157a4ae1ee3364125ca350a663a17cc8dc248c0d6d073326ba8d72,367.0,344.0,RGBA,dha_50.png,.png
/home/manvith/Desktop/Projects/Tulu Dataset/Tulu-Dtatset-V2/dha/dha_12.png,Tulu-Dtatset-V2,dha,train,cfccc3389efa65d4903cc8a47cc10ce232fc9bc201a7fa028e45d0246889bddb,363.0,341.0,RGBA,dha_12.png,.png
/home/manvith/Desktop/Projects/Tulu Dataset/Tulu-Dtatset-V2/dha/dha_6.png,Tulu-Dtatset-V2,dha,train,55cf677836252b7679d01350eb1f4005db23591356ed79bbef0462abf9e52602,367.0,344.0,RGBA,dha_6.png,.png
/home/manvith/Desktop/Projects/Tulu Dataset/Tulu-Dtatset-V2/dha/dha_44.png,Tulu-Dtatset-V2,dha,train,89b533459987c99fad3c513a045dd15fdcef7a0eb5315f0f516f4702c785a5c3,367.0,344.0,RGBA,dha_44.png,.png
/home/manvith/Desktop/Projects/Tulu Dataset/Tulu-Dtatset-V2/dha/dha_13.png,Tulu-Dtatset-V2,dha,train,f76534126d0c053a350011e5624808d594ebd8e56d74d5b998aa1000d5bdfdf3,362.0,348.0,RGBA,dha_13.png,.png
/home/manvith/Desktop/Projects/Tulu Dataset/Tulu-Dtatset-V2/dha/dha_2.png,Tulu-Dtatset-V2,dha,train,799b365bf93196cdc5898af3fdebcfd4a3003f5a9ee4a7cbb670cf8083a9c3f1,362.0,350.0,RGBA,dha_2.png,.png
/home/manvith/Desktop/Projects/Tulu Dataset/Tulu-Dtatset-V2/dha/dha_24.png,Tulu-Dtatset-V2,dha,train,bd4b8347572fa9c4e18e2ee76f5f1558363056586d16407cdb72c55d84207554,362.0,350.0,RGBA,dha_24.png,.png
/home/manvith/Desktop/Projects/Tulu Dataset/Tulu-Dtatset-V2/dha/dha_98.png,Tulu-Dtatset-V2,dha,train,5806cd1caaed71c07d9e0255b3752df7fe90797170d628b4d910522ed0baa4e3,363.0,345.0,RGBA,dha_98.png,.png
/home/manvith/Desktop/Projects/Tulu Dataset/Tulu-Dtatset-V2/dha/dha_30.png,Tulu-Dtatset-V2,dha,train,aa410fe78f9d4b2ce36a42420a817b5546a88e60329331402fddf0596e867809,362.0,350.0,RGBA,dha_30.png,.png
/home/manvith/Desktop/Projects/Tulu Dataset/Tulu-Dtatset-V2/dha/dha_34.png,Tulu-Dtatset-V2,dha,train,d3e5c22ee3df8c40f9748bd6e6dddff4847747c6a67c60e2112b60378c57785c,367.0,344.0,RGBA,dha_34.png,.png
/home/manvith/Desktop/Projects/Tulu Dataset/Tulu-Dtatset-V2/dha/dha_99.png,Tulu-Dtatset-V2,dha,train,95d38a7e4a7e385611282ccdaaf0aa8b86b082cc9d968cd60a7a6e8494f56332,363.0,345.0,RGBA,dha_99.png,.png
/home/manvith/Desktop/Projects/Tulu Dataset/Tulu-Dtatset-V2/dha/dha_35.png,Tulu-Dtatset-V2,dha,train,2430c04e28477f10ae44229c9f55fa4c8e0d7e0202c01947cf04ebde1b03d7b4,367.0,344.0,RGBA,dha_35.png,.png
/home/manvith/Desktop/Projects/Tulu Dataset/Tulu-Dtatset-V2/dha/dha_41.png,Tulu-Dtatset-V2,dha,train,ff20854996b90776aab289fac6e42b1d5bde77198882dc491b31406d6b8bd56c,367.0,344.0,RGBA,dha_41.png,.png
/home/manvith/Desktop/Projects/Tulu Dataset/Tulu-Dtatset-V2/dha/dha_66.png,Tulu-Dtatset-V2,dha,train,6b48751e221994ac954dea9200c343b8b112a4e0e39435ada665bcabe4fc36c8,362.0,348.0,RGBA,dha_66.png,.png
/home/manvith/Desktop/Projects/Tulu Dataset/Tulu-Dtatset-V2/dha/dha_79.png,Tulu-Dtatset-V2,dha,train,99ed1bfc6c4b4b8d0c817ab61d1a0f956c895feea5455a5763bec51d6c78def1,363.0,345.0,RGBA,dha_79.png,.png
/home/manvith/Desktop/Projects/Tulu Dataset/Tulu-Dtatset-V2/dha/dha_14.png,Tulu-Dtatset-V2,dha,train,57672cf914bd478ff3dc6642ed857f3b7b15ce6c944d30f2f4bbbff061986a2d,363.0,345.0,RGBA,dha_14.png,.png
/home/manvith/Desktop/Projects/Tulu Dataset/Tulu-Dtatset-V2/dhha/dhha_14.png,Tulu-Dtatset-V2,dhha,train,ea89193769ab9b1d32b37e2eb1db4f09c40f7d0fcadb8dd57ba8ec30228174f5,366.0,346.0,RGBA,dhha_14.png,.png
/home/manvith/Desktop/Projects/Tulu Dataset/Tulu-Dtatset-V2/dhha/dhha_44.png,Tulu-Dtatset-V2,dhha,train,e450310a032e1e91e2dc2f74b41af58fa906a7ea0ace4ec42910f396466965ea,366.0,346.0,RGBA,dhha_44.png,.png
/home/manvith/Desktop/Projects/Tulu Dataset/Tulu-Dtatset-V2/dhha/dhha_100.png,Tulu-Dtatset-V2,dhha,train,5ae709e8f1c8824a59acea005270f248cc8cc0cdae6e270014408f2254bd5bbb,362.0,349.0,RGBA,dhha_100.png,.png
/home/manvith/Desktop/Projects/Tulu Dataset/Tulu-Dtatset-V2/dhha/dhha_27.png,Tulu-Dtatset-V2,dhha,train,b04e4e225d7b3fddc47bc97c1e475c2c9de5460a2d3ee3f2a3f670c940d55eff,366.0,346.0,RGBA,dhha_27.png,.png
/home/manvith/Desktop/Projects/Tulu Dataset/Tulu-Dtatset-V2/dhha/dhha_4.png,Tulu-Dtatset-V2,dhha,train,0f50384159b5396b9e2685999014464d7a0a19ca28e4e5af291a3fbd2e00a060,362.0,347.0,RGBA,dhha_4.png,.png
/home/manvith/Desktop/Projects/Tulu Dataset/Tulu-Dtatset-V2/dhha/dhha_38.png,Tulu-Dtatset-V2,dhha,train,02f4a56cde8ed2d856cb2a728a7ae628e778842a9d23cc817a56b299998c87c1,366.0,346.0,RGBA,dhha_38.png,.png
/home/manvith/Desktop/Projects/Tulu Dataset/Tulu-Dtatset-V2/dhha/dhha_74.png,Tulu-Dtatset-V2,dhha,train,f4dae5964a529d7ed1a0de7228f98f2c6e18247810cae03e6d9e302e716961f9,362.0,349.0,RGBA,dhha_74.png,.png
/home/manvith/Desktop/Projects/Tulu Dataset/Tulu-Dtatset-V2/dhha/dhha_72.png,Tulu-Dtatset-V2,dhha,train,f67e5262174876720d23fa284fd51659ae80549c23e68538097642e41ac64add,362.0,349.0,RGBA,dhha_72.png,.png
/home/manvith/Desktop/Projects/Tulu Dataset/Tulu-Dtatset-V2/dhha/dhha_9.png,Tulu-Dtatset-V2,dhha,train,d8ed269459619be701e7e7d1f453d1fe0563026bdf24a09765765137ca728919,363.0,345.0,RGBA,dhha_9.png,.png
/home/manvith/Desktop/Projects/Tulu Dataset/Tulu-Dtatset-V2/dhha/dhha_62.png,Tulu-Dtatset-V2,dhha,train,52a106e157f2f5ce2d1744f7f2c5b6804f919af6c0112ea98c655060bdd9856e,363.0,345.0,RGBA,dhha_62.png,.png
/home/manvith/Desktop/Projects/Tulu Dataset/Tulu-Dtatset-V2/dhha/dhha_3.png,Tulu-Dtatset-V2,dhha,train,f5291f98ac8448fddaeb3c383a22e89628b29a4bd068bb9b3fbd070f283a64a1,344.0,347.0,RGBA,dhha_3.png,.png
/home/manvith/Desktop/Projects/Tulu Dataset/Tulu-Dtatset-V2/dhha/dhha_52.png,Tulu-Dtatset-V2,dhha,train,787a1050787d75ee9e56ffafe11e02b435eac427617a8f8e19777f41c2bf5abb,363.0,345.0,RGBA,dhha_52.png,.png
/home/manvith/Desktop/Projects/Tulu Dataset/Tulu-Dtatset-V2/dhha/dhha_67.png,Tulu-Dtatset-V2,dhha,train,06e10287cbe2b8e933adfaa59423e9147b6655cf54037ebe187082cd39955c23,363.0,345.0,RGBA,dhha_67.png,.png
/home/manvith/Desktop/Projects/Tulu Dataset/Tulu-Dtatset-V2/dhha/dhha_48.png,Tulu-Dtatset-V2,dhha,train,62373c6f2a6fe44e122e05d2957eeab110bd4f270b98471e6cff7787bb2cb339,366.0,346.0,RGBA,dhha_48.png,.png
/home/manvith/Desktop/Projects/Tulu Dataset/Tulu-Dtatset-V2/dhha/dhha_29.png,Tulu-Dtatset-V2,dhha,train,06b48b2b7433d2abd46fbef288072eb20bfd21db1cb87befa710d1b4f24b4566,366.0,346.0,RGBA,dhha_29.png,.png
/home/manvith/Desktop/Projects/Tulu Dataset/Tulu-Dtatset-V2/dhha/dhha_64.png,Tulu-Dtatset-V2,dhha,train,fcafd3f077731889635703dad5abd7acf0e57ea43f1d9963fa1e2a7d7edef638,363.0,345.0,RGBA,dhha_64.png,.png
/home/manvith/Desktop/Projects/Tulu Dataset/Tulu-Dtatset-V2/dhha/dhha_32.png,Tulu-Dtatset-V2,dhha,train,e160015be7792158ae63fe88863ff6556d883abdf6e9a4af89594be96132dbb8,366.0,346.0,RGBA,dhha_32.png,.png
/home/manvith/Desktop/Projects/Tulu Dataset/Tulu-Dtatset-V2/dhha/dhha_82.png,Tulu-Dtatset-V2,dhha,train,b704d8cff39753d98d6cb8c93fb499c40c2c53015240ae758cc62ba7b325b7fb,362.0,349.0,RGBA,dhha_82.png,.png
/home/manvith/Desktop/Projects/Tulu Dataset/Tulu-Dtatset-V2/dhha/dhha_39.png,Tulu-Dtatset-V2,dhha,train,eb7a6d2db05843063ac6d1a0aab42595e32392b71241d2c721031d18d4fcfb7f,366.0,346.0,RGBA,dhha_39.png,.png
/home/manvith/Desktop/Projects/Tulu Dataset/Tulu-Dtatset-V2/dhha/dhha_91.png,Tulu-Dtatset-V2,dhha,train,5df4140ee4bdedb0f2a991cb7a6e8f2c9721efa10fc83f0fa0103fc66105e9b2,362.0,349.0,RGBA,dhha_91.png,.png
/home/manvith/Desktop/Projects/Tulu Dataset/Tulu-Dtatset-V2/dhha/dhha_31.png,Tulu-Dtatset-V2,dhha,train,a646b6f5db85359c4dc9e4661f8b3f874f22d26e77acbde78ed2cae88bd1eeb6,366.0,346.0,RGBA,dhha_31.png,.png
/home/manvith/Desktop/Projects/Tulu Dataset/Tulu-Dtatset-V2/dhha/dhha_18.png,Tulu-Dtatset-V2,dhha,train,2532b2a934ff5cb1c592a0fb141653fd5022b3d292860b0fa94628ff64b9381a,366.0,346.0,RGBA,dhha_18.png,.png
/home/manvith/Desktop/Projects/Tulu Dataset/Tulu-Dtatset-V2/dhha/dhha_25.png,Tulu-Dtatset-V2,dhha,train,5c8072f165dd2423ee8a3b18d74b81e041dbfbff8a1676032ebc33ff06a33f0d,366.0,346.0,RGBA,dhha_25.png,.png
/home/manvith/Desktop/Projects/Tulu Dataset/Tulu-Dtatset-V2/dhha/dhha_7.png,Tulu-Dtatset-V2,dhha,train,4f1ccef435dc99064e15d81c5fb6a18db7f4d4836115373b27772647f8d54408,363.0,346.0,RGBA,dhha_7.png,.png
/home/manvith/Desktop/Projects/Tulu Dataset/Tulu-Dtatset-V2/dhha/dhha_37.png,Tulu-Dtatset-V2,dhha,train,86d4c950a93cbe970cadc98d72a5f2db107387e38ff309c0e78cf1d56b753c62,366.0,346.0,RGBA,dhha_37.png,.png
/home/manvith/Desktop/Projects/Tulu Dataset/Tulu-Dtatset-V2/dhha/dhha_34.png,Tulu-Dtatset-V2,dhha,train,4fcaff90b56c160eaf6b6bb605cd48c3091b5050ab49880a3ffe06326d936fb5,366.0,346.0,RGBA,dhha_34.png,.png
/home/manvith/Desktop/Projects/Tulu Dataset/Tulu-Dtatset-V2/dhha/dhha_49.png,Tulu-Dtatset-V2,dhha,train,ccf1bd6454c1895cd7450b091e84d76186ec0817bb4e03e1f04c2646f466218b,366.0,346.0,RGBA,dhha_49.png,.png
/home/manvith/Desktop/Projects/Tulu Dataset/Tulu-Dtatset-V2/dhha/dhha_73.png,Tulu-Dtatset-V2,dhha,train,1318907cb19e162daafdf3fb8998fa3da3cca954103b6b47fcc91e46794dddf4,362.0,349.0,RGBA,dhha_73.png,.png
/home/manvith/Desktop/Projects/Tulu Dataset/Tulu-Dtatset-V2/dhha/dhha_87.png,Tulu-Dtatset-V2,dhha,train,14d59e87b60fb26e0042ef1d3ae1a89e466dbd9f57afdd1557391b63fe52f761,362.0,349.0,RGBA,dhha_87.png,.png
/home/manvith/Desktop/Projects/Tulu Dataset/Tulu-Dtatset-V2/dhha/dhha_85.png,Tulu-Dtatset-V2,dhha,train,e3f37f8e719627bf1fed72f6c8843248f02c2913eab4636d03da8650a461a0a7,362.0,349.0,RGBA,dhha_85.png,.png
/home/manvith/Desktop/Projects/Tulu Dataset/Tulu-Dtatset-V2/dhha/dhha_55.png,Tulu-Dtatset-V2,dhha,train,eed85cb93e2938314dd4a2bca1b3389c98a04ca9fe4e4bf9b77633f1c6e00117,363.0,345.0,RGBA,dhha_55.png,.png
/home/manvith/Desktop/Projects/Tulu Dataset/Tulu-Dtatset-V2/dhha/dhha_19.png,Tulu-Dtatset-V2,dhha,train,3328286d64b619748c070d4aefd9261dd935da00d11ca6df0ab77d6609a2880f,366.0,346.0,RGBA,dhha_19.png,.png
/home/manvith/Desktop/Projects/Tulu Dataset/Tulu-Dtatset-V2/dhha/dhha_23.png,Tulu-Dtatset-V2,dhha,train,75ca735a351d4edb808829b2a8eddc14c3b3dd77142aeec3269a23e40523a701,366.0,346.0,RGBA,dhha_23.png,.png
/home/manvith/Desktop/Projects/Tulu Dataset/Tulu-Dtatset-V2/dhha/dhha_89.png,Tulu-Dtatset-V2,dhha,train,a75904897b631b4941daa17a706ac05c474719cb024ef5a7ceda771ca17ea6e1,362.0,349.0,RGBA,dhha_89.png,.png
/home/manvith/Desktop/Projects/Tulu Dataset/Tulu-Dtatset-V2/dhha/dhha_59.png,Tulu-Dtatset-V2,dhha,train,299ae47af19ed79941733230f04d158e40fd80e8a677aeb389257a8b5a4bf3d9,363.0,345.0,RGBA,dhha_59.png,.png
/home/manvith/Desktop/Projects/Tulu Dataset/Tulu-Dtatset-V2/dhha/dhha_93.png,Tulu-Dtatset-V2,dhha,train,bceb0289fa267f0ca2d216f49efb3ad778447036234f5c676e2b2d56a6ba3364,362.0,349.0,RGBA,dhha_93.png,.png
/home/manvith/Desktop/Projects/Tulu Dataset/Tulu-Dtatset-V2/dhha/dhha_1.png,Tulu-Dtatset-V2,dhha,train,962b356cad115ee160ed2def50d8a0c29cd9f1e2dc456e6bc37025e857f30ebb,359.0,347.0,RGBA,dhha_1.png,.png
/home/manvith/Desktop/Projects/Tulu Dataset/Tulu-Dtatset-V2/dhha/dhha_17.png,Tulu-Dtatset-V2,dhha,train,efaf4971f7d3c8459a247b5bcdb3e6c554a215adf6d1f19c7c026d77ac9f62b3,366.0,346.0,RGBA,dhha_17.png,.png
/home/manvith/Desktop/Projects/Tulu Dataset/Tulu-Dtatset-V2/dhha/dhha_92.png,Tulu-Dtatset-V2,dhha,train,08bf907697892a159e8c68bf7895438716d8a0cd2cb4c3fa1b8476339aad9d5c,362.0,349.0,RGBA,dhha_92.png,.png
/home/manvith/Desktop/Projects/Tulu Dataset/Tulu-Dtatset-V2/dhha/dhha_97.png,Tulu-Dtatset-V2,dhha,train,c610b0d6541ad6ed2d2ea2eb50ed969f8921b8be97401fef4dd281aa6c333be1,362.0,349.0,RGBA,dhha_97.png,.png
/home/manvith/Desktop/Projects/Tulu Dataset/Tulu-Dtatset-V2/dhha/dhha_60.png,Tulu-Dtatset-V2,dhha,train,dc55d76711f46d565e852962b3a85e25cf4c84dcc6a25b081c8911204dc65306,363.0,345.0,RGBA,dhha_60.png,.png
/home/manvith/Desktop/Projects/Tulu Dataset/Tulu-Dtatset-V2/dhha/dhha_42.png,Tulu-Dtatset-V2,dhha,train,f71d1b0fdb6833e8ef661ce8dd0124ac163fb178938241652a8c874c5014aac9,366.0,346.0,RGBA,dhha_42.png,.png
/home/manvith/Desktop/Projects/Tulu Dataset/Tulu-Dtatset-V2/dhha/dhha_94.png,Tulu-Dtatset-V2,dhha,train,a1da333b0faaa23e7c34ce43650709769b686c0acc361269ff2163cde4536c09,362.0,349.0,RGBA,dhha_94.png,.png
/home/manvith/Desktop/Projects/Tulu Dataset/Tulu-Dtatset-V2/dhha/dhha_68.png,Tulu-Dtatset-V2,dhha,train,6687a6b50f2034a679aef4c5d15bee26ec1e4815cf16cb38a7b904b854b5f0dd,363.0,345.0,RGBA,dhha_68.png,.png
/home/manvith/Desktop/Projects/Tulu Dataset/Tulu-Dtatset-V2/dhha/dhha_79.png,Tulu-Dtatset-V2,dhha,train,c887467b0ce6d41803b593afe60d63c52de04c24e3226c6ea5737b168a29db8c,362.0,349.0,RGBA,dhha_79.png,.png
/home/manvith/Desktop/Projects/Tulu Dataset/Tulu-Dtatset-V2/dhha/dhha_75.png,Tulu-Dtatset-V2,dhha,train,24bbf7c182eddfdecee7bc18e1cee474c7e980c36c9f9750252b06507b38bf4b,362.0,349.0,RGBA,dhha_75.png,.png
/home/manvith/Desktop/Projects/Tulu Dataset/Tulu-Dtatset-V2/dhha/dhha_41.png,Tulu-Dtatset-V2,dhha,train,9a98ac77467ded9662c0242699cbbddb458ef80604f13fd0f6880f17ebdb2e69,366.0,346.0,RGBA,dhha_41.png,.png
/home/manvith/Desktop/Projects/Tulu Dataset/Tulu-Dtatset-V2/dhha/dhha_16.png,Tulu-Dtatset-V2,dhha,train,134b3cd08d28e7b4184573ee67f7b51e914b8138cfa94cbc2db8712fefc0649e,366.0,346.0,RGBA,dhha_16.png,.png
/home/manvith/Desktop/Projects/Tulu Dataset/Tulu-Dtatset-V2/dhha/dhha_98.png,Tulu-Dtatset-V2,dhha,train,abb6d8d29d812395e430984b813e00c61041b41436d650b20abd52c60180f101,362.0,349.0,RGBA,dhha_98.png,.png
/home/manvith/Desktop/Projects/Tulu Dataset/Tulu-Dtatset-V2/dhha/dhha_28.png,Tulu-Dtatset-V2,dhha,train,ee5b7a05a34b8188842333ebdbf2f4987eb7f18aff956d89142ec1d8c9923681,366.0,346.0,RGBA,dhha_28.png,.png
/home/manvith/Desktop/Projects/Tulu Dataset/Tulu-Dtatset-V2/dhha/dhha_69.png,Tulu-Dtatset-V2,dhha,train,9f8f8cece5c413534e3bfc93178b7b88f7ea3b20e6a17f2a1825c13a10aa350b,363.0,345.0,RGBA,dhha_69.png,.png
/home/manvith/Desktop/Projects/Tulu Dataset/Tulu-Dtatset-V2/dhha/dhha_11.png,Tulu-Dtatset-V2,dhha,train,b6cafb5ff6f648ad1d0537c03b9fa430bb8f9a184ec5a4858b81b92d5beea3ac,360.0,348.0,RGBA,dhha_11.png,.png
/home/manvith/Desktop/Projects/Tulu Dataset/Tulu-Dtatset-V2/dhha/dhha_10.png,Tulu-Dtatset-V2,dhha,train,d13dcf60e70b8cb73b5ac1a4e4e457090e3447fa26cc980f089c042120bf6ad8,358.0,348.0,RGBA,dhha_10.png,.png
/home/manvith/Desktop/Projects/Tulu Dataset/Tulu-Dtatset-V2/dhha/dhha_99.png,Tulu-Dtatset-V2,dhha,train,1dc8020aabd52253510649c970d088d745eee437d1d91a3d55d2c14694d6d66e,362.0,349.0,RGBA,dhha_99.png,.png
/home/manvith/Desktop/Projects/Tulu Dataset/Tulu-Dtatset-V2/dhha/dhha_45.png,Tulu-Dtatset-V2,dhha,train,7732392fb2b42ffc7134759f62bd6e8fd13d929717ac379bc0f70d9095cf5d5e,366.0,346.0,RGBA,dhha_45.png,.png
/home/manvith/Desktop/Projects/Tulu Dataset/Tulu-Dtatset-V2/dhha/dhha_46.png,Tulu-Dtatset-V2,dhha,train,fab479ad0097698ce5f1a222215a024b7e54dbe1fe35f1670ef6041e9f7147bd,366.0,346.0,RGBA,dhha_46.png,.png
/home/manvith/Desktop/Projects/Tulu Dataset/Tulu-Dtatset-V2/dhha/dhha_20.png,Tulu-Dtatset-V2,dhha,train,4f034e463f0a7bc502eb942f2c56af72245ee14a243bca46d206ae921ff94fc2,366.0,346.0,RGBA,dhha_20.png,.png
/home/manvith/Desktop/Projects/Tulu Dataset/Tulu-Dtatset-V2/dhha/dhha_47.png,Tulu-Dtatset-V2,dhha,train,c2433a38e64c4572c82f20d93502295302d7fbd514cd33720ec22c95561d543d,366.0,346.0,RGBA,dhha_47.png,.png
/home/manvith/Desktop/Projects/Tulu Dataset/Tulu-Dtatset-V2/dhha/dhha_13.png,Tulu-Dtatset-V2,dhha,train,d4d2ca66bfcf48744bd1cea900de6fc7ed10c28d714f9905c5b800db754d022f,357.0,346.0,RGBA,dhha_13.png,.png
/home/manvith/Desktop/Projects/Tulu Dataset/Tulu-Dtatset-V2/dhha/dhha_35.png,Tulu-Dtatset-V2,dhha,train,5bf8681d99a064dbf310ced539797f44308424495f88dcc5cc9aaa43956a2436,366.0,346.0,RGBA,dhha_35.png,.png
/home/manvith/Desktop/Projects/Tulu Dataset/Tulu-Dtatset-V2/dhha/dhha_80.png,Tulu-Dtatset-V2,dhha,train,9aa1a592f2e7373b5157f3a736305e0dc74db8311622060c08bf4198303b5085,362.0,349.0,RGBA,dhha_80.png,.png
/home/manvith/Desktop/Projects/Tulu Dataset/Tulu-Dtatset-V2/dhha/dhha_58.png,Tulu-Dtatset-V2,dhha,train,fd82cfa4dccd2e509cee03fe06e2b250c89a4a0c5579eab30cd025fe4d93f28b,363.0,345.0,RGBA,dhha_58.png,.png
/home/manvith/Desktop/Projects/Tulu Dataset/Tulu-Dtatset-V2/dhha/dhha_63.png,Tulu-Dtatset-V2,dhha,train,357cb82df1e899c80db6baee76b419f4cbd20da58aaad032f455aa6408584310,363.0,345.0,RGBA,dhha_63.png,.png
/home/manvith/Desktop/Projects/Tulu Dataset/Tulu-Dtatset-V2/dhha/dhha_22.png,Tulu-Dtatset-V2,dhha,train,aca0230006a47133bf8e2f35f397263c1b0a44d56b33742ff1dd536028821e88,366.0,346.0,RGBA,dhha_22.png,.png
/home/manvith/Desktop/Projects/Tulu Dataset/Tulu-Dtatset-V2/dhha/dhha_30.png,Tulu-Dtatset-V2,dhha,train,cf201a4c0336c5ced87feae580b38868142c84112dafac07f0a9aa0858b85035,366.0,346.0,RGBA,dhha_30.png,.png
/home/manvith/Desktop/Projects/Tulu Dataset/Tulu-Dtatset-V2/dhha/dhha_81.png,Tulu-Dtatset-V2,dhha,train,d20e15749202958359e92180b24d934f0d2236f0e94a97823ea04adee60d97f0,362.0,349.0,RGBA,dhha_81.png,.png
/home/manvith/Desktop/Projects/Tulu Dataset/Tulu-Dtatset-V2/dhha/dhha_54.png,Tulu-Dtatset-V2,dhha,train,7dbb0dc8740cac50f872fc43fd720aefa07ec7a842f73ea0babe4ed2c73db234,363.0,345.0,RGBA,dhha_54.png,.png
/home/manvith/Desktop/Projects/Tulu Dataset/Tulu-Dtatset-V2/dhha/dhha_15.png,Tulu-Dtatset-V2,dhha,train,337748d3260f3e495f730cf6790ccea36b82e9cb388d2cc3d1a28fc3b322e3ab,362.0,349.0,RGBA,dhha_15.png,.png
/home/manvith/Desktop/Projects/Tulu Dataset/Tulu-Dtatset-V2/dhha/dhha_5.png,Tulu-Dtatset-V2,dhha,train,2fecd344a085b8bd73ea670aa492c4f6bba8eeb8d48543698aadca44e851abcd,360.0,347.0,RGBA,dhha_5.png,.png
/home/manvith/Desktop/Projects/Tulu Dataset/Tulu-Dtatset-V2/dhha/dhha_78.png,Tulu-Dtatset-V2,dhha,train,7d7404c0a159fc13079960cce4768849904996c9295ad6d58b2e8cd609938f5a,362.0,349.0,RGBA,dhha_78.png,.png
/home/manvith/Desktop/Projects/Tulu Dataset/Tulu-Dtatset-V2/dhha/dhha_83.png,Tulu-Dtatset-V2,dhha,train,397d85c1778447473e1acdb00a1f73f0b199b1dda522d82a67c55100a42aa6e9,362.0,349.0,RGBA,dhha_83.png,.png
/home/manvith/Desktop/Projects/Tulu Dataset/Tulu-Dtatset-V2/dhha/dhha_50.png,Tulu-Dtatset-V2,dhha,train,53c7dd427a013911cebfba665d2771fe3189bd4feffee7e579e09da9f0c79744,366.0,346.0,RGBA,dhha_50.png,.png
/home/manvith/Desktop/Projects/Tulu Dataset/Tulu-Dtatset-V2/dhha/dhha_95.png,Tulu-Dtatset-V2,dhha,train,8c1ae933ce460d1a17f4ee97b11ec417e023fdd25ef2c6b8d479536b17b7a449,362.0,349.0,RGBA,dhha_95.png,.png
/home/manvith/Desktop/Projects/Tulu Dataset/Tulu-Dtatset-V2/dhha/dhha_76.png,Tulu-Dtatset-V2,dhha,train,6b3a0b79d59f1cb0c639084787d3bf9be712b695dbb9140f8edb559f7e7446f5,362.0,349.0,RGBA,dhha_76.png,.png
/home/manvith/Desktop/Projects/Tulu Dataset/Tulu-Dtatset-V2/dhha/dhha_6.png,Tulu-Dtatset-V2,dhha,train,016c732f1909978c41276f45acbd65f9590f5a0fea9112815ce5876f7620ee6c,362.0,344.0,RGBA,dhha_6.png,.png
/home/manvith/Desktop/Projects/Tulu Dataset/Tulu-Dtatset-V2/dhha/dhha_33.png,Tulu-Dtatset-V2,dhha,train,0ef90d83fae03523a512a3744dcb58f679ce02fcbcfda385c45bf9fbb8371f6d,366.0,346.0,RGBA,dhha_33.png,.png
/home/manvith/Desktop/Projects/Tulu Dataset/Tulu-Dtatset-V2/dhha/dhha_90.png,Tulu-Dtatset-V2,dhha,train,f3a9df79d9a3a8407c84876e24eabaeeb0b0c2496041a346444381378dfddf20,362.0,349.0,RGBA,dhha_90.png,.png
/home/manvith/Desktop/Projects/Tulu Dataset/Tulu-Dtatset-V2/dhha/dhha_12.png,Tulu-Dtatset-V2,dhha,train,a322ab7992c62f33e77dae696b93763318d201c9356a55d46d5e4150ae91cd2a,362.0,340.0,RGBA,dhha_12.png,.png
/home/manvith/Desktop/Projects/Tulu Dataset/Tulu-Dtatset-V2/dhha/dhha_40.png,Tulu-Dtatset-V2,dhha,train,55d341a4a0e8b2e3472cc4a11092a561bd5b680ae9baf0b8323cdba33e000655,366.0,346.0,RGBA,dhha_40.png,.png
/home/manvith/Desktop/Projects/Tulu Dataset/Tulu-Dtatset-V2/dhha/dhha_56.png,Tulu-Dtatset-V2,dhha,train,2d6a5133b1fbfc297ab46cc3d5c013a66b6659c774afd7a14d831e858387f8f1,363.0,345.0,RGBA,dhha_56.png,.png
/home/manvith/Desktop/Projects/Tulu Dataset/Tulu-Dtatset-V2/e/e_24.png,Tulu-Dtatset-V2,e,train,288b23f5bcb37661728da8f0c9c3b429173ab07e86a197b62e8d95ba7ddad0ce,359.0,351.0,RGBA,e_24.png,.png
/home/manvith/Desktop/Projects/Tulu Dataset/Tulu-Dtatset-V2/e/e_37.png,Tulu-Dtatset-V2,e,train,e8f99473a7301f9336e1182bb1b96c39538804b826a111af1be62fb7961b829c,359.0,351.0,RGBA,e_37.png,.png
/home/manvith/Desktop/Projects/Tulu Dataset/Tulu-Dtatset-V2/e/e_100.png,Tulu-Dtatset-V2,e,train,d2f09c63299f57069c153d7f21ec7eda920abef75d6d6a3a5c8fe94b438c1bc6,357.0,347.0,RGBA,e_100.png,.png
/home/manvith/Desktop/Projects/Tulu Dataset/Tulu-Dtatset-V2/e/e_1.png,Tulu-Dtatset-V2,e,train,31639cd426818f2592b491dcfdb0feb14d6dcb6e22e895e57fdef01e09324762,359.0,351.0,RGBA,e_1.png,.png
/home/manvith/Desktop/Projects/Tulu Dataset/Tulu-Dtatset-V2/e/e_71.png,Tulu-Dtatset-V2,e,train,7bbee4f2bb094752b17fdbeedbead59c9c2086f5d4e060030b5367b02c70cc93,357.0,347.0,RGBA,e_71.png,.png
/home/manvith/Desktop/Projects/Tulu Dataset/Tulu-Dtatset-V2/e/e_92.png,Tulu-Dtatset-V2,e,train,126a9f1484da7cfceedb5c30bbf70e05ce0c7d2731dd6840a12d589272e767d4,357.0,347.0,RGBA,e_92.png,.png
/home/manvith/Desktop/Projects/Tulu Dataset/Tulu-Dtatset-V2/e/e_39.png,Tulu-Dtatset-V2,e,train,ce632cd0367f6cee5ac24b2a1991c25f72de245d2fb481fa84134d64ecb48478,359.0,351.0,RGBA,e_39.png,.png
/home/manvith/Desktop/Projects/Tulu Dataset/Tulu-Dtatset-V2/e/e_38.png,Tulu-Dtatset-V2,e,train,05d763546e14ab4370ec2997b8c0f1d6df699c69b2e2ce076b1766a02ebb4848,359.0,351.0,RGBA,e_38.png,.png
/home/manvith/Desktop/Projects/Tulu Dataset/Tulu-Dtatset-V2/e/e_8.png,Tulu-Dtatset-V2,e,train,d384ee18e963913062767762f7f0c5b80f8fb2adeea1dbb54658295997816591,361.0,352.0,RGBA,e_8.png,.png
/home/manvith/Desktop/Projects/Tulu Dataset/Tulu-Dtatset-V2/e/e_95.png,Tulu-Dtatset-V2,e,train,af69c89d991c07f029e5ae57903865dbfba9384ccb7126f3ed01053075d70d40,357.0,347.0,RGBA,e_95.png,.png
/home/manvith/Desktop/Projects/Tulu Dataset/Tulu-Dtatset-V2/e/e_45.png,Tulu-Dtatset-V2,e,train,2bd562ce717bd6ebb90e4e187126884328c657fa41e8f664830a5ab82c5e3ab8,359.0,351.0,RGBA,e_45.png,.png
/home/manvith/Desktop/Projects/Tulu Dataset/Tulu-Dtatset-V2/e/e_49.png,Tulu-Dtatset-V2,e,train,9addb1412bc71af0d1c5313b01b6040045deb619bdfcdde1a1bdb51a5625660c,359.0,351.0,RGBA,e_49.png,.png
/home/manvith/Desktop/Projects/Tulu Dataset/Tulu-Dtatset-V2/e/e_63.png,Tulu-Dtatset-V2,e,train,fc35a11f8dcf48f2f1bb63e0dbb8b33de5c79e3d860f408cee46bd4193f067f1,358.0,351.0,RGBA,e_63.png,.png
/home/manvith/Desktop/Projects/Tulu Dataset/Tulu-Dtatset-V2/e/e_78.png,Tulu-Dtatset-V2,e,train,2609fc9ee41619d3969cbf57b4eee1623c802f3fa9cc7bd0c5384bf7f8fec5e7,357.0,347.0,RGBA,e_78.png,.png
/home/manvith/Desktop/Projects/Tulu Dataset/Tulu-Dtatset-V2/e/e_93.png,Tulu-Dtatset-V2,e,train,68ec583d3eaec6be1d2f6a91b5b6c9af5d90ddb68cf4b9d5193710b1c432ff0e,357.0,347.0,RGBA,e_93.png,.png
/home/manvith/Desktop/Projects/Tulu Dataset/Tulu-Dtatset-V2/e/e_22.png,Tulu-Dtatset-V2,e,train,f9b9146e680063fc5de75742bf8f2eb1c50093e7515ed1fd50711c804e2d6ef2,359.0,351.0,RGBA,e_22.png,.png
/home/manvith/Desktop/Projects/Tulu Dataset/Tulu-Dtatset-V2/e/e_51.png,Tulu-Dtatset-V2,e,train,8aa3c21f20aae5e4e83f1ae42033a03b76fa2121729d7807739b4301e58a6422,358.0,351.0,RGBA,e_51.png,.png
/home/manvith/Desktop/Projects/Tulu Dataset/Tulu-Dtatset-V2/e/e_57.png,Tulu-Dtatset-V2,e,train,bf916295c085c830614fa87d05e4cc42681155561602ab8a0b9cce94e9c88194,358.0,351.0,RGBA,e_57.png,.png
/home/manvith/Desktop/Projects/Tulu Dataset/Tulu-Dtatset-V2/e/e_90.png,Tulu-Dtatset-V2,e,train,9a195bff9705cb29e0af3d52a231dbd1d48058fe2c64a636a6f3262e0d2ba7ce,357.0,347.0,RGBA,e_90.png,.png
/home/manvith/Desktop/Projects/Tulu Dataset/Tulu-Dtatset-V2/e/e_85.png,Tulu-Dtatset-V2,e,train,c8b198c688d94fcef772a47e767928f8252f646d92e4392c29c8a568f5f7afb5,357.0,347.0,RGBA,e_85.png,.png
/home/manvith/Desktop/Projects/Tulu Dataset/Tulu-Dtatset-V2/e/e_43.png,Tulu-Dtatset-V2,e,train,f65048f2eac34c5842a06e120da9af58e230a4e101a8ea12a28cf1b1e994bc5e,359.0,351.0,RGBA,e_43.png,.png
/home/manvith/Desktop/Projects/Tulu Dataset/Tulu-Dtatset-V2/e/e_19.png,Tulu-Dtatset-V2,e,train,36939306625c7ce7ba7c825ba85afd7118fd058621f36969d887cb8b86099b64,359.0,351.0,RGBA,e_19.png,.png
/home/manvith/Desktop/Projects/Tulu Dataset/Tulu-Dtatset-V2/e/e_34.png,Tulu-Dtatset-V2,e,train,1eefd8c9f94fc851dae0576de31fe54ce31aba335d570ace3bba6aee8633be9b,359.0,351.0,RGBA,e_34.png,.png
/home/manvith/Desktop/Projects/Tulu Dataset/Tulu-Dtatset-V2/e/e_26.png,Tulu-Dtatset-V2,e,train,db7c460d76eca57e256d2828eed024df541edda1f9d8ce5b4358d935573a1b16,359.0,351.0,RGBA,e_26.png,.png
/home/manvith/Desktop/Projects/Tulu Dataset/Tulu-Dtatset-V2/e/e_54.png,Tulu-Dtatset-V2,e,train,b651e372cc98780e06d098249c71a6e3f6537f87f18bd7a3b8c7f753a5f98b86,358.0,351.0,RGBA,e_54.png,.png
/home/manvith/Desktop/Projects/Tulu Dataset/Tulu-Dtatset-V2/e/e_10.png,Tulu-Dtatset-V2,e,train,c5f9e4b1af9ca25638322e59197c103dfb9db268f7556ce0e9c6e243394950d3,361.0,351.0,RGBA,e_10.png,.png
/home/manvith/Desktop/Projects/Tulu Dataset/Tulu-Dtatset-V2/e/e_86.png,Tulu-Dtatset-V2,e,train,101cc987e0c432d2e0ab45e7281fe8bf0174abc24b3307b5e975b2ea47fd7a4c,357.0,347.0,RGBA,e_86.png,.png
/home/manvith/Desktop/Projects/Tulu Dataset/Tulu-Dtatset-V2/e/e_91.png,Tulu-Dtatset-V2,e,train,1c76fb1156995643c7e591a8f0ea12597e758adde01c1459929802e8a8f731a0,357.0,347.0,RGBA,e_91.png,.png
/home/manvith/Desktop/Projects/Tulu Dataset/Tulu-Dtatset-V2/e/e_30.png,Tulu-Dtatset-V2,e,train,6a6292e54205364086a6a69cad99ca9ddb086bdeca585b1e0d285f569c60aa21,359.0,351.0,RGBA,e_30.png,.png
/home/manvith/Desktop/Projects/Tulu Dataset/Tulu-Dtatset-V2/e/e_4.png,Tulu-Dtatset-V2,e,train,79bc10b95f593fd9b882d64ff59e8f424cc452e38bbc5f04b06ec3f59a7bbb3d,349.0,353.0,RGBA,e_4.png,.png
/home/manvith/Desktop/Projects/Tulu Dataset/Tulu-Dtatset-V2/e/e_53.png,Tulu-Dtatset-V2,e,train,078c8dbb078d7ec72301f8b916d7d56ceebb112c7f7e21354523c6d47df95819,358.0,351.0,RGBA,e_53.png,.png
/home/manvith/Desktop/Projects/Tulu Dataset/Tulu-Dtatset-V2/e/e_29.png,Tulu-Dtatset-V2,e,train,cad687a1c12b35746cda77effbf92f14b6fdac5408eec12aedf0bea48346d1c5,359.0,351.0,RGBA,e_29.png,.png
/home/manvith/Desktop/Projects/Tulu Dataset/Tulu-Dtatset-V2/e/e_62.png,Tulu-Dtatset-V2,e,train,a35a2466c8aa1e362106294dd830056b4c7075440e2992769f81b003f220102c,358.0,351.0,RGBA,e_62.png,.png
/home/manvith/Desktop/Projects/Tulu Dataset/Tulu-Dtatset-V2/e/e_96.png,Tulu-Dtatset-V2,e,train,e2d0105da722e36a8f87105fa1985d17edaee7429ec4ac43ca63f597dfcc0105,357.0,347.0,RGBA,e_96.png,.png
/home/manvith/Desktop/Projects/Tulu Dataset/Tulu-Dtatset-V2/e/e_28.png,Tulu-Dtatset-V2,e,train,7e4c8dac66ed73c7243f9939dbd50d384e3ebf9396dc15a2094e0336c8c5fef8,359.0,351.0,RGBA,e_28.png,.png
/home/manvith/Desktop/Projects/Tulu Dataset/Tulu-Dtatset-V2/e/e_41.png,Tulu-Dtatset-V2,e,train,34491b37a7586d9661eb81e6acb34fc13c6211f2186a05111bbba4c08ee2c7ae,359.0,351.0,RGBA,e_41.png,.png
/home/manvith/Desktop/Projects/Tulu Dataset/Tulu-Dtatset-V2/e/e_44.png,Tulu-Dtatset-V2,e,train,3c8d317a8b77c1b351adad0420e852a39e15d172074041e89d2a7785155de7bd,359.0,351.0,RGBA,e_44.png,.png
/home/manvith/Desktop/Projects/Tulu Dataset/Tulu-Dtatset-V2/e/e_81.png,Tulu-Dtatset-V2,e,train,c102d3b3bb1999698a09d15b522e9365d3ea779a8acba9cde0e458bfc19eac1e,357.0,347.0,RGBA,e_81.png,.png
/home/manvith/Desktop/Projects/Tulu Dataset/Tulu-Dtatset-V2/e/e_97.png,Tulu-Dtatset-V2,e,train,bcf2dbec98311c0c715ea75f8e591a0efdb8652b5cc4678e74b6d72fd7622ea8,357.0,347.0,RGBA,e_97.png,.png
/home/manvith/Desktop/Projects/Tulu Dataset/Tulu-Dtatset-V2/e/e_82.png,Tulu-Dtatset-V2,e,train,ef32511b9e6e2ef8755c3fe2247d3778f24885ca6238b1eba9a37ac592cb631d,357.0,347.0,RGBA,e_82.png,.png
/home/manvith/Desktop/Projects/Tulu Dataset/Tulu-Dtatset-V2/e/e_84.png,Tulu-Dtatset-V2,e,train,a4503a3635190b952bd749176b418041bf246bb67cda82ec26c971979482a63f,357.0,347.0,RGBA,e_84.png,.png
/home/manvith/Desktop/Projects/Tulu Dataset/Tulu-Dtatset-V2/e/e_94.png,Tulu-Dtatset-V2,e,train,9ae22d104498bf61b3e2135eaf0a4fc65cb803d532b534a57aad8d1a3fb6d397,357.0,347.0,RGBA,e_94.png,.png
/home/manvith/Desktop/Projects/Tulu Dataset/Tulu-Dtatset-V2/e/e_69.png,Tulu-Dtatset-V2,e,train,7ae9ed7b41293d5957e71764b08f22f813e10a0834613b34fa356b8c991d7d7a,358.0,351.0,RGBA,e_69.png,.png
/home/manvith/Desktop/Projects/Tulu Dataset/Tulu-Dtatset-V2/e/e_77.png,Tulu-Dtatset-V2,e,train,2ea3327ad1c7faa2b348cffc815394c673a76d893ab0fbd0c4852a827fb6cd65,357.0,347.0,RGBA,e_77.png,.png
/home/manvith/Desktop/Projects/Tulu Dataset/Tulu-Dtatset-V2/e/e_5.png,Tulu-Dtatset-V2,e,train,0315e1323674f66fcd894d80e87636371c244c076905617fa307550664e419f0,358.0,351.0,RGBA,e_5.png,.png
/home/manvith/Desktop/Projects/Tulu Dataset/Tulu-Dtatset-V2/e/e_75.png,Tulu-Dtatset-V2,e,train,96ab96564eb0c5a5e5a85843fc0db8953e18cad1ce30854bdb6a95d8d303d138,357.0,347.0,RGBA,e_75.png,.png
/home/manvith/Desktop/Projects/Tulu Dataset/Tulu-Dtatset-V2/e/e_13.png,Tulu-Dtatset-V2,e,train,280d65c9eaef4a013d94420f5393a9a340948df053dbf802b033e2990a411920,351.0,349.0,RGBA,e_13.png,.png
/home/manvith/Desktop/Projects/Tulu Dataset/Tulu-Dtatset-V2/e/e_12.png,Tulu-Dtatset-V2,e,train,9374a33503e46015abbb8eea11799c56910fe129d91e0fc396f320529c07f4f9,361.0,349.0,RGBA,e_12.png,.png
/home/manvith/Desktop/Projects/Tulu Dataset/Tulu-Dtatset-V2/e/e_36.png,Tulu-Dtatset-V2,e,train,f0b3cea1442470f4bc84cd8eafc98cc0fc8c58aeaeefab925f0304023b08e9d4,359.0,351.0,RGBA,e_36.png,.png
/home/manvith/Desktop/Projects/Tulu Dataset/Tulu-Dtatset-V2/e/e_66.png,Tulu-Dtatset-V2,e,train,6c83ab792fd743b2528dc559c41f98a4018460d5bfbbfd67a4396f5269d05925,358.0,351.0,RGBA,e_66.png,.png
/home/manvith/Desktop/Projects/Tulu Dataset/Tulu-Dtatset-V2/e/e_89.png,Tulu-Dtatset-V2,e,train,b1223a92dc0c574aa44edd5723a38ec2a617c4c3460fa1df9e3453e60daeabfa,357.0,347.0,RGBA,e_89.png,.png
/home/manvith/Desktop/Projects/Tulu Dataset/Tulu-Dtatset-V2/e/e_3.png,Tulu-Dtatset-V2,e,train,af370a0feade4ed87098467e8836a7db809c233b7fa60e53fbb367bd9780cc03,358.0,348.0,RGBA,e_3.png,.png
/home/manvith/Desktop/Projects/Tulu Dataset/Tulu-Dtatset-V2/e/e_98.png,Tulu-Dtatset-V2,e,train,141afd083e81ee6bd389059df82df69cb50fabb54168ad40e633362b953bd580,357.0,347.0,RGBA,e_98.png,.png
/home/manvith/Desktop/Projects/Tulu Dataset/Tulu-Dtatset-V2/e/e_47.png,Tulu-Dtatset-V2,e,train,374a1d691f3ec530e7c360a83a7ce0aa0094a2aafe2785d3002f997751810a14,359.0,351.0,RGBA,e_47.png,.png
/home/manvith/Desktop/Projects/Tulu Dataset/Tulu-Dtatset-V2/e/e_9.png,Tulu-Dtatset-V2,e,train,bf730703cb086c8053e97391b95513f8545c700ddf8c2f0e48279abe23e9b993,357.0,347.0,RGBA,e_9.png,.png
/home/manvith/Desktop/Projects/Tulu Dataset/Tulu-Dtatset-V2/e/e_70.png,Tulu-Dtatset-V2,e,train,4e8e007bbd3520ac20a4de4d37fed93c7db4a64a78d4dae0669ce15ccaa475e0,358.0,351.0,RGBA,e_70.png,.png
/home/manvith/Desktop/Projects/Tulu Dataset/Tulu-Dtatset-V2/e/e_27.png,Tulu-Dtatset-V2,e,train,b2a6120a183784e85d1bedc32b76d911d00d00eae67abbfe480d02b6d930078f,359.0,351.0,RGBA,e_27.png,.png
/home/manvith/Desktop/Projects/Tulu Dataset/Tulu-Dtatset-V2/e/e_14.png,Tulu-Dtatset-V2,e,train,eb15037a2a36325da909588878311cd1dad5002d33df82a532ee11cde04de891,358.0,350.0,RGBA,e_14.png,.png
/home/manvith/Desktop/Projects/Tulu Dataset/Tulu-Dtatset-V2/e/e_50.png,Tulu-Dtatset-V2,e,train,f52aa3b27a6d6f590919a1619466710af4b141683917b0169f6ab0c6d6ca9e72,359.0,351.0,RGBA,e_50.png,.png
/home/manvith/Desktop/Projects/Tulu Dataset/Tulu-Dtatset-V2/e/e_32.png,Tulu-Dtatset-V2,e,train,39b7677fde68465859df2da1f71a8aaa828e48d2f0474ba8d06aea6136967132,359.0,351.0,RGBA,e_32.png,.png
/home/manvith/Desktop/Projects/Tulu Dataset/Tulu-Dtatset-V2/e/e_31.png,Tulu-Dtatset-V2,e,train,7c73e17a8c50b65ccb3b1b1f779c718a7042d6aab6117797265d84e3c0a573ce,359.0,351.0,RGBA,e_31.png,.png
/home/manvith/Desktop/Projects/Tulu Dataset/Tulu-Dtatset-V2/e/e_68.png,Tulu-Dtatset-V2,e,train,155234d23045bc2b45bfba7943d8e159bbe88b47b7f663e2d035a9f9658d813e,358.0,351.0,RGBA,e_68.png,.png
/home/manvith/Desktop/Projects/Tulu Dataset/Tulu-Dtatset-V2/e/e_74.png,Tulu-Dtatset-V2,e,train,0d160b80eb92c78b537e922ed94fa7847cbebb98a157c4f661a7442a70739405,357.0,347.0,RGBA,e_74.png,.png
/home/manvith/Desktop/Projects/Tulu Dataset/Tulu-Dtatset-V2/e/e_48.png,Tulu-Dtatset-V2,e,train,5cc33cbf247ba84ac97454b14dce486c4356a3c82caa26ce2238ff9baa612557,359.0,351.0,RGBA,e_48.png,.png
/home/manvith/Desktop/Projects/Tulu Dataset/Tulu-Dtatset-V2/e/e_56.png,Tulu-Dtatset-V2,e,train,f4d6e95cbea3e57e29e160a079d7d285ad7f59cbf359a9b7442c64ce650bf81b,358.0,351.0,RGBA,e_56.png,.png
/home/manvith/Desktop/Projects/Tulu Dataset/Tulu-Dtatset-V2/e/e_35.png,Tulu-Dtatset-V2,e,train,f8ff49195dd40a3739a59fd2969f2a0e2be8cebfea43a88ab7b8910126fec286,359.0,351.0,RGBA,e_35.png,.png
/home/manvith/Desktop/Projects/Tulu Dataset/Tulu-Dtatset-V2/e/e_60.png,Tulu-Dtatset-V2,e,train,79975dd1f797822133384d43b2cd11ab3b8c00da5495c63c672277e3255fd795,358.0,351.0,RGBA,e_60.png,.png
/home/manvith/Desktop/Projects/Tulu Dataset/Tulu-Dtatset-V2/e/e_73.png,Tulu-Dtatset-V2,e,train,a2258e717d8159cc936734fc51d304d80b2dafdc45221146bff1747edd56a8ae,357.0,347.0,RGBA,e_73.png,.png
/home/manvith/Desktop/Projects/Tulu Dataset/Tulu-Dtatset-V2/e/e_33.png,Tulu-Dtatset-V2,e,train,291b796c6a003c9fb81217c62c373786a575bc391dc75ba2ee7bca7204c9c717,359.0,351.0,RGBA,e_33.png,.png
/home/manvith/Desktop/Projects/Tulu Dataset/Tulu-Dtatset-V2/e/e_21.png,Tulu-Dtatset-V2,e,train,2f36ee67df399c7d4099ccabd2a6d901b6f2c403478be581fd040ab248e954d1,359.0,351.0,RGBA,e_21.png,.png
/home/manvith/Desktop/Projects/Tulu Dataset/Tulu-Dtatset-V2/e/e_2.png,Tulu-Dtatset-V2,e,train,cf9c50e98a71d48edf9be67cda09edaf9de6175d418ce3f81ba27d4f0d6119e8,357.0,337.0,RGBA,e_2.png,.png
/home/manvith/Desktop/Projects/Tulu Dataset/Tulu-Dtatset-V2/e/e_59.png,Tulu-Dtatset-V2,e,train,e0eb072ced780ce8d2dae0ef193b6f0e11cf69c5c916c80e59ae2148fd080f53,358.0,351.0,RGBA,e_59.png,.png
/home/manvith/Desktop/Projects/Tulu Dataset/Tulu-Dtatset-V2/e/e_67.png,Tulu-Dtatset-V2,e,train,7536abcb3797f7ea674976fcdd47ea466dd85ee6121a5062cda9373b9f94459f,358.0,351.0,RGBA,e_67.png,.png
/home/manvith/Desktop/Projects/Tulu Dataset/Tulu-Dtatset-V2/e/e_99.png,Tulu-Dtatset-V2,e,train,2f7827869028bf8a321631fc5b5d72ebc3983ff34d472a733ced21dc0b10f46d,357.0,347.0,RGBA,e_99.png,.png
/home/manvith/Desktop/Projects/Tulu Dataset/Tulu-Dtatset-V2/e/e_42.png,Tulu-Dtatset-V2,e,train,33cfcfa8e52e6574ee05e5493c9c6e803c83121592bfdc503ca2c4cc1ed648e3,359.0,351.0,RGBA,e_42.png,.png
/home/manvith/Desktop/Projects/Tulu Dataset/Tulu-Dtatset-V2/e/e_7.png,Tulu-Dtatset-V2,e,train,b99a8814175358145cc552d2c6420150621979d22afb11b57518b0edb0edfc13,359.0,341.0,RGBA,e_7.png,.png
/home/manvith/Desktop/Projects/Tulu Dataset/Tulu-Dtatset-V2/e/e_52.png,Tulu-Dtatset-V2,e,train,7ee56e98f6d315e636a19465bc1593655e00f271fc2a214891da5811517f46d2,358.0,351.0,RGBA,e_52.png,.png
/home/manvith/Desktop/Projects/Tulu Dataset/Tulu-Dtatset-V2/e/e_87.png,Tulu-Dtatset-V2,e,train,dd4022bc91a3c7eba3b71e6d13f3550c18bdc875c209ab1a7d3f0d2ed140ec5e,357.0,347.0,RGBA,e_87.png,.png
/home/manvith/Desktop/Projects/Tulu Dataset/Tulu-Dtatset-V2/e/e_72.png,Tulu-Dtatset-V2,e,train,e0f838e290b342623ad35aef629c737bb46c26902a4000059c58affa28247f03,357.0,347.0,RGBA,e_72.png,.png
/home/manvith/Desktop/Projects/Tulu Dataset/Tulu-Dtatset-V2/e/e_76.png,Tulu-Dtatset-V2,e,train,fb416b7c5c1367839cca9a2e2c5522887a3e85f3314c87bfdf61f473a2bbe8ae,357.0,347.0,RGBA,e_76.png,.png
/home/manvith/Desktop/Projects/Tulu Dataset/Tulu-Dtatset-V2/ee/ee_36.png,Tulu-Dtatset-V2,ee,train,249f9bfc9deffa0303af20cc2ec8b492dcc6ff17a6e251b661de333a64364a1b,355.0,346.0,RGBA,ee_36.png,.png
/home/manvith/Desktop/Projects/Tulu Dataset/Tulu-Dtatset-V2/ee/ee_5.png,Tulu-Dtatset-V2,ee,train,9add13b60a54e11ffe772474ab0b8cda3cb216c58d51f0c691ca8ebb08159bb8,364.0,348.0,RGBA,ee_5.png,.png
/home/manvith/Desktop/Projects/Tulu Dataset/Tulu-Dtatset-V2/ee/ee_40.png,Tulu-Dtatset-V2,ee,train,4a9430958124830b368f4150ed0bc5712d9388720f7d4e0be3f256a4f9b67242,355.0,346.0,RGBA,ee_40.png,.png
/home/manvith/Desktop/Projects/Tulu Dataset/Tulu-Dtatset-V2/ee/ee_17.png,Tulu-Dtatset-V2,ee,train,9447690d0d88ae2391c394598260d1442f51b39ca1a760a0b725e09e7c54f7ed,355.0,346.0,RGBA,ee_17.png,.png
/home/manvith/Desktop/Projects/Tulu Dataset/Tulu-Dtatset-V2/ee/ee_96.png,Tulu-Dtatset-V2,ee,train,ffd745956696463f253910394aa8214a5d6c2bd4b6f0ffa1b9e6dbe6e20da092,350.0,346.0,RGBA,ee_96.png,.png
/home/manvith/Desktop/Projects/Tulu Dataset/Tulu-Dtatset-V2/ee/ee_35.png,Tulu-Dtatset-V2,ee,train,15c7691bb7e9e9592c6b5eb6c4eaf9dcdbbbf0891ae7098712d46313b4753a39,355.0,346.0,RGBA,ee_35.png,.png
/home/manvith/Desktop/Projects/Tulu Dataset/Tulu-Dtatset-V2/ee/ee_62.png,Tulu-Dtatset-V2,ee,train,c3cc3b00a4dcd12ceaed348ec522b4762891c089ff8756e373154fb91970dc5d,358.0,348.0,RGBA,ee_62.png,.png
/home/manvith/Desktop/Projects/Tulu Dataset/Tulu-Dtatset-V2/ee/ee_30.png,Tulu-Dtatset-V2,ee,train,0324fcfba4d8c924b9d0d98c83bb73f101668fac500de0febca53d3df44afa14,355.0,346.0,RGBA,ee_30.png,.png
/home/manvith/Desktop/Projects/Tulu Dataset/Tulu-Dtatset-V2/ee/ee_10.png,Tulu-Dtatset-V2,ee,train,33ab696364f9f03fb85ce5b22438607a46d40da5129fd6961678717a126e8eca,360.0,348.0,RGBA,ee_10.png,.png
/home/manvith/Desktop/Projects/Tulu Dataset/Tulu-Dtatset-V2/ee/ee_70.png,Tulu-Dtatset-V2,ee,train,cc0cf151b6b772cc3369ba0c14bc7e0636aca6e5ec1b4df4595e5e1bd07fd64c,358.0,348.0,RGBA,ee_70.png,.png
/home/manvith/Desktop/Projects/Tulu Dataset/Tulu-Dtatset-V2/ee/ee_56.png,Tulu-Dtatset-V2,ee,train,a75a7611813db06aeb0b3053a8f43fb4e304b5b5d64d5565aaad78b1d0621eae,358.0,348.0,RGBA,ee_56.png,.png
/home/manvith/Desktop/Projects/Tulu Dataset/Tulu-Dtatset-V2/ee/ee_89.png,Tulu-Dtatset-V2,ee,train,50ed97d52d4be8508e0b9ed18b8dcdd55243899a65f1ffaa3c5fc2a6b9e30940,350.0,346.0,RGBA,ee_89.png,.png
/home/manvith/Desktop/Projects/Tulu Dataset/Tulu-Dtatset-V2/ee/ee_63.png,Tulu-Dtatset-V2,ee,train,ffd31d32d7f1adc4d3c2afa55f8cf8eccd8efca1eb7ca77c081c8526ee277e6c,358.0,348.0,RGBA,ee_63.png,.png
/home/manvith/Desktop/Projects/Tulu Dataset/Tulu-Dtatset-V2/ee/ee_50.png,Tulu-Dtatset-V2,ee,train,2c0a301cb5d466aadc16ae78c28c68c15263ff39563898365c629f15830f258e,355.0,346.0,RGBA,ee_50.png,.png
/home/manvith/Desktop/Projects/Tulu Dataset/Tulu-Dtatset-V2/ee/ee_45.png,Tulu-Dtatset-V2,ee,train,182ef66048678892ff5ca3c10496920064e8b5aebc83fe6562697af7401e3afe,355.0,346.0,RGBA,ee_45.png,.png
/home/manvith/Desktop/Projects/Tulu Dataset/Tulu-Dtatset-V2/ee/ee_8.png,Tulu-Dtatset-V2,ee,train,1e3bb1c9b89121aaa45c78c7151e84d1e958fe5c1ee2d4cee455394c40433519,367.0,347.0,RGBA,ee_8.png,.png
/home/manvith/Desktop/Projects/Tulu Dataset/Tulu-Dtatset-V2/ee/ee_93.png,Tulu-Dtatset-V2,ee,train,84f2658214b494703518ff19508a7af0df9e95d270b5936e9c05bfd84d5908f6,350.0,346.0,RGBA,ee_93.png,.png
/home/manvith/Desktop/Projects/Tulu Dataset/Tulu-Dtatset-V2/ee/ee_83.png,Tulu-Dtatset-V2,ee,train,829f61a315f16721ccbe3487a16cde450b70ad81d9b92212666a629492d44223,350.0,346.0,RGBA,ee_83.png,.png
/home/manvith/Desktop/Projects/Tulu Dataset/Tulu-Dtatset-V2/ee/ee_28.png,Tulu-Dtatset-V2,ee,train,f17f2faca64bcf64fa3e8b62ffd5135636066202e4cf8439003fb10713aa3c41,355.0,346.0,RGBA,ee_28.png,.png
/home/manvith/Desktop/Projects/Tulu Dataset/Tulu-Dtatset-V2/ee/ee_59.png,Tulu-Dtatset-V2,ee,train,83de1bb4c0bd5c390e043e4b17209dfb39ff46daf7d4da40fb28924768ab2e4f,358.0,348.0,RGBA,ee_59.png,.png
/home/manvith/Desktop/Projects/Tulu Dataset/Tulu-Dtatset-V2/ee/ee_88.png,Tulu-Dtatset-V2,ee,train,4f0e6702d813ef5950ca0c4dfc92ec8054ce9d7ff30cb2295057bebf1198248f,350.0,346.0,RGBA,ee_88.png,.png
/home/manvith/Desktop/Projects/Tulu Dataset/Tulu-Dtatset-V2/ee/ee_79.png,Tulu-Dtatset-V2,ee,train,9d9496cced0c484543e3db9d160d33b5a2b5d9f491b1bc84e010c91573b73949,350.0,346.0,RGBA,ee_79.png,.png
/home/manvith/Desktop/Projects/Tulu Dataset/Tulu-Dtatset-V2/ee/ee_2.png,Tulu-Dtatset-V2,ee,train,56dc948c34226010d97690ff282db2f39d526e0981acda9a0baacd1593fa5624,364.0,337.0,RGBA,ee_2.png,.png
/home/manvith/Desktop/Projects/Tulu Dataset/Tulu-Dtatset-V2/ee/ee_12.png,Tulu-Dtatset-V2,ee,train,cafe7777a45de8ea116242136345951c5b8a2ded6c465c4d85e1740a646efb09,365.0,349.0,RGBA,ee_12.png,.png
/home/manvith/Desktop/Projects/Tulu Dataset/Tulu-Dtatset-V2/ee/ee_13.png,Tulu-Dtatset-V2,ee,train,94534c0db456141c88680f0b070ea080814a34c27f7b1c1ac50d535a637c769b,350.0,346.0,RGBA,ee_13.png,.png
/home/manvith/Desktop/Projects/Tulu Dataset/Tulu-Dtatset-V2/ee/ee_68.png,Tulu-Dtatset-V2,ee,train,255172c07f1ea3902544e21636f1d24aada4239d5d70050ad59197317bec49a4,358.0,348.0,RGBA,ee_68.png,.png
/home/manvith/Desktop/Projects/Tulu Dataset/Tulu-Dtatset-V2/ee/ee_91.png,Tulu-Dtatset-V2,ee,train,aaef36ff7f5d2ae38695ce6c979d842a12b7ea2d3873cbb410da2b9225d09e79,350.0,346.0,RGBA,ee_91.png,.png
/home/manvith/Desktop/Projects/Tulu Dataset/Tulu-Dtatset-V2/ee/ee_22.png,Tulu-Dtatset-V2,ee,train,cb61b9798e9f05a5ad1c4bda8fb6b8ca543ac2c171072f73d8325968c7816b84,355.0,346.0,RGBA,ee_22.png,.png
/home/manvith/Desktop/Projects/Tulu Dataset/Tulu-Dtatset-V2/ee/ee_76.png,Tulu-Dtatset-V2,ee,train,b14b28e562418062f4c968da4d8c1fc76165c55cf66a2185050a77ae444984a1,350.0,346.0,RGBA,ee_76.png,.png
/home/manvith/Desktop/Projects/Tulu Dataset/Tulu-Dtatset-V2/ee/ee_75.png,Tulu-Dtatset-V2,ee,train,bac42856e28b11e3d4e6c021a6356ca5103ab69be7128f6ebd7dd2f07339e447,350.0,346.0,RGBA,ee_75.png,.png
/home/manvith/Desktop/Projects/Tulu Dataset/Tulu-Dtatset-V2/ee/ee_69.png,Tulu-Dtatset-V2,ee,train,b2ae8798afdb1e37d0d31c1ef8cff0b827fcf7b70207ff23b177c3ad8e909167,358.0,348.0,RGBA,ee_69.png,.png
/home/manvith/Desktop/Projects/Tulu Dataset/Tulu-Dtatset-V2/ee/ee_54.png,Tulu-Dtatset-V2,ee,train,da0a67bf9e78be6e63c91c2f4f51d0f4f7b8981ebe830a6595a47eefed8b7d22,358.0,348.0,RGBA,ee_54.png,.png
/home/manvith/Desktop/Projects/Tulu Dataset/Tulu-Dtatset-V2/ee/ee_23.png,Tulu-Dtatset-V2,ee,train,f363983e366ebe8a9c1169348094fead2d5af12e05658cf5f9194c4955d16499,355.0,346.0,RGBA,ee_23.png,.png
/home/manvith/Desktop/Projects/Tulu Dataset/Tulu-Dtatset-V2/ee/ee_87.png,Tulu-Dtatset-V2,ee,train,f298ab79c830a352a646aa91faae384c0f7d6ebb94d9cd4d3f5ff09e7b90996c,350.0,346.0,RGBA,ee_87.png,.png
/home/manvith/Desktop/Projects/Tulu Dataset/Tulu-Dtatset-V2/ee/ee_41.png,Tulu-Dtatset-V2,ee,train,1686bc25f434375a91f5f279333e541045326d2279464dd96ccdfcacd80c1f11,355.0,346.0,RGBA,ee_41.png,.png
/home/manvith/Desktop/Projects/Tulu Dataset/Tulu-Dtatset-V2/ee/ee_67.png,Tulu-Dtatset-V2,ee,train,b6b895399e6ea2f3a167a339457a13a3e86c4aa81f334060a3e18ae5123b77fa,358.0,348.0,RGBA,ee_67.png,.png
/home/manvith/Desktop/Projects/Tulu Dataset/Tulu-Dtatset-V2/ee/ee_60.png,Tulu-Dtatset-V2,ee,train,aa9a82ab510230fc5692a67485fd0b368ec4ee3483b88765533e5f775b45435a,358.0,348.0,RGBA,ee_60.png,.png
/home/manvith/Desktop/Projects/Tulu Dataset/Tulu-Dtatset-V2/ee/ee_92.png,Tulu-Dtatset-V2,ee,train,4697ee6d535086f8693ff8b8fee6ec995e0ac8cf526766804ec90c912b081b19,350.0,346.0,RGBA,ee_92.png,.png
/home/manvith/Desktop/Projects/Tulu Dataset/Tulu-Dtatset-V2/ee/ee_84.png,Tulu-Dtatset-V2,ee,train,5fe25f175a8ae3fc6d2aaf16a627a26054b022273d4338d9adfa464e6ebb11d5,350.0,346.0,RGBA,ee_84.png,.png
/home/manvith/Desktop/Projects/Tulu Dataset/Tulu-Dtatset-V2/ee/ee_64.png,Tulu-Dtatset-V2,ee,train,51f1b9e8bb0da44581e4400e2859983a0301659a736ab2d7f9a54c47c58c1fd4,358.0,348.0,RGBA,ee_64.png,.png
/home/manvith/Desktop/Projects/Tulu Dataset/Tulu-Dtatset-V2/ee/ee_31.png,Tulu-Dtatset-V2,ee,train,93c91867677422bf041b3268d0f0aa48ca9d2bee25a3a1cac352cf6af861de84,355.0,346.0,RGBA,ee_31.png,.png
/home/manvith/Desktop/Projects/Tulu Dataset/Tulu-Dtatset-V2/ee/ee_21.png,Tulu-Dtatset-V2,ee,train,bb368e1919ba3e734d383519fa75cdd0e28731879a3b5d81a8d5751a9797cec2,355.0,346.0,RGBA,ee_21.png,.png
/home/manvith/Desktop/Projects/Tulu Dataset/Tulu-Dtatset-V2/ee/ee_100.png,Tulu-Dtatset-V2,ee,train,cb411ec6d032181d1c8834ab35dc66254d2f183d0916e9b08303f5fa6011f20a,350.0,346.0,RGBA,ee_100.png,.png
/home/manvith/Desktop/Projects/Tulu Dataset/Tulu-Dtatset-V2/ee/ee_71.png,Tulu-Dtatset-V2,ee,train,ba3b2cf6e895580409d0a62d00121d72b4ffec476a27bb3f3c49fbb4fc817e7f,350.0,346.0,RGBA,ee_71.png,.png
/home/manvith/Desktop/Projects/Tulu Dataset/Tulu-Dtatset-V2/ee/ee_47.png,Tulu-Dtatset-V2,ee,train,e38bb889245fa819298eb3c104e7793c823bfae85a7c18a8a5667eed0a1b4407,355.0,346.0,RGBA,ee_47.png,.png
/home/manvith/Desktop/Projects/Tulu Dataset/Tulu-Dtatset-V2/ee/ee_39.png,Tulu-Dtatset-V2,ee,train,633c72524f89d201e9a337fe60e26955f4008c9021b65f65e30452e2732aafd9,355.0,346.0,RGBA,ee_39.png,.png
/home/manvith/Desktop/Projects/Tulu Dataset/Tulu-Dtatset-V2/ee/ee_65.png,Tulu-Dtatset-V2,ee,train,e52a215c543f881962ca83a8f406a0f28eff0b93bff2a4bf48cf0094ec978126,358.0,348.0,RGBA,ee_65.png,.png
/home/manvith/Desktop/Projects/Tulu Dataset/Tulu-Dtatset-V2/ee/ee_42.png,Tulu-Dtatset-V2,ee,train,81913f7893a9897441a42b9788acec1a67a634fff730d992c7dca5c8bd784757,355.0,346.0,RGBA,ee_42.png,.png
/home/manvith/Desktop/Projects/Tulu Dataset/Tulu-Dtatset-V2/ee/ee_53.png,Tulu-Dtatset-V2,ee,train,e71eec64e4ce5ba67d5e356f34cecc33b2c6124c45375316247d9f9b8961758f,358.0,348.0,RGBA,ee_53.png,.png
/home/manvith/Desktop/Projects/Tulu Dataset/Tulu-Dtatset-V2/ee/ee_78.png,Tulu-Dtatset-V2,ee,train,48ae712f8467d55d44fda80a979baf082cbcd80940c66253c7fe337cf0a1e68a,350.0,346.0,RGBA,ee_78.png,.png
/home/manvith/Desktop/Projects/Tulu Dataset/Tulu-Dtatset-V2/ee/ee_86.png,Tulu-Dtatset-V2,ee,train,cd61883dc377e84e5c99f40f3914084320152f0cf11c138abd95fc04111bf1d6,350.0,346.0,RGBA,ee_86.png,.png
/home/manvith/Desktop/Projects/Tulu Dataset/Tulu-Dtatset-V2/ee/ee_66.png,Tulu-Dtatset-V2,ee,train,88709c2ee42c15860cb16342a6a6f5e65eef878cefc78c5822115c5b183570bb,358.0,348.0,RGBA,ee_66.png,.png
/home/manvith/Desktop/Projects/Tulu Dataset/Tulu-Dtatset-V2/ee/ee_81.png,Tulu-Dtatset-V2,ee,train,84e51cf3ca25de4b635ff753202d9c3582019c55cc6deb44387674c2ed25738f,350.0,346.0,RGBA,ee_81.png,.png
/home/manvith/Desktop/Projects/Tulu Dataset/Tulu-Dtatset-V2/ee/ee_29.png,Tulu-Dtatset-V2,ee,train,09c91dccae9ab58c0ea83cda72e241656f788b2fb8d9980e2190b3e667febaa0,355.0,346.0,RGBA,ee_29.png,.png
/home/manvith/Desktop/Projects/Tulu Dataset/Tulu-Dtatset-V2/ee/ee_15.png,Tulu-Dtatset-V2,ee,train,86acf8ab774cde5fe193604af4ae71b1ed7399b3a65f0f70c92c2c3b2de9b867,364.0,344.0,RGBA,ee_15.png,.png
/home/manvith/Desktop/Projects/Tulu Dataset/Tulu-Dtatset-V2/ee/ee_38.png,Tulu-Dtatset-V2,ee,train,1d7463869c384bd20cb5a12ba3e3351d6528a7c2ce11a6012408c1b8a625bc35,355.0,346.0,RGBA,ee_38.png,.png
/home/manvith/Desktop/Projects/Tulu Dataset/Tulu-Dtatset-V2/ee/ee_80.png,Tulu-Dtatset-V2,ee,train,e27d349c6d8ff9207d1151dfeabaab4e9f996717e8c682645b95ed4bbe91ccb8,350.0,346.0,RGBA,ee_80.png,.png
/home/manvith/Desktop/Projects/Tulu Dataset/Tulu-Dtatset-V2/ee/ee_20.png,Tulu-Dtatset-V2,ee,train,700466cd99a0ef2fab0df737aeb9c5b499b6455581d48042052d46aff5fee97e,355.0,346.0,RGBA,ee_20.png,.png
/home/manvith/Desktop/Projects/Tulu Dataset/Tulu-Dtatset-V2/ee/ee_24.png,Tulu-Dtatset-V2,ee,train,a8ef89c0b045144ca7467766547ffd5e9117a6de18331d640b48554697c71950,355.0,346.0,RGBA,ee_24.png,.png
/home/manvith/Desktop/Projects/Tulu Dataset/Tulu-Dtatset-V2/ee/ee_32.png,Tulu-Dtatset-V2,ee,train,4d41528472cee0764357e82d7cde2da2b7caab950a6af83227920197aceb0422,355.0,346.0,RGBA,ee_32.png,.png
/home/manvith/Desktop/Projects/Tulu Dataset/Tulu-Dtatset-V2/ee/ee_34.png,Tulu-Dtatset-V2,ee,train,f5042e9309a826e7ed87a684e5fc2a5684f46e7b34d00f77c06490b23a4bf604,355.0,346.0,RGBA,ee_34.png,.png
/home/manvith/Desktop/Projects/Tulu Dataset/Tulu-Dtatset-V2/ee/ee_43.png,Tulu-Dtatset-V2,ee,train,d197cfa0629329e42eea1f4cd7aefe7316664fd7904ae064f5eb5769d878db37,355.0,346.0,RGBA,ee_43.png,.png
/home/manvith/Desktop/Projects/Tulu Dataset/Tulu-Dtatset-V2/ee/ee_37.png,Tulu-Dtatset-V2,ee,train,b54b003b0fd37e20f95e521dedf64fc9c05d939a4df3cc351680a71221c1501e,355.0,346.0,RGBA,ee_37.png,.png
/home/manvith/Desktop/Projects/Tulu Dataset/Tulu-Dtatset-V2/ee/ee_58.png,Tulu-Dtatset-V2,ee,train,77794476720f3dc5d69ea70cebe0426f6d873cfa6a3a3b699955a6bd875c5f87,358.0,348.0,RGBA,ee_58.png,.png
/home/manvith/Desktop/Projects/Tulu Dataset/Tulu-Dtatset-V2/ee/ee_6.png,Tulu-Dtatset-V2,ee,train,927726959a0dbd0daa3489254621768e6c0e27530751fcc94a8fbf8e219d9c8f,358.0,350.0,RGBA,ee_6.png,.png
/home/manvith/Desktop/Projects/Tulu Dataset/Tulu-Dtatset-V2/ee/ee_97.png,Tulu-Dtatset-V2,ee,train,7baf9b99f3f12cbf7af3ea7c80802c030e2e0455e77dea9a2951f7cb95e3a725,350.0,346.0,RGBA,ee_97.png,.png
/home/manvith/Desktop/Projects/Tulu Dataset/Tulu-Dtatset-V2/ee/ee_73.png,Tulu-Dtatset-V2,ee,train,88b81efcd310f1a347521dc6f26475d3c8a875041936b08e22bcd6f8413277f8,350.0,346.0,RGBA,ee_73.png,.png
/home/manvith/Desktop/Projects/Tulu Dataset/Tulu-Dtatset-V2/ee/ee_72.png,Tulu-Dtatset-V2,ee,train,a1bfbf6f6eeb704ab75fed357884e1600773f872b74c88e365da5f4ad4a4cf9b,350.0,346.0,RGBA,ee_72.png,.png
/home/manvith/Desktop/Projects/Tulu Dataset/Tulu-Dtatset-V2/ee/ee_77.png,Tulu-Dtatset-V2,ee,train,40dc6beea52abfd0033dbaef49f25d42e775e0a9ee97efb86178f91d94f0627e,350.0,346.0,RGBA,ee_77.png,.png
/home/manvith/Desktop/Projects/Tulu Dataset/Tulu-Dtatset-V2/ee/ee_26.png,Tulu-Dtatset-V2,ee,train,b6c7d35b08b3db6204915f56d4038c118c0bf8e29d6b94020a49cdd08b08b473,355.0,346.0,RGBA,ee_26.png,.png
/home/manvith/Desktop/Projects/Tulu Dataset/Tulu-Dtatset-V2/ee/ee_14.png,Tulu-Dtatset-V2,ee,train,40806ecb192db3aa0a61ef7279ffb5a0d505009ceebab516705f9a024c5fa6c5,359.0,348.0,RGBA,ee_14.png,.png
/home/manvith/Desktop/Projects/Tulu Dataset/Tulu-Dtatset-V2/ee/ee_18.png,Tulu-Dtatset-V2,ee,train,19fb16febf8cacad40230c43069d7c8fc827898d2e36e9e4ebfb23fabe5b9a40,355.0,346.0,RGBA,ee_18.png,.png
/home/manvith/Desktop/Projects/Tulu Dataset/Tulu-Dtatset-V2/ee/ee_46.png,Tulu-Dtatset-V2,ee,train,27b233be07f7c4ace4c9776d3a02de48510cf57b82bf5db89659f4a297a43195,355.0,346.0,RGBA,ee_46.png,.png
/home/manvith/Desktop/Projects/Tulu Dataset/Tulu-Dtatset-V2/ee/ee_95.png,Tulu-Dtatset-V2,ee,train,cb20159a3636eeae0eca1a95effb9371d6698d27303fe525fdbda53076036580,350.0,346.0,RGBA,ee_95.png,.png
/home/manvith/Desktop/Projects/Tulu Dataset/Tulu-Dtatset-V2/ee/ee_51.png,Tulu-Dtatset-V2,ee,train,884253faa0828d58777fddfbe122cce4ae78febffd32f1b7e15110e4946bfeb3,358.0,348.0,RGBA,ee_51.png,.png
/home/manvith/Desktop/Projects/Tulu Dataset/Tulu-Dtatset-V2/ee/ee_27.png,Tulu-Dtatset-V2,ee,train,cb19bca6b58364cbcfb6a0853b28734bb289bcb5beae46fc6cb4ff6581713baa,355.0,346.0,RGBA,ee_27.png,.png
/home/manvith/Desktop/Projects/Tulu Dataset/Tulu-Dtatset-V2/ee/ee_94.png,Tulu-Dtatset-V2,ee,train,3d1ff4361de91726b432f6aecf957d20106510186e6c77440dd3a0dd403b0501,350.0,346.0,RGBA,ee_94.png,.png
/home/manvith/Desktop/Projects/Tulu Dataset/Tulu-Dtatset-V2/ee/ee_61.png,Tulu-Dtatset-V2,ee,train,55d9e7749ad93597b8bcb8178c49c44c6d6ee783227cf26128f2a125b1fed2cc,358.0,348.0,RGBA,ee_61.png,.png
/home/manvith/Desktop/Projects/Tulu Dataset/Tulu-Dtatset-V2/ee/ee_57.png,Tulu-Dtatset-V2,ee,train,fe3f7be87f97763eb1f83e1bb2712e47cd48edba56170e38eee883d925508b87,358.0,348.0,RGBA,ee_57.png,.png
/home/manvith/Desktop/Projects/Tulu Dataset/Tulu-Dtatset-V2/ee/ee_52.png,Tulu-Dtatset-V2,ee,train,6da3fe871ca2dca3c19e416238bf3cc4c9c773654b1b31f0373583f65a61bada,358.0,348.0,RGBA,ee_52.png,.png
/home/manvith/Desktop/Projects/Tulu Dataset/Tulu-Dtatset-V2/ga/ga_81.png,Tulu-Dtatset-V2,ga,train,d5e29da2cce57dc0288929e6323fe20e8c148ca5a8ec4dd4121cd3ac3c5dfc33,364.0,343.0,RGBA,ga_81.png,.png
/home/manvith/Desktop/Projects/Tulu Dataset/Tulu-Dtatset-V2/ga/ga_67.png,Tulu-Dtatset-V2,ga,train,ba84f487cde8d5a8d24a4c3247194d5b32d0cbf5e8fdd995927f0fed8ee4fbbb,365.0,343.0,RGBA,ga_67.png,.png
/home/manvith/Desktop/Projects/Tulu Dataset/Tulu-Dtatset-V2/ga/ga_82.png,Tulu-Dtatset-V2,ga,train,a4cd6080e7077847fb8fc194f82d4d9d941f54cb5e7f5c30ad300f7a0cbc42be,364.0,343.0,RGBA,ga_82.png,.png
/home/manvith/Desktop/Projects/Tulu Dataset/Tulu-Dtatset-V2/ga/ga_85.png,Tulu-Dtatset-V2,ga,train,730a0cf5b83c53db8099f28a1fec325a746c00c2e4a9c8d81a81cb3f26ef4da4,364.0,343.0,RGBA,ga_85.png,.png
/home/manvith/Desktop/Projects/Tulu Dataset/Tulu-Dtatset-V2/ga/ga_14.png,Tulu-Dtatset-V2,ga,train,7a4e2243f369e7238046a44f3bc57ca0a855ad13ff148ee874cbe7928539234d,365.0,344.0,RGBA,ga_14.png,.png
/home/manvith/Desktop/Projects/Tulu Dataset/Tulu-Dtatset-V2/ga/ga_22.png,Tulu-Dtatset-V2,ga,train,eab334188337ea5858b58b25f270188828b67afd92282f7a46a42ea10fafc3e5,365.0,344.0,RGBA,ga_22.png,.png
/home/manvith/Desktop/Projects/Tulu Dataset/Tulu-Dtatset-V2/ga/ga_40.png,Tulu-Dtatset-V2,ga,train,5e5c5ae972482a1d981e8ea1b0082a2b7712dbae163e102b2c59a57d48a07cd0,362.0,348.0,RGBA,ga_40.png,.png
/home/manvith/Desktop/Projects/Tulu Dataset/Tulu-Dtatset-V2/ga/ga_13.png,Tulu-Dtatset-V2,ga,train,d83cda87b94c2e3af7d61770d515f2bfcfc26ce6befe64c050bec50379e1149b,365.0,344.0,RGBA,ga_13.png,.png
/home/manvith/Desktop/Projects/Tulu Dataset/Tulu-Dtatset-V2/ga/ga_11.png,Tulu-Dtatset-V2,ga,train,a985e2f49e83e4184906cf355261cc9fb633f7d24701a5d942ce7baae12802ca,363.0,343.0,RGBA,ga_11.png,.png
/home/manvith/Desktop/Projects/Tulu Dataset/Tulu-Dtatset-V2/ga/ga_3.png,Tulu-Dtatset-V2,ga,train,b8b0b134a783d404e2e0c825c4ac1a0cc23b1d8ee3cda3046f665d48585d3c38,365.0,343.0,RGBA,ga_3.png,.png
/home/manvith/Desktop/Projects/Tulu Dataset/Tulu-Dtatset-V2/ga/ga_1.png,Tulu-Dtatset-V2,ga,train,4bf9c3f66c975c6ec8f336a05ebfe533a3c5978c854791d22f1edf81c9d7cf9d,364.0,343.0,RGBA,ga_1.png,.png
/home/manvith/Desktop/Projects/Tulu Dataset/Tulu-Dtatset-V2/ga/ga_62.png,Tulu-Dtatset-V2,ga,train,3de3bd75461fdfddddb2bb08e764314ee90bd157f24698a24763cefb7471a8ec,365.0,343.0,RGBA,ga_62.png,.png
/home/manvith/Desktop/Projects/Tulu Dataset/Tulu-Dtatset-V2/ga/ga_16.png,Tulu-Dtatset-V2,ga,train,ec39e786d1953953d316caf1588ec294bd6a9b5ee0b3fea0a59595fc812502f7,365.0,344.0,RGBA,ga_16.png,.png
/home/manvith/Desktop/Projects/Tulu Dataset/Tulu-Dtatset-V2/ga/ga_38.png,Tulu-Dtatset-V2,ga,train,9832291b18a4527a9c5130e3401640278d9d8f642ec7ec9fedea5f2b0324f0fd,362.0,348.0,RGBA,ga_38.png,.png
/home/manvith/Desktop/Projects/Tulu Dataset/Tulu-Dtatset-V2/ga/ga_15.png,Tulu-Dtatset-V2,ga,train,61a42fc7ad7432379135b62af484df341673b9d46ed9f43f19edad74d12c520e,365.0,344.0,RGBA,ga_15.png,.png
/home/manvith/Desktop/Projects/Tulu Dataset/Tulu-Dtatset-V2/ga/ga_64.png,Tulu-Dtatset-V2,ga,train,a68d4b19e58955e384ddaacfcb88ac8e29b4e3e6c03e2a0a4760f27c7d97ed4f,365.0,343.0,RGBA,ga_64.png,.png
/home/manvith/Desktop/Projects/Tulu Dataset/Tulu-Dtatset-V2/ga/ga_33.png,Tulu-Dtatset-V2,ga,train,c2d196cdf79e2da5ce4d533592aa982d41b6804cdb92cfdef75cc00987ff8f89,362.0,348.0,RGBA,ga_33.png,.png
/home/manvith/Desktop/Projects/Tulu Dataset/Tulu-Dtatset-V2/ga/ga_4.png,Tulu-Dtatset-V2,ga,train,fbeac80416be1a3e01d91175a2f84305316b47e756c122013198efed879880d4,349.0,338.0,RGBA,ga_4.png,.png
/home/manvith/Desktop/Projects/Tulu Dataset/Tulu-Dtatset-V2/ga/ga_32.png,Tulu-Dtatset-V2,ga,train,d3790b610c2edb62a1d1ed6b5be786658b8a1210757de11259b9f9dc8f6d2fcf,362.0,348.0,RGBA,ga_32.png,.png
/home/manvith/Desktop/Projects/Tulu Dataset/Tulu-Dtatset-V2/ga/ga_31.png,Tulu-Dtatset-V2,ga,train,66f7b9b1efe8f567c4c064af722f0375d4ca96f6541c592c44ac8ff376e14ebd,362.0,348.0,RGBA,ga_31.png,.png
/home/manvith/Desktop/Projects/Tulu Dataset/Tulu-Dtatset-V2/ga/ga_39.png,Tulu-Dtatset-V2,ga,train,0eeefaa83396a6503caa58bfda0e2cb25a2ecd09e032e7fa4a66866c52b3ca87,362.0,348.0,RGBA,ga_39.png,.png
/home/manvith/Desktop/Projects/Tulu Dataset/Tulu-Dtatset-V2/ga/ga_29.png,Tulu-Dtatset-V2,ga,train,4d79d0c015d23a377589124da9d6575484805301d9fa9d60cd5cb12ab91a1792,365.0,344.0,RGBA,ga_29.png,.png
/home/manvith/Desktop/Projects/Tulu Dataset/Tulu-Dtatset-V2/ga/ga_56.png,Tulu-Dtatset-V2,ga,train,4d8d1b0c8cc0eb6e086d8483eafe0da94c365824153c244b3fe3bba22f47a2e9,365.0,343.0,RGBA,ga_56.png,.png
/home/manvith/Desktop/Projects/Tulu Dataset/Tulu-Dtatset-V2/ga/ga_71.png,Tulu-Dtatset-V2,ga,train,c0dc3849075dff466f6d167307df7c4536962ea96c00636e28170b603410feba,364.0,343.0,RGBA,ga_71.png,.png
/home/manvith/Desktop/Projects/Tulu Dataset/Tulu-Dtatset-V2/ga/ga_74.png,Tulu-Dtatset-V2,ga,train,855e6caf03226dbe6b5fbe941c8fe0a01d98df773879c63bf5c5ab13fda770cc,364.0,343.0,RGBA,ga_74.png,.png
/home/manvith/Desktop/Projects/Tulu Dataset/Tulu-Dtatset-V2/ga/ga_90.png,Tulu-Dtatset-V2,ga,train,10c7beef4d67c49218feb07311e1c301e70f949fd6287fcf3020945fd5f3620a,364.0,343.0,RGBA,ga_90.png,.png
/home/manvith/Desktop/Projects/Tulu Dataset/Tulu-Dtatset-V2/ga/ga_96.png,Tulu-Dtatset-V2,ga,train,67b2e3da4f0a123095ec64d484733abe5a6a110761f8c518624eee06126f99e5,364.0,343.0,RGBA,ga_96.png,.png
/home/manvith/Desktop/Projects/Tulu Dataset/Tulu-Dtatset-V2/ga/ga_65.png,Tulu-Dtatset-V2,ga,train,7643f7bbb86c2c54826ed4bb4b345361ed8e0baa8b48a73230dc414e3d55f18d,365.0,343.0,RGBA,ga_65.png,.png
/home/manvith/Desktop/Projects/Tulu Dataset/Tulu-Dtatset-V2/ga/ga_57.png,Tulu-Dtatset-V2,ga,train,ea8f6e317bf902dbf498db70b34124d945a627039525b1525284f394fcb8da6e,365.0,343.0,RGBA,ga_57.png,.png
/home/manvith/Desktop/Projects/Tulu Dataset/Tulu-Dtatset-V2/ga/ga_10.png,Tulu-Dtatset-V2,ga,train,cba9126f3340294595902e4b92e04ec1fe449f29b92b21a9a3928cf89a8df345,365.0,344.0,RGBA,ga_10.png,.png
/home/manvith/Desktop/Projects/Tulu Dataset/Tulu-Dtatset-V2/ga/ga_66.png,Tulu-Dtatset-V2,ga,train,7d3228bda9b25e65c377c38b97b15b225892246e763a7884e4fef51ccd815003,365.0,343.0,RGBA,ga_66.png,.png
/home/manvith/Desktop/Projects/Tulu Dataset/Tulu-Dtatset-V2/ga/ga_24.png,Tulu-Dtatset-V2,ga,train,404fab1e24a4715580f8c8e65bc4849a6e5c58f4899c20a6aa68f4798cc4a353,365.0,344.0,RGBA,ga_24.png,.png
/home/manvith/Desktop/Projects/Tulu Dataset/Tulu-Dtatset-V2/ga/ga_26.png,Tulu-Dtatset-V2,ga,train,bb1166330cd8da2785e1c14e50e64d41c171589ca6a4bbd2acae7b60f19b8ad8,365.0,344.0,RGBA,ga_26.png,.png
/home/manvith/Desktop/Projects/Tulu Dataset/Tulu-Dtatset-V2/ga/ga_73.png,Tulu-Dtatset-V2,ga,train,7097bf182f9a1e12804452faf828c3f23fe2220f1a5d6c442a4b2f4f165a0520,364.0,343.0,RGBA,ga_73.png,.png
/home/manvith/Desktop/Projects/Tulu Dataset/Tulu-Dtatset-V2/ga/ga_72.png,Tulu-Dtatset-V2,ga,train,6a8205310785c3ac462a3d48ff9ff9a184e2de9143de2e2c5dfdfb7052fa9581,364.0,343.0,RGBA,ga_72.png,.png
/home/manvith/Desktop/Projects/Tulu Dataset/Tulu-Dtatset-V2/ga/ga_58.png,Tulu-Dtatset-V2,ga,train,a3c724fc6f8ea42435cb188141e3f7b3aee06587af0913bc5deb2c2c8b6090ff,365.0,343.0,RGBA,ga_58.png,.png
/home/manvith/Desktop/Projects/Tulu Dataset/Tulu-Dtatset-V2/ga/ga_5.png,Tulu-Dtatset-V2,ga,train,5ceff9be0eb8942dcc48f9ea036cbf353ef1f42bc8493b0181bbab27cb904ba1,364.0,343.0,RGBA,ga_5.png,.png
/home/manvith/Desktop/Projects/Tulu Dataset/Tulu-Dtatset-V2/ga/ga_92.png,Tulu-Dtatset-V2,ga,train,233a9e98090f3a0bd68b8592b9dd782121889fce00980e4610484f5a83bfc6ad,364.0,343.0,RGBA,ga_92.png,.png
/home/manvith/Desktop/Projects/Tulu Dataset/Tulu-Dtatset-V2/ga/ga_78.png,Tulu-Dtatset-V2,ga,train,0cd82b68708ad7b13ca3bd0fd3df31e52c9356cc82594140730d08354802d557,364.0,343.0,RGBA,ga_78.png,.png
/home/manvith/Desktop/Projects/Tulu Dataset/Tulu-Dtatset-V2/ga/ga_27.png,Tulu-Dtatset-V2,ga,train,797592c023dac0bb91bd9c8d7d4b1ec68dda073ed7b6e796765ebf469cd911f3,365.0,344.0,RGBA,ga_27.png,.png
/home/manvith/Desktop/Projects/Tulu Dataset/Tulu-Dtatset-V2/ga/ga_93.png,Tulu-Dtatset-V2,ga,train,0ec4ba19b5e95450484e9aa21cc67e9d608926c48d1089d1808dc52fde58b217,364.0,343.0,RGBA,ga_93.png,.png
/home/manvith/Desktop/Projects/Tulu Dataset/Tulu-Dtatset-V2/ga/ga_84.png,Tulu-Dtatset-V2,ga,train,e15c59c614af73afb8ad6b268ebbe3496644893031e86b2c46f888c63b083562,364.0,343.0,RGBA,ga_84.png,.png
/home/manvith/Desktop/Projects/Tulu Dataset/Tulu-Dtatset-V2/ga/ga_86.png,Tulu-Dtatset-V2,ga,train,7807b6592b479aba5718d80d5da75cc8b63e943fc58817e09921de043f01c16f,364.0,343.0,RGBA,ga_86.png,.png
/home/manvith/Desktop/Projects/Tulu Dataset/Tulu-Dtatset-V2/ga/ga_51.png,Tulu-Dtatset-V2,ga,train,b5d8979bcd28fa528b198d2dbb31adcd8cb0bbef062f43e58e130dea0089a5b2,365.0,343.0,RGBA,ga_51.png,.png
/home/manvith/Desktop/Projects/Tulu Dataset/Tulu-Dtatset-V2/ga/ga_8.png,Tulu-Dtatset-V2,ga,train,49817f98e43fe52015efba5f83979f384eca91e47bb876a8b05ceaf44ad2a69b,361.0,338.0,RGBA,ga_8.png,.png
/home/manvith/Desktop/Projects/Tulu Dataset/Tulu-Dtatset-V2/ga/ga_79.png,Tulu-Dtatset-V2,ga,train,717c34e363fdbfe80a9753ff62ab00b2ff93fddc0ac10553ee4881b59efac31f,364.0,343.0,RGBA,ga_79.png,.png
/home/manvith/Desktop/Projects/Tulu Dataset/Tulu-Dtatset-V2/ga/ga_99.png,Tulu-Dtatset-V2,ga,train,188332f6ef82b6206b9f2ccf4a6419e363759e3860b20ab86c2042a68180cb63,364.0,343.0,RGBA,ga_99.png,.png
/home/manvith/Desktop/Projects/Tulu Dataset/Tulu-Dtatset-V2/ga/ga_41.png,Tulu-Dtatset-V2,ga,train,09e90a1b84d06dc1ef01174f7542ce20b291a2896739e9271a6428bfabffa08d,362.0,348.0,RGBA,ga_41.png,.png
/home/manvith/Desktop/Projects/Tulu Dataset/Tulu-Dtatset-V2/ga/ga_6.png,Tulu-Dtatset-V2,ga,train,1dc29dc34e816625a2f556447c972732bf310d1bcbfea457f2cb8b7242460177,359.0,344.0,RGBA,ga_6.png,.png
/home/manvith/Desktop/Projects/Tulu Dataset/Tulu-Dtatset-V2/ga/ga_35.png,Tulu-Dtatset-V2,ga,train,3eaad54381d7e1dd2e4a6699537db5cd59d5f08aa1c323d074a9155be33cb46b,362.0,348.0,RGBA,ga_35.png,.png
/home/manvith/Desktop/Projects/Tulu Dataset/Tulu-Dtatset-V2/ga/ga_87.png,Tulu-Dtatset-V2,ga,train,9f29e91e6e836b061d8a0075277c2bda867f126df9ac5967d246df139f244478,364.0,343.0,RGBA,ga_87.png,.png
/home/manvith/Desktop/Projects/Tulu Dataset/Tulu-Dtatset-V2/ga/ga_45.png,Tulu-Dtatset-V2,ga,train,bcf465bbdf6b6b182a96adbd12ac8d57b56df00d2816c4babd3632372eae487b,362.0,348.0,RGBA,ga_45.png,.png
/home/manvith/Desktop/Projects/Tulu Dataset/Tulu-Dtatset-V2/ga/ga_53.png,Tulu-Dtatset-V2,ga,train,ad529f8d2b1fc171d365225ab09bed3cb1953944b89211aa415487fa5ca152e6,365.0,343.0,RGBA,ga_53.png,.png
/home/manvith/Desktop/Projects/Tulu Dataset/Tulu-Dtatset-V2/ga/ga_63.png,Tulu-Dtatset-V2,ga,train,eaec78323355f4af8048ccbd42d959dbce5a31f0228780198bf9f07aaf80f7f7,365.0,343.0,RGBA,ga_63.png,.png
/home/manvith/Desktop/Projects/Tulu Dataset/Tulu-Dtatset-V2/ga/ga_12.png,Tulu-Dtatset-V2,ga,train,f4a96be87de46ab4184be1f171c5807461a03e428c3465b88df713aabb70b702,363.0,345.0,RGBA,ga_12.png,.png
/home/manvith/Desktop/Projects/Tulu Dataset/Tulu-Dtatset-V2/ga/ga_95.png,Tulu-Dtatset-V2,ga,train,b3f9adc2728ffe559ec9245d030098bf2681acfbc3385a851a0635a0f9fe8d01,364.0,343.0,RGBA,ga_95.png,.png
/home/manvith/Desktop/Projects/Tulu Dataset/Tulu-Dtatset-V2/ga/ga_60.png,Tulu-Dtatset-V2,ga,train,14cf77621bd3b19f96cc14b97125f3a30649ce8bc9094f8ecb7378cef373e79f,365.0,343.0,RGBA,ga_60.png,.png
/home/manvith/Desktop/Projects/Tulu Dataset/Tulu-Dtatset-V2/ga/ga_52.png,Tulu-Dtatset-V2,ga,train,74b19b72cf9da224fa9c5c193c2d831d193e9571e5f54eaf206eb2b8888d164f,365.0,343.0,RGBA,ga_52.png,.png
/home/manvith/Desktop/Projects/Tulu Dataset/Tulu-Dtatset-V2/ga/ga_76.png,Tulu-Dtatset-V2,ga,train,fe601d5cf589d14a14bb12f8a60ac714dee5c7e68e169df90fbd2773aee67697,364.0,343.0,RGBA,ga_76.png,.png
/home/manvith/Desktop/Projects/Tulu Dataset/Tulu-Dtatset-V2/ga/ga_43.png,Tulu-Dtatset-V2,ga,train,88c52d7e36daed3df97b4f341104979ea0fc81063b02bff56e055181e27d7b70,362.0,348.0,RGBA,ga_43.png,.png
/home/manvith/Desktop/Projects/Tulu Dataset/Tulu-Dtatset-V2/ga/ga_9.png,Tulu-Dtatset-V2,ga,train,3e7db8c73a5fcdffa028118a746b1cfaf3501874e3879b643bbfb4b271f9519a,362.0,347.0,RGBA,ga_9.png,.png
/home/manvith/Desktop/Projects/Tulu Dataset/Tulu-Dtatset-V2/ga/ga_2.png,Tulu-Dtatset-V2,ga,train,4ca9289d67275475e829ff006ceb294c3bf09954375a1f6ff5b26adb1dea5fa2,357.0,343.0,RGBA,ga_2.png,.png
/home/manvith/Desktop/Projects/Tulu Dataset/Tulu-Dtatset-V2/ga/ga_23.png,Tulu-Dtatset-V2,ga,train,8c46acd3205fc006da7490b5d56f319ca51c97e7b03f889f3becac3af3042db5,365.0,344.0,RGBA,ga_23.png,.png
/home/manvith/Desktop/Projects/Tulu Dataset/Tulu-Dtatset-V2/ga/ga_69.png,Tulu-Dtatset-V2,ga,train,794708ace340a038e5d600c3f795f26e5de34a1ec9d17b2d8ab6f3ea42fc1db5,365.0,343.0,RGBA,ga_69.png,.png
/home/manvith/Desktop/Projects/Tulu Dataset/Tulu-Dtatset-V2/ga/ga_88.png,Tulu-Dtatset-V2,ga,train,3e4706d6666f6b490d11b066655fe3278884b50f211697525ce2f97665344da6,364.0,343.0,RGBA,ga_88.png,.png
/home/manvith/Desktop/Projects/Tulu Dataset/Tulu-Dtatset-V2/ga/ga_36.png,Tulu-Dtatset-V2,ga,train,2ede55ef34402033f12d50f0a330247fd10a7e4fc10752ccf5b8ce1bf5878d8b,362.0,348.0,RGBA,ga_36.png,.png
/home/manvith/Desktop/Projects/Tulu Dataset/Tulu-Dtatset-V2/ga/ga_25.png,Tulu-Dtatset-V2,ga,train,e8081761f4cb92331c29768202c3a1c659362c0bffb9f83526068be30d638a8a,365.0,344.0,RGBA,ga_25.png,.png
/home/manvith/Desktop/Projects/Tulu Dataset/Tulu-Dtatset-V2/ga/ga_70.png,Tulu-Dtatset-V2,ga,train,7dcce213ece1a6dd89b8a7b97247b636d4fc796cf3e575d50a15cd8c9eaf69a5,365.0,343.0,RGBA,ga_70.png,.png
/home/manvith/Desktop/Projects/Tulu Dataset/Tulu-Dtatset-V2/ga/ga_49.png,Tulu-Dtatset-V2,ga,train,efe8e3d4bd063bb999ca033c5870d84ca6573ef693ea4fea4a258367a53fdb48,362.0,348.0,RGBA,ga_49.png,.png
/home/manvith/Desktop/Projects/Tulu Dataset/Tulu-Dtatset-V2/ga/ga_30.png,Tulu-Dtatset-V2,ga,train,76e328987bc1607d611328d6bdab743721d410024959826232405bbdb614663b,365.0,344.0,RGBA,ga_30.png,.png
/home/manvith/Desktop/Projects/Tulu Dataset/Tulu-Dtatset-V2/ga/ga_75.png,Tulu-Dtatset-V2,ga,train,55092600d6c9e93cd7ac0681fc44678d91d9c25d3014a792284fc75612410d0a,364.0,343.0,RGBA,ga_75.png,.png
/home/manvith/Desktop/Projects/Tulu Dataset/Tulu-Dtatset-V2/ga/ga_83.png,Tulu-Dtatset-V2,ga,train,7ccdc5fab7d0179bb5b183240d41e904729a34e573a837e8a2a98ff3f846577f,364.0,343.0,RGBA,ga_83.png,.png
/home/manvith/Desktop/Projects/Tulu Dataset/Tulu-Dtatset-V2/ga/ga_98.png,Tulu-Dtatset-V2,ga,train,9b4f2d04f85bd9703547f1a11f3dde5451a6dacc60503e178da5f26a4928b0bd,364.0,343.0,RGBA,ga_98.png,.png
/home/manvith/Desktop/Projects/Tulu Dataset/Tulu-Dtatset-V2/ga/ga_68.png,Tulu-Dtatset-V2,ga,train,616187bb44b67d724ee1ef0e8d2474544ff4bc99530211742358690bc8e1d415,365.0,343.0,RGBA,ga_68.png,.png
/home/manvith/Desktop/Projects/Tulu Dataset/Tulu-Dtatset-V2/ga/ga_17.png,Tulu-Dtatset-V2,ga,train,cafdd807149ea6c7818dce599c5e7e335a1c122631fd6e4015262263a217b869,365.0,344.0,RGBA,ga_17.png,.png
/home/manvith/Desktop/Projects/Tulu Dataset/Tulu-Dtatset-V2/ga/ga_94.png,Tulu-Dtatset-V2,ga,train,6a63e976fd5dd52b6c6cd79e2ca7d3bc2dd0918e88c57fd97345124a464e19bf,364.0,343.0,RGBA,ga_94.png,.png
/home/manvith/Desktop/Projects/Tulu Dataset/Tulu-Dtatset-V2/ga/ga_47.png,Tulu-Dtatset-V2,ga,train,de09dd904a000ad3ec2f061f41d4cde9d532c75effd93796988aad89fe7fcdc5,362.0,348.0,RGBA,ga_47.png,.png
/home/manvith/Desktop/Projects/Tulu Dataset/Tulu-Dtatset-V2/ga/ga_34.png,Tulu-Dtatset-V2,ga,train,780d44be13ac5f8b82008ea966b380375dc109bf29379398ac71646f16f87c73,362.0,348.0,RGBA,ga_34.png,.png
/home/manvith/Desktop/Projects/Tulu Dataset/Tulu-Dtatset-V2/ga/ga_48.png,Tulu-Dtatset-V2,ga,train,c7a0bf4fb40d6cf65fbfe65a8a1ea131d33bb67fd0bca755fd3c4d7923959d33,362.0,348.0,RGBA,ga_48.png,.png
/home/manvith/Desktop/Projects/Tulu Dataset/Tulu-Dtatset-V2/ga/ga_44.png,Tulu-Dtatset-V2,ga,train,22eaeb0639a7c648b93a6bfebcd40cc2b29b3d9c99c2cd21bc947475efa6bf72,362.0,348.0,RGBA,ga_44.png,.png
/home/manvith/Desktop/Projects/Tulu Dataset/Tulu-Dtatset-V2/gha/gha_94.png,Tulu-Dtatset-V2,gha,train,875367df95de2cfde16469122365c569a931bddabce0000e490de3d2490acdd0,362.0,347.0,RGBA,gha_94.png,.png
/home/manvith/Desktop/Projects/Tulu Dataset/Tulu-Dtatset-V2/gha/gha_44.png,Tulu-Dtatset-V2,gha,train,26521e6dc213ae11c5d0d9243b309e9bca3ef5bdbc8a635efbbc6a9e490030d4,361.0,343.0,RGBA,gha_44.png,.png
/home/manvith/Desktop/Projects/Tulu Dataset/Tulu-Dtatset-V2/gha/gha_93.png,Tulu-Dtatset-V2,gha,train,4562871125d74ef4c7c7b9339e3c3cde567a7145d12a6e03026205a8f2625c14,362.0,347.0,RGBA,gha_93.png,.png
/home/manvith/Desktop/Projects/Tulu Dataset/Tulu-Dtatset-V2/gha/gha_54.png,Tulu-Dtatset-V2,gha,train,5ee87e0a70b67d1d0b8cf01f1097a137cc114b66ff09f4900aef600390a30e1c,362.0,345.0,RGBA,gha_54.png,.png
/home/manvith/Desktop/Projects/Tulu Dataset/Tulu-Dtatset-V2/gha/gha_85.png,Tulu-Dtatset-V2,gha,train,534a716991ae870c1843728e1206e22dd49c0fc1b739146481e74df4af75342d,362.0,347.0,RGBA,gha_85.png,.png
/home/manvith/Desktop/Projects/Tulu Dataset/Tulu-Dtatset-V2/gha/gha_22.png,Tulu-Dtatset-V2,gha,train,7f01e4d9846231e27f06b606e47c1428f64bc5da45be03da6faa4be5805fa1e8,361.0,343.0,RGBA,gha_22.png,.png
/home/manvith/Desktop/Projects/Tulu Dataset/Tulu-Dtatset-V2/gha/gha_55.png,Tulu-Dtatset-V2,gha,train,405a7fa9f9d95b3db1c7b217f723240e6f17eaf487b2eaf5f643695ee2fbfaa3,362.0,345.0,RGBA,gha_55.png,.png
/home/manvith/Desktop/Projects/Tulu Dataset/Tulu-Dtatset-V2/gha/gha_36.png,Tulu-Dtatset-V2,gha,train,f593a0b45dd2e7ea6b2db5ccaf667962536ce081ebdac7a409a84050088e3d2a,361.0,343.0,RGBA,gha_36.png,.png
/home/manvith/Desktop/Projects/Tulu Dataset/Tulu-Dtatset-V2/gha/gha_1.png,Tulu-Dtatset-V2,gha,train,edf95786edbc3e2d83c62fc251804bbd3338827bf8ebdb6cf55286dd4e9baf5d,361.0,343.0,RGBA,gha_1.png,.png
/home/manvith/Desktop/Projects/Tulu Dataset/Tulu-Dtatset-V2/gha/gha_35.png,Tulu-Dtatset-V2,gha,train,3125da374e5fec863a20c39c3f63ed1c3a6ef1ffd46107f73f06548478454572,361.0,343.0,RGBA,gha_35.png,.png
/home/manvith/Desktop/Projects/Tulu Dataset/Tulu-Dtatset-V2/gha/gha_21.png,Tulu-Dtatset-V2,gha,train,fbd8c13b7559455c435f67682ecc329b025bfd11d837546e28a0f3f4098ba38f,361.0,343.0,RGBA,gha_21.png,.png
/home/manvith/Desktop/Projects/Tulu Dataset/Tulu-Dtatset-V2/gha/gha_60.png,Tulu-Dtatset-V2,gha,train,1ff244de51370c033b08265c6dc785b75145c3dd387d6a41371d0652a163bacd,362.0,345.0,RGBA,gha_60.png,.png
/home/manvith/Desktop/Projects/Tulu Dataset/Tulu-Dtatset-V2/gha/gha_4.png,Tulu-Dtatset-V2,gha,train,906def6c61ad53106339ec22a01ed0b293d390c1cda50928d7314dce66ae0217,356.0,340.0,RGBA,gha_4.png,.png
/home/manvith/Desktop/Projects/Tulu Dataset/Tulu-Dtatset-V2/gha/gha_58.png,Tulu-Dtatset-V2,gha,train,d037c2f51287d8102dc4ed176687d9a0aad21258c985b57b5fd5582f3be4f267,362.0,345.0,RGBA,gha_58.png,.png
/home/manvith/Desktop/Projects/Tulu Dataset/Tulu-Dtatset-V2/gha/gha_32.png,Tulu-Dtatset-V2,gha,train,2cf1eee222caa46817efb97ffffd4ee55cbfe452726bab5e6a021ec0c14aa7a3,361.0,343.0,RGBA,gha_32.png,.png
/home/manvith/Desktop/Projects/Tulu Dataset/Tulu-Dtatset-V2/gha/gha_84.png,Tulu-Dtatset-V2,gha,train,4edd522797760afb383bc83bb1e9fd85a04d637da0ac0869d9a94a1e04542ec1,362.0,347.0,RGBA,gha_84.png,.png
/home/manvith/Desktop/Projects/Tulu Dataset/Tulu-Dtatset-V2/gha/gha_95.png,Tulu-Dtatset-V2,gha,train,5bca397c2ee1e25425156d385930c160bf65b19b67ad0ef09a1902ecd6294e74,362.0,347.0,RGBA,gha_95.png,.png
/home/manvith/Desktop/Projects/Tulu Dataset/Tulu-Dtatset-V2/gha/gha_74.png,Tulu-Dtatset-V2,gha,train,aec557ad6f7bfa28fa461a37f7b5592f74333f633726b92e8cb0cb5b0d7cd6cb,362.0,347.0,RGBA,gha_74.png,.png
/home/manvith/Desktop/Projects/Tulu Dataset/Tulu-Dtatset-V2/gha/gha_45.png,Tulu-Dtatset-V2,gha,train,e8d392c2f196c90eb183320f6432802a490e06e09c57e34c33df5cfd1bcfb9e4,361.0,343.0,RGBA,gha_45.png,.png
/home/manvith/Desktop/Projects/Tulu Dataset/Tulu-Dtatset-V2/gha/gha_68.png,Tulu-Dtatset-V2,gha,train,7032c159322aee4e17210c7f4d1c64a07e57157777974276d3db6aa5e49189a2,362.0,345.0,RGBA,gha_68.png,.png
/home/manvith/Desktop/Projects/Tulu Dataset/Tulu-Dtatset-V2/gha/gha_42.png,Tulu-Dtatset-V2,gha,train,a97af9c5c9f1df41e54dac79883f015260567edae4dc395a88a021c3f44061fa,361.0,343.0,RGBA,gha_42.png,.png
/home/manvith/Desktop/Projects/Tulu Dataset/Tulu-Dtatset-V2/gha/gha_71.png,Tulu-Dtatset-V2,gha,train,ed6dfb70f59fb882302a0c21393c9ead34fbfea7c16ff70a6720d9f5114adf9c,362.0,347.0,RGBA,gha_71.png,.png
/home/manvith/Desktop/Projects/Tulu Dataset/Tulu-Dtatset-V2/gha/gha_24.png,Tulu-Dtatset-V2,gha,train,4fb3c62e8071a4ef22873ef59d72b81ee87101d5e3bbb54d082ff732ba4f4734,361.0,343.0,RGBA,gha_24.png,.png
/home/manvith/Desktop/Projects/Tulu Dataset/Tulu-Dtatset-V2/gha/gha_23.png,Tulu-Dtatset-V2,gha,train,e759a3daee7e3d44544b9a0a7429a82b7eb4e00cb8d770ad7230da12f471c2c8,361.0,343.0,RGBA,gha_23.png,.png
/home/manvith/Desktop/Projects/Tulu Dataset/Tulu-Dtatset-V2/gha/gha_11.png,Tulu-Dtatset-V2,gha,train,8345d2759642aebb3dcac884a4fd357d85f079b7855837588fc30c8c06741186,364.0,341.0,RGBA,gha_11.png,.png
/home/manvith/Desktop/Projects/Tulu Dataset/Tulu-Dtatset-V2/gha/gha_17.png,Tulu-Dtatset-V2,gha,train,a326b3d3c80f2921fdaea9e89152d261bd86929f086a63a95dc46ea90eb14b67,361.0,343.0,RGBA,gha_17.png,.png
/home/manvith/Desktop/Projects/Tulu Dataset/Tulu-Dtatset-V2/gha/gha_100.png,Tulu-Dtatset-V2,gha,train,77616c41f8e9d3d43a4e317c01f732023985f6fdcd26d5afad0bd07a5c2b5560,362.0,347.0,RGBA,gha_100.png,.png
/home/manvith/Desktop/Projects/Tulu Dataset/Tulu-Dtatset-V2/gha/gha_34.png,Tulu-Dtatset-V2,gha,train,0a9dc40353032b3de99b99ecb24257bd8a710cd1cecb8b647f6510e3be50c13d,361.0,343.0,RGBA,gha_34.png,.png
/home/manvith/Desktop/Projects/Tulu Dataset/Tulu-Dtatset-V2/gha/gha_12.png,Tulu-Dtatset-V2,gha,train,059774ad03abc40edf642770079b5afda2edeb243be303f53068596f5879e436,364.0,337.0,RGBA,gha_12.png,.png
/home/manvith/Desktop/Projects/Tulu Dataset/Tulu-Dtatset-V2/gha/gha_15.png,Tulu-Dtatset-V2,gha,train,50555b89408678f189f26f48c9b1769ecd34d2c0527cd717985c1782691b2777,363.0,346.0,RGBA,gha_15.png,.png
/home/manvith/Desktop/Projects/Tulu Dataset/Tulu-Dtatset-V2/gha/gha_79.png,Tulu-Dtatset-V2,gha,train,938f181ee1cf4c46a0cbba2d0e1845cfe2d1304879394a7c53128b1bdc1ac15f,362.0,347.0,RGBA,gha_79.png,.png
/home/manvith/Desktop/Projects/Tulu Dataset/Tulu-Dtatset-V2/gha/gha_97.png,Tulu-Dtatset-V2,gha,train,b4c043330bcf8c1f979cf66cdd15c6df07b87482afb69c1907d08e8994271452,362.0,347.0,RGBA,gha_97.png,.png
/home/manvith/Desktop/Projects/Tulu Dataset/Tulu-Dtatset-V2/gha/gha_52.png,Tulu-Dtatset-V2,gha,train,57613844cd9e0bc25b3155802dfdf5f16ec91e8e86e191e7421030aeb36eeb72,362.0,345.0,RGBA,gha_52.png,.png
/home/manvith/Desktop/Projects/Tulu Dataset/Tulu-Dtatset-V2/gha/gha_99.png,Tulu-Dtatset-V2,gha,train,191a900b958cb598210a8143bb6941d0218a0a27e5be3c171753af7937218218,362.0,347.0,RGBA,gha_99.png,.png
/home/manvith/Desktop/Projects/Tulu Dataset/Tulu-Dtatset-V2/gha/gha_19.png,Tulu-Dtatset-V2,gha,train,66d4f6f00de95a8014e70ff4728669e2c043177b7d62250aa9d2f45b4c93c260,361.0,343.0,RGBA,gha_19.png,.png
/home/manvith/Desktop/Projects/Tulu Dataset/Tulu-Dtatset-V2/gha/gha_80.png,Tulu-Dtatset-V2,gha,train,82464b2bfbaf281e131571abde05aac91ec0212dfea4bfb16f65cf25a10f79ec,362.0,347.0,RGBA,gha_80.png,.png
/home/manvith/Desktop/Projects/Tulu Dataset/Tulu-Dtatset-V2/gha/gha_59.png,Tulu-Dtatset-V2,gha,train,2ef3adf6f232c3c032689630d40dc318d2dcf24d906d940e0e154a0f054e1ed5,362.0,345.0,RGBA,gha_59.png,.png
/home/manvith/Desktop/Projects/Tulu Dataset/Tulu-Dtatset-V2/gha/gha_10.png,Tulu-Dtatset-V2,gha,train,fcc40740e366ad9e70458c37891b28e50c404be943f77ebb0ad51b6ccc85e10b,365.0,344.0,RGBA,gha_10.png,.png
/home/manvith/Desktop/Projects/Tulu Dataset/Tulu-Dtatset-V2/gha/gha_3.png,Tulu-Dtatset-V2,gha,train,8307353fc377c8ae2b016ed7651a94aa252c467425c07cecdbe6964a9e1486e8,359.0,344.0,RGBA,gha_3.png,.png
/home/manvith/Desktop/Projects/Tulu Dataset/Tulu-Dtatset-V2/gha/gha_70.png,Tulu-Dtatset-V2,gha,train,b311899b9e5d58ad3d3d1c02a67e971472f9addb78c7aa41e70da53456732bce,362.0,345.0,RGBA,gha_70.png,.png
/home/manvith/Desktop/Projects/Tulu Dataset/Tulu-Dtatset-V2/gha/gha_33.png,Tulu-Dtatset-V2,gha,train,5c8ef2b219342135922b756758339d7253f040ed0db1140a4f4d4512168fd5fc,361.0,343.0,RGBA,gha_33.png,.png
/home/manvith/Desktop/Projects/Tulu Dataset/Tulu-Dtatset-V2/gha/gha_72.png,Tulu-Dtatset-V2,gha,train,edbb04149bc290453f2932075a0c9c2da21eda2925a2ea405a76e0f77dc574eb,362.0,347.0,RGBA,gha_72.png,.png
/home/manvith/Desktop/Projects/Tulu Dataset/Tulu-Dtatset-V2/gha/gha_57.png,Tulu-Dtatset-V2,gha,train,73755a126934a0133bc17932be91103bf1f52c1daa748602d6bb3e8aace8c2f6,362.0,345.0,RGBA,gha_57.png,.png
/home/manvith/Desktop/Projects/Tulu Dataset/Tulu-Dtatset-V2/gha/gha_39.png,Tulu-Dtatset-V2,gha,train,db3e55ca8d06bf8800701ea0c649ea3fe536622b785937d1a336f4d24c895150,361.0,343.0,RGBA,gha_39.png,.png
/home/manvith/Desktop/Projects/Tulu Dataset/Tulu-Dtatset-V2/gha/gha_86.png,Tulu-Dtatset-V2,gha,train,236520a7eb56e0476a97417c496962b999e455d4b9fe84b449850dba41228caa,362.0,347.0,RGBA,gha_86.png,.png
/home/manvith/Desktop/Projects/Tulu Dataset/Tulu-Dtatset-V2/gha/gha_62.png,Tulu-Dtatset-V2,gha,train,cd54e997c5dc230bc86cc46fb0c7d5d7a0388c659ba36673a9ebe449750578d7,362.0,345.0,RGBA,gha_62.png,.png
/home/manvith/Desktop/Projects/Tulu Dataset/Tulu-Dtatset-V2/gha/gha_61.png,Tulu-Dtatset-V2,gha,train,4783516c25b563d222c0f74806804328c9efbb70d8e666b8dd83963a8d09f255,362.0,345.0,RGBA,gha_61.png,.png
/home/manvith/Desktop/Projects/Tulu Dataset/Tulu-Dtatset-V2/gha/gha_89.png,Tulu-Dtatset-V2,gha,train,49d692daf6446437436137e7c660614329c3981520e76b55de835dfe6fea83ab,362.0,347.0,RGBA,gha_89.png,.png
/home/manvith/Desktop/Projects/Tulu Dataset/Tulu-Dtatset-V2/gha/gha_28.png,Tulu-Dtatset-V2,gha,train,2e735b5d8808f9a6adb8aec516510544af12ad3c4988504c09b02c5bd23e4414,361.0,343.0,RGBA,gha_28.png,.png
/home/manvith/Desktop/Projects/Tulu Dataset/Tulu-Dtatset-V2/gha/gha_63.png,Tulu-Dtatset-V2,gha,train,b1cff661fd1188d434e857e5c32dd47728a118ad77a6e3d188314febaf1c94db,362.0,345.0,RGBA,gha_63.png,.png
/home/manvith/Desktop/Projects/Tulu Dataset/Tulu-Dtatset-V2/gha/gha_30.png,Tulu-Dtatset-V2,gha,train,4759aa1e202598332158a5905fccdebedb0f131f475c7cdd454b355dc1723073,361.0,343.0,RGBA,gha_30.png,.png
/home/manvith/Desktop/Projects/Tulu Dataset/Tulu-Dtatset-V2/gha/gha_40.png,Tulu-Dtatset-V2,gha,train,4b03d6ff02b4dd93740b1c1e8b481da7b5dd6dec3bcdab0d5459856c310c8806,361.0,343.0,RGBA,gha_40.png,.png
/home/manvith/Desktop/Projects/Tulu Dataset/Tulu-Dtatset-V2/gha/gha_65.png,Tulu-Dtatset-V2,gha,train,5dc7f9de4fd5aeee5db57ed8315c1102e521c77c94c76818ce2fe959b3fe00b1,362.0,345.0,RGBA,gha_65.png,.png
/home/manvith/Desktop/Projects/Tulu Dataset/Tulu-Dtatset-V2/gha/gha_92.png,Tulu-Dtatset-V2,gha,train,c8e9f83e26206641fe95365a1c78734c35583952ac24f862e941f4570e30d67f,362.0,347.0,RGBA,gha_92.png,.png
/home/manvith/Desktop/Projects/Tulu Dataset/Tulu-Dtatset-V2/gha/gha_5.png,Tulu-Dtatset-V2,gha,train,c9e2fd1cd5dbeb2457e8ffbc7662cc295af9e5d355e40ada83adbca1abc953f2,363.0,341.0,RGBA,gha_5.png,.png
/home/manvith/Desktop/Projects/Tulu Dataset/Tulu-Dtatset-V2/gha/gha_43.png,Tulu-Dtatset-V2,gha,train,7568918d7020febcbbe8f13b1b44f8064eb4b841443c00b54c5a05119b399f2a,361.0,343.0,RGBA,gha_43.png,.png
/home/manvith/Desktop/Projects/Tulu Dataset/Tulu-Dtatset-V2/gha/gha_76.png,Tulu-Dtatset-V2,gha,train,47f0353a248c4dc678aade8d6ad723f990e4b2cc83096953836668a82785dd5d,362.0,347.0,RGBA,gha_76.png,.png
/home/manvith/Desktop/Projects/Tulu Dataset/Tulu-Dtatset-V2/gha/gha_31.png,Tulu-Dtatset-V2,gha,train,cea86979d39cc1738a99aedf5bfe103d541157f2f7620815397597cb2a584c82,361.0,343.0,RGBA,gha_31.png,.png
/home/manvith/Desktop/Projects/Tulu Dataset/Tulu-Dtatset-V2/gha/gha_87.png,Tulu-Dtatset-V2,gha,train,c0ca32158c270f6dc12e3c391bec9f1dc1320970332fc7aefcbae7c63554b314,362.0,347.0,RGBA,gha_87.png,.png
/home/manvith/Desktop/Projects/Tulu Dataset/Tulu-Dtatset-V2/gha/gha_66.png,Tulu-Dtatset-V2,gha,train,390055099ec7ce211ca469b3ff995236b890420693a3c5b6fa123c3a0f2fcc8e,362.0,345.0,RGBA,gha_66.png,.png
/home/manvith/Desktop/Projects/Tulu Dataset/Tulu-Dtatset-V2/gha/gha_46.png,Tulu-Dtatset-V2,gha,train,32df7f3764e42530a8d8665c52dbff6d1109853d9e1d04e92e672d7e0fe327ab,361.0,343.0,RGBA,gha_46.png,.png
/home/manvith/Desktop/Projects/Tulu Dataset/Tulu-Dtatset-V2/gha/gha_64.png,Tulu-Dtatset-V2,gha,train,26d32b67c078c48097d1b89eb769a4f191b1f4f2b6f0458077741d6072625b5b,362.0,345.0,RGBA,gha_64.png,.png
/home/manvith/Desktop/Projects/Tulu Dataset/Tulu-Dtatset-V2/gha/gha_88.png,Tulu-Dtatset-V2,gha,train,4a86afd73c5bd2b235b8bc0dbcbaa289608e099559f116ade19ba281ac4e3d71,362.0,347.0,RGBA,gha_88.png,.png
/home/manvith/Desktop/Projects/Tulu Dataset/Tulu-Dtatset-V2/gha/gha_49.png,Tulu-Dtatset-V2,gha,train,38f7e4c1dbe3f909170ea89977a7dfb1984decc5120ae025cc6fd02cc7ead817,361.0,343.0,RGBA,gha_49.png,.png
/home/manvith/Desktop/Projects/Tulu Dataset/Tulu-Dtatset-V2/gha/gha_25.png,Tulu-Dtatset-V2,gha,train,c6f63b30e40276f1ee6d6f2c3821b12b9cc52f81a0c58320f7bd389c2accf372,361.0,343.0,RGBA,gha_25.png,.png
/home/manvith/Desktop/Projects/Tulu Dataset/Tulu-Dtatset-V2/gha/gha_96.png,Tulu-Dtatset-V2,gha,train,837a73be23126dee4015cf03f0988d36cd75a2fdacf2937b7be0114d936bff11,362.0,347.0,RGBA,gha_96.png,.png
/home/manvith/Desktop/Projects/Tulu Dataset/Tulu-Dtatset-V2/gha/gha_75.png,Tulu-Dtatset-V2,gha,train,44be7ac191d9b09bc6259fa37b99c8e1904e401d4d0edf2b0e7a247fb3ac8f09,362.0,347.0,RGBA,gha_75.png,.png
/home/manvith/Desktop/Projects/Tulu Dataset/Tulu-Dtatset-V2/gha/gha_26.png,Tulu-Dtatset-V2,gha,train,b649a52be8a287a1ee320d79bc24ac005014d3c25b03a1ad9921e9087ee133f8,361.0,343.0,RGBA,gha_26.png,.png
/home/manvith/Desktop/Projects/Tulu Dataset/Tulu-Dtatset-V2/gha/gha_38.png,Tulu-Dtatset-V2,gha,train,300ea9ea428b73c44bf84b8b6a6585c00fc090b173bbfa25c11f804cfac5cb5a,361.0,343.0,RGBA,gha_38.png,.png
/home/manvith/Desktop/Projects/Tulu Dataset/Tulu-Dtatset-V2/gha/gha_82.png,Tulu-Dtatset-V2,gha,train,01698e9905e2072221ed0dcf8e4ddf2d7e70b0c04f3b16947ff6d3d39a514c5b,362.0,347.0,RGBA,gha_82.png,.png
/home/manvith/Desktop/Projects/Tulu Dataset/Tulu-Dtatset-V2/gha/gha_81.png,Tulu-Dtatset-V2,gha,train,eeb61d8df3b25c2428032be880a2b831dd3597701a535d9c4fe898e30efd93d8,362.0,347.0,RGBA,gha_81.png,.png
/home/manvith/Desktop/Projects/Tulu Dataset/Tulu-Dtatset-V2/gha/gha_73.png,Tulu-Dtatset-V2,gha,train,a36be8ae10d6fcb5cd354dd75dbe6669c950afc6f31f0824e46a4bddafb00cfd,362.0,347.0,RGBA,gha_73.png,.png
/home/manvith/Desktop/Projects/Tulu Dataset/Tulu-Dtatset-V2/gha/gha_2.png,Tulu-Dtatset-V2,gha,train,a17a8bccec4ec82be9264f53f8ba7e8e8d955aa8321a7167daa46136b60e8ca0,362.0,347.0,RGBA,gha_2.png,.png
/home/manvith/Desktop/Projects/Tulu Dataset/Tulu-Dtatset-V2/gha/gha_77.png,Tulu-Dtatset-V2,gha,train,429cb3c79526eb2e490e6c0657f1c467cd2da7da7acd5accd7a5838097fa7125,362.0,347.0,RGBA,gha_77.png,.png
/home/manvith/Desktop/Projects/Tulu Dataset/Tulu-Dtatset-V2/gha/gha_16.png,Tulu-Dtatset-V2,gha,train,4058e74bad9f0102148090c5dfff01934bf862ef3dd2325406889c4a9bc64c97,361.0,343.0,RGBA,gha_16.png,.png
/home/manvith/Desktop/Projects/Tulu Dataset/Tulu-Dtatset-V2/gha/gha_47.png,Tulu-Dtatset-V2,gha,train,7c310a752b7e3a8c39be8f21e753290b4bf48f144218c26f5e1dc746c763af40,361.0,343.0,RGBA,gha_47.png,.png
/home/manvith/Desktop/Projects/Tulu Dataset/Tulu-Dtatset-V2/gha/gha_14.png,Tulu-Dtatset-V2,gha,train,6c97701782f77bab9e7d5d5d9bc9304e53f15b6e26bbbb71bea3f5b7c6f9d6c5,365.0,339.0,RGBA,gha_14.png,.png
/home/manvith/Desktop/Projects/Tulu Dataset/Tulu-Dtatset-V2/gha/gha_78.png,Tulu-Dtatset-V2,gha,train,b65c89a0a303d1cc30f80a6934f2cf24268657480b2fe3167594f18b87c34750,362.0,347.0,RGBA,gha_78.png,.png
/home/manvith/Desktop/Projects/Tulu Dataset/Tulu-Dtatset-V2/gha/gha_98.png,Tulu-Dtatset-V2,gha,train,491399349c8de8a1db18c5285a678c3a2550fbb385847ce2a2169dfb416d1490,362.0,347.0,RGBA,gha_98.png,.png
/home/manvith/Desktop/Projects/Tulu Dataset/Tulu-Dtatset-V2/gha/gha_56.png,Tulu-Dtatset-V2,gha,train,825d0012d651bd0a9af142b0d227b82cc5106105a7156eed239bfb70b5c5da3e,362.0,345.0,RGBA,gha_56.png,.png
/home/manvith/Desktop/Projects/Tulu Dataset/Tulu-Dtatset-V2/ha/ha_54.png,Tulu-Dtatset-V2,ha,train,d997073cd4f8d2ebd4fbbd8bdebdc68a399cd9c9eaf3de801fb0f2bf11b94b2a,352.0,345.0,RGBA,ha_54.png,.png
/home/manvith/Desktop/Projects/Tulu Dataset/Tulu-Dtatset-V2/ha/ha_5.png,Tulu-Dtatset-V2,ha,train,7dcb2f7deb0a3299703798ba10310e2d1bf3d0412a25453583ca1b749cc25737,348.0,357.0,RGBA,ha_5.png,.png
/home/manvith/Desktop/Projects/Tulu Dataset/Tulu-Dtatset-V2/ha/ha_62.png,Tulu-Dtatset-V2,ha,train,12de48913b31c3a5a71ab7a547f07ea581ed20096823cce594492f2bb837dc98,352.0,345.0,RGBA,ha_62.png,.png
/home/manvith/Desktop/Projects/Tulu Dataset/Tulu-Dtatset-V2/ha/ha_2.png,Tulu-Dtatset-V2,ha,train,441f40706a74dcd4232cce14555b2f770d1293cacfb6c67cbc08fd2cccbefc8e,358.0,337.0,RGBA,ha_2.png,.png
/home/manvith/Desktop/Projects/Tulu Dataset/Tulu-Dtatset-V2/ha/ha_49.png,Tulu-Dtatset-V2,ha,train,01e522ee14eb60e58ae855d0e6d448df6e9260f83078684e905addfeb3505da7,358.0,334.0,RGBA,ha_49.png,.png
/home/manvith/Desktop/Projects/Tulu Dataset/Tulu-Dtatset-V2/ha/ha_20.png,Tulu-Dtatset-V2,ha,train,9d9a5b3bfc993bbeb051d4ea2a150d91f42a063556c8bcebacf9ea2b53e370c5,358.0,337.0,RGBA,ha_20.png,.png
/home/manvith/Desktop/Projects/Tulu Dataset/Tulu-Dtatset-V2/ha/ha_44.png,Tulu-Dtatset-V2,ha,train,63c8a7f804f65ae08187dc253488fae1cd53a8026b8ca459b38052bbea0c5666,358.0,334.0,RGBA,ha_44.png,.png
/home/manvith/Desktop/Projects/Tulu Dataset/Tulu-Dtatset-V2/ha/ha_38.png,Tulu-Dtatset-V2,ha,train,c55fc87f92132421a2a4cde20dc8b6d7545522e0bb7fbf4162dcdc37806afde9,358.0,334.0,RGBA,ha_38.png,.png
/home/manvith/Desktop/Projects/Tulu Dataset/Tulu-Dtatset-V2/ha/ha_46.png,Tulu-Dtatset-V2,ha,train,96fdbadf3e8282a3e2fbfffcc2270f3015ab9a1e6e80a8b5aca57905ef3a3f92,358.0,334.0,RGBA,ha_46.png,.png
/home/manvith/Desktop/Projects/Tulu Dataset/Tulu-Dtatset-V2/ha/ha_51.png,Tulu-Dtatset-V2,ha,train,5db19b959e312478a11cc6fa793af89aee470a5eb314931ca245005158c12693,352.0,345.0,RGBA,ha_51.png,.png
/home/manvith/Desktop/Projects/Tulu Dataset/Tulu-Dtatset-V2/ha/ha_72.png,Tulu-Dtatset-V2,ha,train,b00b0b79ddd8cc4bd89bb50f3df64cab52a885ca761ddce84796087b13d6051d,350.0,357.0,RGBA,ha_72.png,.png
/home/manvith/Desktop/Projects/Tulu Dataset/Tulu-Dtatset-V2/ha/ha_50.png,Tulu-Dtatset-V2,ha,train,bbaf1049a68074a630616afa6ab3b1344454433bf568133c321fb4322d1bfae2,358.0,334.0,RGBA,ha_50.png,.png
/home/manvith/Desktop/Projects/Tulu Dataset/Tulu-Dtatset-V2/ha/ha_84.png,Tulu-Dtatset-V2,ha,train,403847febaaf2b105541ab4514f518eb831cbca1f5bd8b2bd82bc8f80b6101be,350.0,357.0,RGBA,ha_84.png,.png
/home/manvith/Desktop/Projects/Tulu Dataset/Tulu-Dtatset-V2/ha/ha_56.png,Tulu-Dtatset-V2,ha,train,8861b9fecd8b0d78812127d836b4fa970aa5fa4526f1a605d57c3a82bdd0b737,352.0,345.0,RGBA,ha_56.png,.png
/home/manvith/Desktop/Projects/Tulu Dataset/Tulu-Dtatset-V2/ha/ha_47.png,Tulu-Dtatset-V2,ha,train,ff03109ccd5493cd1e01827bfa667fe0947ffac19b70fffca968cb05141c47b8,358.0,334.0,RGBA,ha_47.png,.png
/home/manvith/Desktop/Projects/Tulu Dataset/Tulu-Dtatset-V2/ha/ha_87.png,Tulu-Dtatset-V2,ha,train,a7e8ddc1a45f2a6238d436ff697f9066b3d0a26c28489d7da679e261896e980c,350.0,357.0,RGBA,ha_87.png,.png
/home/manvith/Desktop/Projects/Tulu Dataset/Tulu-Dtatset-V2/ha/ha_16.png,Tulu-Dtatset-V2,ha,train,5b4eeddc8dfa34cedec6a899458151ac1db94b46614dcac1eae0430d03b033dc,358.0,337.0,RGBA,ha_16.png,.png
/home/manvith/Desktop/Projects/Tulu Dataset/Tulu-Dtatset-V2/ha/ha_43.png,Tulu-Dtatset-V2,ha,train,2123ba8ab0dc419a139df0e59163a35fc845dca111b50f4544d6d987357927f1,358.0,334.0,RGBA,ha_43.png,.png
/home/manvith/Desktop/Projects/Tulu Dataset/Tulu-Dtatset-V2/ha/ha_55.png,Tulu-Dtatset-V2,ha,train,fd9a356da955602d5904ba6238837848dab8342cb2f07781f12b821405f39a4d,352.0,345.0,RGBA,ha_55.png,.png
/home/manvith/Desktop/Projects/Tulu Dataset/Tulu-Dtatset-V2/ha/ha_74.png,Tulu-Dtatset-V2,ha,train,b3c592d9c531bbb559f2029036a8e33eec7837c2b45bdd678bfe9b46d58a4076,350.0,357.0,RGBA,ha_74.png,.png
/home/manvith/Desktop/Projects/Tulu Dataset/Tulu-Dtatset-V2/ha/ha_24.png,Tulu-Dtatset-V2,ha,train,17412eb5952a16e8d2c4fb4a459d2d681238d49c6c651ee0df4672eaee6206ee,358.0,337.0,RGBA,ha_24.png,.png
/home/manvith/Desktop/Projects/Tulu Dataset/Tulu-Dtatset-V2/ha/ha_98.png,Tulu-Dtatset-V2,ha,train,280cbb01c8c602cc74771f35778959d0ec271066cb27e321a1d6852a07516f02,350.0,357.0,RGBA,ha_98.png,.png
/home/manvith/Desktop/Projects/Tulu Dataset/Tulu-Dtatset-V2/ha/ha_79.png,Tulu-Dtatset-V2,ha,train,1ed18f53c115d2ede12765eac518447070a27df38f2493cb8071d19c0fb61d40,350.0,357.0,RGBA,ha_79.png,.png
/home/manvith/Desktop/Projects/Tulu Dataset/Tulu-Dtatset-V2/ha/ha_13.png,Tulu-Dtatset-V2,ha,train,f778055fade263dc917a1f4cd65e5c280fdd74178957461e00b0f82c0cb1afb7,344.0,356.0,RGBA,ha_13.png,.png
/home/manvith/Desktop/Projects/Tulu Dataset/Tulu-Dtatset-V2/ha/ha_93.png,Tulu-Dtatset-V2,ha,train,258a630f458296c592cf3e1dee981242eee257b4f8c0f3dc79a5f8865023e41a,350.0,357.0,RGBA,ha_93.png,.png
/home/manvith/Desktop/Projects/Tulu Dataset/Tulu-Dtatset-V2/ha/ha_85.png,Tulu-Dtatset-V2,ha,train,dc962b431bb9321d93472768b5f2a689846d5e4c8c08b8754eaabdc8d6c02278,350.0,357.0,RGBA,ha_85.png,.png
/home/manvith/Desktop/Projects/Tulu Dataset/Tulu-Dtatset-V2/ha/ha_59.png,Tulu-Dtatset-V2,ha,train,58c8eac1cd22805157a7035597ec4026073911e9158b3c100f4f89f82188827a,352.0,345.0,RGBA,ha_59.png,.png
/home/manvith/Desktop/Projects/Tulu Dataset/Tulu-Dtatset-V2/ha/ha_41.png,Tulu-Dtatset-V2,ha,train,5a298d87f5e69132184f8c1e0e20cd8e55d6884630611401b3277456c9e3e30b,358.0,334.0,RGBA,ha_41.png,.png
/home/manvith/Desktop/Projects/Tulu Dataset/Tulu-Dtatset-V2/ha/ha_1.png,Tulu-Dtatset-V2,ha,train,09a794e3482bc5e1f8e9237fc58f5bb26d73b01e9a56d4f45a5f3b948f3518ef,364.0,337.0,RGBA,ha_1.png,.png
/home/manvith/Desktop/Projects/Tulu Dataset/Tulu-Dtatset-V2/ha/ha_27.png,Tulu-Dtatset-V2,ha,train,c8cb2d03c01ab38a2fc160557dac624f72f8a55ca1bd65b655d33a31f0700267,358.0,337.0,RGBA,ha_27.png,.png
/home/manvith/Desktop/Projects/Tulu Dataset/Tulu-Dtatset-V2/ha/ha_48.png,Tulu-Dtatset-V2,ha,train,05b6873c2a71ddde94ee52b04e9b1612f77bf0c4d10ed1b5867a141c8706f349,358.0,334.0,RGBA,ha_48.png,.png
/home/manvith/Desktop/Projects/Tulu Dataset/Tulu-Dtatset-V2/ha/ha_4.png,Tulu-Dtatset-V2,ha,train,b5976c42bb066aeb6a78653b8bc94a156cc75258f0f773763cc89c187cdc5c86,359.0,338.0,RGBA,ha_4.png,.png
/home/manvith/Desktop/Projects/Tulu Dataset/Tulu-Dtatset-V2/ha/ha_83.png,Tulu-Dtatset-V2,ha,train,b813d59de924244ecc547ef1f2ce4f7f65d26ce7d6b63d70aa1705c2b12bd969,350.0,357.0,RGBA,ha_83.png,.png
/home/manvith/Desktop/Projects/Tulu Dataset/Tulu-Dtatset-V2/ha/ha_94.png,Tulu-Dtatset-V2,ha,train,1ce97d495551bff453c0f819a153bb02cb58b55c91d06de8c02881959de9c57d,350.0,357.0,RGBA,ha_94.png,.png
/home/manvith/Desktop/Projects/Tulu Dataset/Tulu-Dtatset-V2/ha/ha_26.png,Tulu-Dtatset-V2,ha,train,fdd1a141b07bbebb6c44347e316d5757d69372d7d3f37a29e7e9c67fd9b89822,358.0,337.0,RGBA,ha_26.png,.png
/home/manvith/Desktop/Projects/Tulu Dataset/Tulu-Dtatset-V2/ha/ha_100.png,Tulu-Dtatset-V2,ha,train,40005a188b4ab61f0243a7fd1c51383163c7d3ab6e949d5c549d67b7820d276e,350.0,357.0,RGBA,ha_100.png,.png
/home/manvith/Desktop/Projects/Tulu Dataset/Tulu-Dtatset-V2/ha/ha_17.png,Tulu-Dtatset-V2,ha,train,9eaa7f02455638f72ea9ef341fa1897537fab32da3220a0ba2e59507640663c2,358.0,337.0,RGBA,ha_17.png,.png
/home/manvith/Desktop/Projects/Tulu Dataset/Tulu-Dtatset-V2/ha/ha_92.png,Tulu-Dtatset-V2,ha,train,a5b98edf3e574654bab39c4a37916a4f4f36d3fea9e4d258e6a8b1739ae6b1cb,350.0,357.0,RGBA,ha_92.png,.png
/home/manvith/Desktop/Projects/Tulu Dataset/Tulu-Dtatset-V2/ha/ha_29.png,Tulu-Dtatset-V2,ha,train,eed497f5d2cc0f0a9fc55a2685002d4d9145869d9de79c0db8de9fa49e97a994,358.0,337.0,RGBA,ha_29.png,.png
/home/manvith/Desktop/Projects/Tulu Dataset/Tulu-Dtatset-V2/ha/ha_77.png,Tulu-Dtatset-V2,ha,train,cbe2de430e243b4f08d5a504d3b8067c287d3b422a657c0b3c0418e72d674abd,350.0,357.0,RGBA,ha_77.png,.png
/home/manvith/Desktop/Projects/Tulu Dataset/Tulu-Dtatset-V2/ha/ha_69.png,Tulu-Dtatset-V2,ha,train,528e8c7e753de3fa1f0fd8a56a74ea7a77b45610a58f367eed43c995bf4a61bf,352.0,345.0,RGBA,ha_69.png,.png
/home/manvith/Desktop/Projects/Tulu Dataset/Tulu-Dtatset-V2/ha/ha_6.png,Tulu-Dtatset-V2,ha,train,9207f783a4fb45d3769f4f9d70dfc38b30063112313709e95b2465cf627afa63,352.0,345.0,RGBA,ha_6.png,.png
/home/manvith/Desktop/Projects/Tulu Dataset/Tulu-Dtatset-V2/ha/ha_9.png,Tulu-Dtatset-V2,ha,train,334a85ff4234d1748e3efa0b7987f96175571fb83f3a7f9c5713987d40e5c32d,353.0,356.0,RGBA,ha_9.png,.png
/home/manvith/Desktop/Projects/Tulu Dataset/Tulu-Dtatset-V2/ha/ha_75.png,Tulu-Dtatset-V2,ha,train,2235db153c85f7e50826d820dd258d731633c4354f04a7c062c908cf3f57d9fd,350.0,357.0,RGBA,ha_75.png,.png
/home/manvith/Desktop/Projects/Tulu Dataset/Tulu-Dtatset-V2/ha/ha_66.png,Tulu-Dtatset-V2,ha,train,e1928b0529d69a9da3afd07cd86af3557dd10e4cb3dd1a64a686d22b386cb633,352.0,345.0,RGBA,ha_66.png,.png
/home/manvith/Desktop/Projects/Tulu Dataset/Tulu-Dtatset-V2/ha/ha_91.png,Tulu-Dtatset-V2,ha,train,42aaaff826205608b390e4ff31016ddd50096bf784f291b17c8bcb6a6d952a3b,350.0,357.0,RGBA,ha_91.png,.png
/home/manvith/Desktop/Projects/Tulu Dataset/Tulu-Dtatset-V2/ha/ha_95.png,Tulu-Dtatset-V2,ha,train,bb33d384bee0552ea11f3c3051098a313f5b6bcf0cd38a6de9cec099cf91cc87,350.0,357.0,RGBA,ha_95.png,.png
/home/manvith/Desktop/Projects/Tulu Dataset/Tulu-Dtatset-V2/ha/ha_30.png,Tulu-Dtatset-V2,ha,train,4dadb8ac16994739966953c699e08b88c51f9e6cdeb96219ecd1b73f74f83e3f,358.0,337.0,RGBA,ha_30.png,.png
/home/manvith/Desktop/Projects/Tulu Dataset/Tulu-Dtatset-V2/ha/ha_89.png,Tulu-Dtatset-V2,ha,train,740ad9258cf0e6655d432868202cc9c282ab01fe6b61369f3caaf545c04f0fa8,350.0,357.0,RGBA,ha_89.png,.png
/home/manvith/Desktop/Projects/Tulu Dataset/Tulu-Dtatset-V2/ha/ha_80.png,Tulu-Dtatset-V2,ha,train,b984292224f161a6296eb91659e233933221caba811ab58e43afddc025610870,350.0,357.0,RGBA,ha_80.png,.png
/home/manvith/Desktop/Projects/Tulu Dataset/Tulu-Dtatset-V2/ha/ha_12.png,Tulu-Dtatset-V2,ha,train,2822dcde7da91447099335ec959ea64ec8166d33953c156e800ba2a38660afb5,368.0,324.0,RGBA,ha_12.png,.png
/home/manvith/Desktop/Projects/Tulu Dataset/Tulu-Dtatset-V2/ha/ha_33.png,Tulu-Dtatset-V2,ha,train,be89137e102cdd0ecb632134d635df2af59d941d10bf4a01839e850a09914b5d,358.0,334.0,RGBA,ha_33.png,.png
/home/manvith/Desktop/Projects/Tulu Dataset/Tulu-Dtatset-V2/ha/ha_10.png,Tulu-Dtatset-V2,ha,train,96f130d93bb47d376b3d44b8c7f65cc55f557a24be0cbeec38eb89608f31930e,350.0,357.0,RGBA,ha_10.png,.png
/home/manvith/Desktop/Projects/Tulu Dataset/Tulu-Dtatset-V2/ha/ha_3.png,Tulu-Dtatset-V2,ha,train,a1bc0418539f9b6eeea1460ddb8af6ccc16cbd945aa92f562ab51821bfe88b06,358.0,334.0,RGBA,ha_3.png,.png
/home/manvith/Desktop/Projects/Tulu Dataset/Tulu-Dtatset-V2/ha/ha_35.png,Tulu-Dtatset-V2,ha,train,32002d90ab5ada2acc1d67a57b0ee6f001a2954aa0c1612d2f4e13f15d92780b,358.0,334.0,RGBA,ha_35.png,.png
/home/manvith/Desktop/Projects/Tulu Dataset/Tulu-Dtatset-V2/ha/ha_57.png,Tulu-Dtatset-V2,ha,train,4ee0c338346113e274bb05ed3b9e2c62f82cb1c23712ee661c681d5142a3e883,352.0,345.0,RGBA,ha_57.png,.png
/home/manvith/Desktop/Projects/Tulu Dataset/Tulu-Dtatset-V2/ha/ha_22.png,Tulu-Dtatset-V2,ha,train,f15f0337ab4fc486234b635a6a220fcb369398a4ab40b62d49179a6b4ef8d393,358.0,337.0,RGBA,ha_22.png,.png
/home/manvith/Desktop/Projects/Tulu Dataset/Tulu-Dtatset-V2/ha/ha_14.png,Tulu-Dtatset-V2,ha,train,d60ea44782136f1bf1220f600bb5a247e0352e7be81886d41c5958651c97650e,368.0,333.0,RGBA,ha_14.png,.png
/home/manvith/Desktop/Projects/Tulu Dataset/Tulu-Dtatset-V2/ha/ha_34.png,Tulu-Dtatset-V2,ha,train,bf73bd9ffa12feb757b1b2cd235032f50f27c15f2a9f8ab1fcf2ed5fc325bc2b,358.0,334.0,RGBA,ha_34.png,.png
/home/manvith/Desktop/Projects/Tulu Dataset/Tulu-Dtatset-V2/ha/ha_82.png,Tulu-Dtatset-V2,ha,train,5ba0d3cacff6cfc853f4f40234161b34d6a1ef7a721d88262ce440a6c4fcaa5b,350.0,357.0,RGBA,ha_82.png,.png
/home/manvith/Desktop/Projects/Tulu Dataset/Tulu-Dtatset-V2/ha/ha_18.png,Tulu-Dtatset-V2,ha,train,fefc1c79bead786f40e9cb639f6f6169b208801c461a58b05b5cc75a1c61403d,358.0,337.0,RGBA,ha_18.png,.png
/home/manvith/Desktop/Projects/Tulu Dataset/Tulu-Dtatset-V2/ha/ha_78.png,Tulu-Dtatset-V2,ha,train,113bf0b6040616fa8b30e73253d98e2f5ea1d118de201b127ee668f8f8bbe892,350.0,357.0,RGBA,ha_78.png,.png
/home/manvith/Desktop/Projects/Tulu Dataset/Tulu-Dtatset-V2/ha/ha_67.png,Tulu-Dtatset-V2,ha,train,731cd313df14513a150ad0748075d26da2fb9485c74e5c5f42afe4236c660ca8,352.0,345.0,RGBA,ha_67.png,.png
/home/manvith/Desktop/Projects/Tulu Dataset/Tulu-Dtatset-V2/ha/ha_99.png,Tulu-Dtatset-V2,ha,train,39ecb81e53d433475b6aef1d212225c597a1a018546153b9735f07cc55b66b1b,350.0,357.0,RGBA,ha_99.png,.png
/home/manvith/Desktop/Projects/Tulu Dataset/Tulu-Dtatset-V2/ha/ha_40.png,Tulu-Dtatset-V2,ha,train,4e20df30b2a825d4497086801d29ae6d23fa41257d20b59344ff0a4e36e26d0b,358.0,334.0,RGBA,ha_40.png,.png
/home/manvith/Desktop/Projects/Tulu Dataset/Tulu-Dtatset-V2/ha/ha_81.png,Tulu-Dtatset-V2,ha,train,4a5d5b054c82f40ceb283910a6f03a5f53d084323077580cf7f06aed92674ffe,350.0,357.0,RGBA,ha_81.png,.png
/home/manvith/Desktop/Projects/Tulu Dataset/Tulu-Dtatset-V2/ha/ha_19.png,Tulu-Dtatset-V2,ha,train,a213687eea2028780159693f7461b1810ce4fe9a1a7e0a6c093ee2fe5866e93c,358.0,337.0,RGBA,ha_19.png,.png
/home/manvith/Desktop/Projects/Tulu Dataset/Tulu-Dtatset-V2/ha/ha_86.png,Tulu-Dtatset-V2,ha,train,97598cdf53e7ba68e927d9523fdfb5f5aac663727556b6efef94568665e95c34,350.0,357.0,RGBA,ha_86.png,.png
/home/manvith/Desktop/Projects/Tulu Dataset/Tulu-Dtatset-V2/ha/ha_23.png,Tulu-Dtatset-V2,ha,train,40abf5852a6a0477b6eb66c48cf180dd12534d9d2bd43ae274c4c762cd0b76c1,358.0,337.0,RGBA,ha_23.png,.png
/home/manvith/Desktop/Projects/Tulu Dataset/Tulu-Dtatset-V2/ha/ha_7.png,Tulu-Dtatset-V2,ha,train,488e768163e94cf1573661502c13fea527c868cc5e3b4d0df980f8f9d75ff46e,361.0,341.0,RGBA,ha_7.png,.png
/home/manvith/Desktop/Projects/Tulu Dataset/Tulu-Dtatset-V2/ha/ha_21.png,Tulu-Dtatset-V2,ha,train,8194e48c260c54b06980bceaa3964d0a4a9ed1cdc0722b678d6c3f3722baee92,358.0,337.0,RGBA,ha_21.png,.png
/home/manvith/Desktop/Projects/Tulu Dataset/Tulu-Dtatset-V2/ha/ha_73.png,Tulu-Dtatset-V2,ha,train,1b16ec5c60815ac52aa068b318e8814a14da7e842b73b6a4f03e79e0fc54416b,350.0,357.0,RGBA,ha_73.png,.png
/home/manvith/Desktop/Projects/Tulu Dataset/Tulu-Dtatset-V2/ha/ha_90.png,Tulu-Dtatset-V2,ha,train,399af97e435a74efe5a63297ce128da9ea8a9995c980ddbb278b7b1aa14acb15,350.0,357.0,RGBA,ha_90.png,.png
/home/manvith/Desktop/Projects/Tulu Dataset/Tulu-Dtatset-V2/ha/ha_65.png,Tulu-Dtatset-V2,ha,train,7659f9962b8361ddeeb4ac57e5251d0bb53675572980fa7996b73d5d7275f408,352.0,345.0,RGBA,ha_65.png,.png
/home/manvith/Desktop/Projects/Tulu Dataset/Tulu-Dtatset-V2/ha/ha_15.png,Tulu-Dtatset-V2,ha,train,48566e2d44fdfb1c28b20c046b7d5f5eaba13c265d82368e21cfa0db1f563e95,357.0,346.0,RGBA,ha_15.png,.png
/home/manvith/Desktop/Projects/Tulu Dataset/Tulu-Dtatset-V2/ha/ha_39.png,Tulu-Dtatset-V2,ha,train,7c53cb1c91f986d62ef516904b8d5c0cc2b43d8b6f463c6b2dfb12e7d13583d0,358.0,334.0,RGBA,ha_39.png,.png
/home/manvith/Desktop/Projects/Tulu Dataset/Tulu-Dtatset-V2/ha/ha_25.png,Tulu-Dtatset-V2,ha,train,f26bba00d93e01f2052139b6a5078a3a61f955049e214bbd6134ff96f4aeedf8,358.0,337.0,RGBA,ha_25.png,.png
/home/manvith/Desktop/Projects/Tulu Dataset/Tulu-Dtatset-V2/ha/ha_8.png,Tulu-Dtatset-V2,ha,train,1c1bc96adff8f4b406a06bbaa0dff517e406d4b94f6129668f0d52dd0669afa0,351.0,342.0,RGBA,ha_8.png,.png
/home/manvith/Desktop/Projects/Tulu Dataset/Tulu-Dtatset-V2/ha/ha_32.png,Tulu-Dtatset-V2,ha,train,ddc269807d0fc1fbae159c1dd6d9aa7e06afe8186e73aaeedc9c7fb7bd83a4d4,358.0,334.0,RGBA,ha_32.png,.png
/home/manvith/Desktop/Projects/Tulu Dataset/Tulu-Dtatset-V2/i/i_80.png,Tulu-Dtatset-V2,i,train,04b7aee22a148361eee8f8e20718ead8be28a727a45da031332ec3fa40428772,359.0,347.0,RGBA,i_80.png,.png
/home/manvith/Desktop/Projects/Tulu Dataset/Tulu-Dtatset-V2/i/i_64.png,Tulu-Dtatset-V2,i,train,5ee0a7e5d7abb450afc993559109a00a7c0fc0ba41674f430b0d46a2d6d04cde,356.0,347.0,RGBA,i_64.png,.png
/home/manvith/Desktop/Projects/Tulu Dataset/Tulu-Dtatset-V2/i/i_77.png,Tulu-Dtatset-V2,i,train,5630363d0772c384ea9976c3fe83af5db4b15a14bd0bd7d497a22a5883494488,359.0,347.0,RGBA,i_77.png,.png
/home/manvith/Desktop/Projects/Tulu Dataset/Tulu-Dtatset-V2/i/i_33.png,Tulu-Dtatset-V2,i,train,5ab2116f61d1de500c53d1f8626a0408e0dfb76f502c34d5af884a4696a93a79,365.0,346.0,RGBA,i_33.png,.png
/home/manvith/Desktop/Projects/Tulu Dataset/Tulu-Dtatset-V2/i/i_9.png,Tulu-Dtatset-V2,i,train,325895a2e39484ae65237075007325cc013a21a6891c67282135e66632fbdbb5,356.0,342.0,RGBA,i_9.png,.png
/home/manvith/Desktop/Projects/Tulu Dataset/Tulu-Dtatset-V2/i/i_95.png,Tulu-Dtatset-V2,i,train,3d7f23303d0c5366cba519e0dd2d0b72b354c5a490cec827f7b5cfe10e8768b0,359.0,347.0,RGBA,i_95.png,.png
/home/manvith/Desktop/Projects/Tulu Dataset/Tulu-Dtatset-V2/i/i_34.png,Tulu-Dtatset-V2,i,train,25e1a457fcc42d1977405e3edc954157709874dbb3b932587c5d0aef2de8f73c,365.0,346.0,RGBA,i_34.png,.png
/home/manvith/Desktop/Projects/Tulu Dataset/Tulu-Dtatset-V2/i/i_85.png,Tulu-Dtatset-V2,i,train,95f1762f2efdb12c92f66b605f5e5e2bcd8e873c6d156ec65d8bea68e596f889,359.0,347.0,RGBA,i_85.png,.png
/home/manvith/Desktop/Projects/Tulu Dataset/Tulu-Dtatset-V2/i/i_62.png,Tulu-Dtatset-V2,i,train,d7d0b6a7da4c0f9d3d4c8c87f69fa4b1e1fd8dc15828a579232aa7ec97deb43f,356.0,347.0,RGBA,i_62.png,.png
/home/manvith/Desktop/Projects/Tulu Dataset/Tulu-Dtatset-V2/i/i_40.png,Tulu-Dtatset-V2,i,train,edd16c9cb5553ea6d6aa59d7b627f8b4e705f686917681696d63f9ff6d867e30,365.0,346.0,RGBA,i_40.png,.png
/home/manvith/Desktop/Projects/Tulu Dataset/Tulu-Dtatset-V2/i/i_22.png,Tulu-Dtatset-V2,i,train,265c09b2c4adbf07a3a6723247b60c5e615d2cd103d975dd3081f372c4e9097e,365.0,346.0,RGBA,i_22.png,.png
/home/manvith/Desktop/Projects/Tulu Dataset/Tulu-Dtatset-V2/i/i_41.png,Tulu-Dtatset-V2,i,train,7dbdba155eb105d54624af689c1581577ede68eb757507f87f225590d885dc5a,365.0,346.0,RGBA,i_41.png,.png
/home/manvith/Desktop/Projects/Tulu Dataset/Tulu-Dtatset-V2/i/i_15.png,Tulu-Dtatset-V2,i,train,a1fa9438024bbbf01951a09daa690c8ec4cad3b1478930bb3e53416c045105ba,369.0,357.0,RGBA,i_15.png,.png
/home/manvith/Desktop/Projects/Tulu Dataset/Tulu-Dtatset-V2/i/i_37.png,Tulu-Dtatset-V2,i,train,77f712838310395e4e1902a7a4f73fa8c457660bcf8b37e09b1559c722fdcf07,365.0,346.0,RGBA,i_37.png,.png
/home/manvith/Desktop/Projects/Tulu Dataset/Tulu-Dtatset-V2/i/i_76.png,Tulu-Dtatset-V2,i,train,9eb770899cef7d58ef6039888a28fc8fa766e2d2c37d48f0287a973de09fbe43,359.0,347.0,RGBA,i_76.png,.png
/home/manvith/Desktop/Projects/Tulu Dataset/Tulu-Dtatset-V2/i/i_66.png,Tulu-Dtatset-V2,i,train,8c81ddc33e1be238172406ef439acd90330b3495efa0f29a51b210deedf5e771,356.0,347.0,RGBA,i_66.png,.png
/home/manvith/Desktop/Projects/Tulu Dataset/Tulu-Dtatset-V2/i/i_21.png,Tulu-Dtatset-V2,i,train,ccacc24990b9154190a358b5c6383d1e8efd99b0884d8a784221f61cda1a67ac,365.0,346.0,RGBA,i_21.png,.png
/home/manvith/Desktop/Projects/Tulu Dataset/Tulu-Dtatset-V2/i/i_44.png,Tulu-Dtatset-V2,i,train,ddbffb494de293e9144214e36e2320fdaa2d1ff1bdaf5fe382b2cd57d5aeb5c4,365.0,346.0,RGBA,i_44.png,.png
/home/manvith/Desktop/Projects/Tulu Dataset/Tulu-Dtatset-V2/i/i_68.png,Tulu-Dtatset-V2,i,train,502ed870679617e47c270fbaa8e1f328acbb4fc9cd0e09fe0e4c8f87651886da,356.0,347.0,RGBA,i_68.png,.png
/home/manvith/Desktop/Projects/Tulu Dataset/Tulu-Dtatset-V2/i/i_32.png,Tulu-Dtatset-V2,i,train,bda9e3b648a55a664225c09368751b2319bc3e4f6c8b769ee5acda499fa9e439,365.0,346.0,RGBA,i_32.png,.png
/home/manvith/Desktop/Projects/Tulu Dataset/Tulu-Dtatset-V2/i/i_11.png,Tulu-Dtatset-V2,i,train,0c834c6ef6f12c0f66dd85a70bdf46f14821c555879e3e4003c7d3e11aa3bcb9,360.0,344.0,RGBA,i_11.png,.png
/home/manvith/Desktop/Projects/Tulu Dataset/Tulu-Dtatset-V2/i/i_74.png,Tulu-Dtatset-V2,i,train,e9e0f148e1a3468fcf2d1a14d9aad9e8f34d102d5c58604ef55ff28f97f8cd60,359.0,347.0,RGBA,i_74.png,.png
/home/manvith/Desktop/Projects/Tulu Dataset/Tulu-Dtatset-V2/i/i_87.png,Tulu-Dtatset-V2,i,train,944c4521e52dc2b0feec4ea61108751906d8414c9d7d266356ea896569ffd6fc,359.0,347.0,RGBA,i_87.png,.png
/home/manvith/Desktop/Projects/Tulu Dataset/Tulu-Dtatset-V2/i/i_55.png,Tulu-Dtatset-V2,i,train,a2274f9968fd2fae9ac778d7c09471ef5d9610acf0bb30a56d49635a11b6e72b,356.0,347.0,RGBA,i_55.png,.png
/home/manvith/Desktop/Projects/Tulu Dataset/Tulu-Dtatset-V2/i/i_10.png,Tulu-Dtatset-V2,i,train,ed463c280d02fbb346f0fcb4c68bccc13d371b08e42e693e40b8b66129943308,359.0,347.0,RGBA,i_10.png,.png
/home/manvith/Desktop/Projects/Tulu Dataset/Tulu-Dtatset-V2/i/i_39.png,Tulu-Dtatset-V2,i,train,d7adc14df735f5313b7049f17a3ab426b152834685e935c6073889d40de398a0,365.0,346.0,RGBA,i_39.png,.png
/home/manvith/Desktop/Projects/Tulu Dataset/Tulu-Dtatset-V2/i/i_52.png,Tulu-Dtatset-V2,i,train,bcf70aa1081109207764665312f1e3bfba345c0e6a9afb2a9ba8245a13070f0f,356.0,347.0,RGBA,i_52.png,.png
/home/manvith/Desktop/Projects/Tulu Dataset/Tulu-Dtatset-V2/i/i_17.png,Tulu-Dtatset-V2,i,train,2e665380dfdb1702b58746dfd4f2a178b3c0637fd9406f2fbf9e94c8607197f6,365.0,346.0,RGBA,i_17.png,.png
/home/manvith/Desktop/Projects/Tulu Dataset/Tulu-Dtatset-V2/i/i_14.png,Tulu-Dtatset-V2,i,train,f92878ab17d2c1b4e6e49151c2351afed41aaa5c6073f1784016ac647784412f,360.0,356.0,RGBA,i_14.png,.png
/home/manvith/Desktop/Projects/Tulu Dataset/Tulu-Dtatset-V2/i/i_97.png,Tulu-Dtatset-V2,i,train,3b0d548afdfd5dbc8868992526cdb5c140275edb68078bd0efae4e0fe7da215f,359.0,347.0,RGBA,i_97.png,.png
/home/manvith/Desktop/Projects/Tulu Dataset/Tulu-Dtatset-V2/i/i_30.png,Tulu-Dtatset-V2,i,train,46a193318ef20bae8806081d1efb39d496bb6372e52b8e5131b8f07558c4767e,365.0,346.0,RGBA,i_30.png,.png
/home/manvith/Desktop/Projects/Tulu Dataset/Tulu-Dtatset-V2/i/i_43.png,Tulu-Dtatset-V2,i,train,0b6a4489d388ec04d15ab0d88cf601caf0acf52f3cd7092522181aee52ad8b52,365.0,346.0,RGBA,i_43.png,.png
/home/manvith/Desktop/Projects/Tulu Dataset/Tulu-Dtatset-V2/i/i_23.png,Tulu-Dtatset-V2,i,train,076ff864fb6ff328e1692b2870b4f0d630784a2d7b8dacc927f108cd7c539722,365.0,346.0,RGBA,i_23.png,.png
/home/manvith/Desktop/Projects/Tulu Dataset/Tulu-Dtatset-V2/i/i_54.png,Tulu-Dtatset-V2,i,train,aa9f99da46a4c334f68134ff9f988369cdc1692d23351c2fa01fc0d1ec091937,356.0,347.0,RGBA,i_54.png,.png
/home/manvith/Desktop/Projects/Tulu Dataset/Tulu-Dtatset-V2/i/i_31.png,Tulu-Dtatset-V2,i,train,b8fcfed150d09b9766f4533c11bcf90f479225912dd9b1163225c255e68c2d2b,365.0,346.0,RGBA,i_31.png,.png
/home/manvith/Desktop/Projects/Tulu Dataset/Tulu-Dtatset-V2/i/i_73.png,Tulu-Dtatset-V2,i,train,13568538af58d886542fe7adcd783792bfbafc252ccf8a91b2f180742062d4ad,359.0,347.0,RGBA,i_73.png,.png
/home/manvith/Desktop/Projects/Tulu Dataset/Tulu-Dtatset-V2/i/i_26.png,Tulu-Dtatset-V2,i,train,bb96a5ae86ae9ad0f80630226e7a67c458fdff62f9b04b8f672cf1ab9da03de4,365.0,346.0,RGBA,i_26.png,.png
/home/manvith/Desktop/Projects/Tulu Dataset/Tulu-Dtatset-V2/i/i_27.png,Tulu-Dtatset-V2,i,train,4442185da87ecac422ef2fe9863891d330679d4e496caec9a307897076c9dc37,365.0,346.0,RGBA,i_27.png,.png
/home/manvith/Desktop/Projects/Tulu Dataset/Tulu-Dtatset-V2/i/i_96.png,Tulu-Dtatset-V2,i,train,bfeb17d1bae951fb3df062be63d0fd90b92b7ddce7a092212304f5febd4b2ca6,359.0,347.0,RGBA,i_96.png,.png
/home/manvith/Desktop/Projects/Tulu Dataset/Tulu-Dtatset-V2/i/i_60.png,Tulu-Dtatset-V2,i,train,72dc7999e5fbe326e86c274d4cd1e561511e97b595f9d5fc88aea6641d94c18f,356.0,347.0,RGBA,i_60.png,.png
/home/manvith/Desktop/Projects/Tulu Dataset/Tulu-Dtatset-V2/i/i_59.png,Tulu-Dtatset-V2,i,train,5c046016cc5995b848b722495686f8db8485b6866b05f6b4d55e60d0e7877513,356.0,347.0,RGBA,i_59.png,.png
/home/manvith/Desktop/Projects/Tulu Dataset/Tulu-Dtatset-V2/i/i_2.png,Tulu-Dtatset-V2,i,train,30cf7a0f5cc00cdc5731e377c722fee6f138b9ffe08e1eb8b509ec2e95ab9621,357.0,355.0,RGBA,i_2.png,.png
/home/manvith/Desktop/Projects/Tulu Dataset/Tulu-Dtatset-V2/i/i_98.png,Tulu-Dtatset-V2,i,train,a86edd89338753726784315cdb240a5749c2b0bad5735193f37dc7aa4c176526,359.0,347.0,RGBA,i_98.png,.png
/home/manvith/Desktop/Projects/Tulu Dataset/Tulu-Dtatset-V2/i/i_65.png,Tulu-Dtatset-V2,i,train,1f972ad7ba44934a74f150c71b142f238c29655448492c365335607e3d727c2e,356.0,347.0,RGBA,i_65.png,.png
/home/manvith/Desktop/Projects/Tulu Dataset/Tulu-Dtatset-V2/i/i_61.png,Tulu-Dtatset-V2,i,train,66397ced917a36446506d1488d83696ef158e53d30bc5e5f4c03caac5e3d445f,356.0,347.0,RGBA,i_61.png,.png
/home/manvith/Desktop/Projects/Tulu Dataset/Tulu-Dtatset-V2/i/i_82.png,Tulu-Dtatset-V2,i,train,fc516d3dbb21bb0479792d872b5aa2977cd6f6a832b9d0174146e09047f26657,359.0,347.0,RGBA,i_82.png,.png
/home/manvith/Desktop/Projects/Tulu Dataset/Tulu-Dtatset-V2/i/i_12.png,Tulu-Dtatset-V2,i,train,1b7b127ef8fd2d093461e561947f45935caca27a4089bffcbcc3050f6b52d051,371.0,355.0,RGBA,i_12.png,.png
/home/manvith/Desktop/Projects/Tulu Dataset/Tulu-Dtatset-V2/i/i_70.png,Tulu-Dtatset-V2,i,train,5725bca3b16cfefc2e3e6af3776fd4766517e330b9ddb25eabc46ffd92d20cbf,356.0,347.0,RGBA,i_70.png,.png
/home/manvith/Desktop/Projects/Tulu Dataset/Tulu-Dtatset-V2/i/i_6.png,Tulu-Dtatset-V2,i,train,0419875704d1e746344a65ca64fc1a84b70b9d27e28f7520f6b33bf262fde90e,358.0,349.0,RGBA,i_6.png,.png
/home/manvith/Desktop/Projects/Tulu Dataset/Tulu-Dtatset-V2/i/i_45.png,Tulu-Dtatset-V2,i,train,4278eee417c3c7b71793be0c35df794451925c3103fd1a224f9b5cd4b320bf03,365.0,346.0,RGBA,i_45.png,.png
/home/manvith/Desktop/Projects/Tulu Dataset/Tulu-Dtatset-V2/i/i_69.png,Tulu-Dtatset-V2,i,train,b457b7585ddb253fb467e6775736876cd39810fd443b5d8f8670c97d925a7ede,356.0,347.0,RGBA,i_69.png,.png
/home/manvith/Desktop/Projects/Tulu Dataset/Tulu-Dtatset-V2/i/i_83.png,Tulu-Dtatset-V2,i,train,b0e9154a9b51889af9cb969914e2be9d483d8e70c938df14b405c764a654d0eb,359.0,347.0,RGBA,i_83.png,.png
/home/manvith/Desktop/Projects/Tulu Dataset/Tulu-Dtatset-V2/i/i_35.png,Tulu-Dtatset-V2,i,train,10de02a437d57ac07ee63f64bfacd171c46bcced1e836e1b41313e0f1c23d304,365.0,346.0,RGBA,i_35.png,.png
/home/manvith/Desktop/Projects/Tulu Dataset/Tulu-Dtatset-V2/i/i_48.png,Tulu-Dtatset-V2,i,train,6e62a1b5b5adbd1fac2b59a15c9408ca6404ae291ad00627a28f352ad6ec1b8d,365.0,346.0,RGBA,i_48.png,.png
/home/manvith/Desktop/Projects/Tulu Dataset/Tulu-Dtatset-V2/i/i_99.png,Tulu-Dtatset-V2,i,train,6d8df70460fe2a6df9d081fcd8878b11fe2c7856514bb235d9795eba57e6e4cb,359.0,347.0,RGBA,i_99.png,.png
/home/manvith/Desktop/Projects/Tulu Dataset/Tulu-Dtatset-V2/i/i_90.png,Tulu-Dtatset-V2,i,train,6a5db70595530ab359f12df64711ed87da4bb0292ca7527f0cb0c1fd817fb6ab,359.0,347.0,RGBA,i_90.png,.png
/home/manvith/Desktop/Projects/Tulu Dataset/Tulu-Dtatset-V2/i/i_19.png,Tulu-Dtatset-V2,i,train,3cb651ddd735b5756a3877ef582daaed03c6758b82f6c695ab4fa069e837dcf8,365.0,346.0,RGBA,i_19.png,.png
/home/manvith/Desktop/Projects/Tulu Dataset/Tulu-Dtatset-V2/i/i_46.png,Tulu-Dtatset-V2,i,train,dcad8b727d85bd00a35e3de6388bf1d7843eeefc3c641209c700942bbdbf43d5,365.0,346.0,RGBA,i_46.png,.png
/home/manvith/Desktop/Projects/Tulu Dataset/Tulu-Dtatset-V2/i/i_56.png,Tulu-Dtatset-V2,i,train,133a521757b5177a7456c90326ab2b4da0257cd60206fcbe4cefb82add1a361f,356.0,347.0,RGBA,i_56.png,.png
/home/manvith/Desktop/Projects/Tulu Dataset/Tulu-Dtatset-V2/i/i_28.png,Tulu-Dtatset-V2,i,train,dc5298ed84adda6d544e60d1ae830de012e9bd01e39086bfa264d6c7ba68c7e2,365.0,346.0,RGBA,i_28.png,.png
/home/manvith/Desktop/Projects/Tulu Dataset/Tulu-Dtatset-V2/i/i_4.png,Tulu-Dtatset-V2,i,train,5196c5df178828c7e7827c00868ab759e0812acf199c05a50624acdf31ca487d,367.0,357.0,RGBA,i_4.png,.png
/home/manvith/Desktop/Projects/Tulu Dataset/Tulu-Dtatset-V2/i/i_29.png,Tulu-Dtatset-V2,i,train,cef01c4941dba6547aa42e791944c31a86e325f61f3830b6982a5494ca0c8c9a,365.0,346.0,RGBA,i_29.png,.png
/home/manvith/Desktop/Projects/Tulu Dataset/Tulu-Dtatset-V2/i/i_94.png,Tulu-Dtatset-V2,i,train,7cf62cf91ea81926ba7c88966191c4aebc9c69927661d6965c5cd96de366ee6b,359.0,347.0,RGBA,i_94.png,.png
/home/manvith/Desktop/Projects/Tulu Dataset/Tulu-Dtatset-V2/i/i_24.png,Tulu-Dtatset-V2,i,train,9b0022e684b2afa084026de2c9027cdc8a868446303c1c59a835bef2f1d6666f,365.0,346.0,RGBA,i_24.png,.png
/home/manvith/Desktop/Projects/Tulu Dataset/Tulu-Dtatset-V2/i/i_47.png,Tulu-Dtatset-V2,i,train,21e82e768e9a33503daa96133d86ab64a557b9d66f55592d5b5f5f41c2c561f7,365.0,346.0,RGBA,i_47.png,.png
/home/manvith/Desktop/Projects/Tulu Dataset/Tulu-Dtatset-V2/i/i_20.png,Tulu-Dtatset-V2,i,train,b2867f3d6d54a2dbef04f535fada5eb003b8d6d10267544b5fe861afa7dd511c,365.0,346.0,RGBA,i_20.png,.png
/home/manvith/Desktop/Projects/Tulu Dataset/Tulu-Dtatset-V2/i/i_92.png,Tulu-Dtatset-V2,i,train,a3fa17dd8a252ed036dc35f1a00e982d20c7d6cfa0b651e254227267d09c97b1,359.0,347.0,RGBA,i_92.png,.png
/home/manvith/Desktop/Projects/Tulu Dataset/Tulu-Dtatset-V2/i/i_49.png,Tulu-Dtatset-V2,i,train,6eb9ab72e582024b32a506d4ebb86b2bbca4df82e22b73fcce0d35b63da02b46,365.0,346.0,RGBA,i_49.png,.png
/home/manvith/Desktop/Projects/Tulu Dataset/Tulu-Dtatset-V2/i/i_84.png,Tulu-Dtatset-V2,i,train,5c64b85d4cbfa375a8f63b4033ad455c6e1b05d6cd66ac2a2fae55991a3e9e18,359.0,347.0,RGBA,i_84.png,.png
/home/manvith/Desktop/Projects/Tulu Dataset/Tulu-Dtatset-V2/i/i_93.png,Tulu-Dtatset-V2,i,train,cd8fe1d8b20deef11129f9ef663633cdb2c0b7535638a98c4a14aed92d18157a,359.0,347.0,RGBA,i_93.png,.png
/home/manvith/Desktop/Projects/Tulu Dataset/Tulu-Dtatset-V2/i/i_79.png,Tulu-Dtatset-V2,i,train,1de3407b10c0093ae43c25a0840d775772a41ace24538cb1f805567b101af666,359.0,347.0,RGBA,i_79.png,.png
/home/manvith/Desktop/Projects/Tulu Dataset/Tulu-Dtatset-V2/i/i_38.png,Tulu-Dtatset-V2,i,train,f904e964504d087cce41523efbabcc0490c1e3446f57c4a8d28f3fc49b493a48,365.0,346.0,RGBA,i_38.png,.png
/home/manvith/Desktop/Projects/Tulu Dataset/Tulu-Dtatset-V2/i/i_51.png,Tulu-Dtatset-V2,i,train,f1b40b0e1b5f010391f482aec872228b70e9b6cac033efb3018c34feceb981e7,356.0,347.0,RGBA,i_51.png,.png
/home/manvith/Desktop/Projects/Tulu Dataset/Tulu-Dtatset-V2/i/i_78.png,Tulu-Dtatset-V2,i,train,6ff4e3a7179c55754160a30ae80767095995d166e455d61dabe181d23e5dd934,359.0,347.0,RGBA,i_78.png,.png
/home/manvith/Desktop/Projects/Tulu Dataset/Tulu-Dtatset-V2/i/i_13.png,Tulu-Dtatset-V2,i,train,eadf1c6f92a646d0506150a33cf9fa9ebab1366723ead439e0c7959a6867e0bc,353.0,341.0,RGBA,i_13.png,.png
/home/manvith/Desktop/Projects/Tulu Dataset/Tulu-Dtatset-V2/i/i_63.png,Tulu-Dtatset-V2,i,train,f501b802fe2cd719b6b0422a311b57f0bb1f593f8a5733c90316e4329b1a993f,356.0,347.0,RGBA,i_63.png,.png
/home/manvith/Desktop/Projects/Tulu Dataset/Tulu-Dtatset-V2/i/i_53.png,Tulu-Dtatset-V2,i,train,b8b8887bbf0bd9210b563a0cca9e75d9c6ad32856db25db223d854c21a996ed1,356.0,347.0,RGBA,i_53.png,.png
/home/manvith/Desktop/Projects/Tulu Dataset/Tulu-Dtatset-V2/i/i_100.png,Tulu-Dtatset-V2,i,train,02672c16aff7bc22856bde960df0e1b30aadfb3a1f9ab1e346a2da9ac18b990c,359.0,347.0,RGBA,i_100.png,.png
/home/manvith/Desktop/Projects/Tulu Dataset/Tulu-Dtatset-V2/i/i_72.png,Tulu-Dtatset-V2,i,train,d684ef3b21ee1af25486b58d00dda9c4092bcdb6d10f67c552f5e8bf75041ab2,359.0,347.0,RGBA,i_72.png,.png
/home/manvith/Desktop/Projects/Tulu Dataset/Tulu-Dtatset-V2/i/i_81.png,Tulu-Dtatset-V2,i,train,94ebac8e17b96b1cd4c3fcc2e4c98002a90ff1b44ebd2969c83372ab84ccfaa2,359.0,347.0,RGBA,i_81.png,.png
/home/manvith/Desktop/Projects/Tulu Dataset/Tulu-Dtatset-V2/ja/ja_92.png,Tulu-Dtatset-V2,ja,train,6cc613dbe22bcd959a6399e8c8ed7e98442364f0e9f3152090b1b7a449ca21bb,365.0,347.0,RGBA,ja_92.png,.png
/home/manvith/Desktop/Projects/Tulu Dataset/Tulu-Dtatset-V2/ja/ja_83.png,Tulu-Dtatset-V2,ja,train,ccb0bf536bdffaaacc8d70feef92fcd4450986bd6f90ef595e54b1441e718cfe,365.0,347.0,RGBA,ja_83.png,.png
/home/manvith/Desktop/Projects/Tulu Dataset/Tulu-Dtatset-V2/ja/ja_40.png,Tulu-Dtatset-V2,ja,train,852ac9681e72511dea67f95c2e71c47faa424427d66313be49a706012239eb04,365.0,347.0,RGBA,ja_40.png,.png
/home/manvith/Desktop/Projects/Tulu Dataset/Tulu-Dtatset-V2/ja/ja_39.png,Tulu-Dtatset-V2,ja,train,aa7bd6a7fd65974ab5e62be82b5054fb4040098dddd6b0555075902cc13094a0,365.0,347.0,RGBA,ja_39.png,.png
/home/manvith/Desktop/Projects/Tulu Dataset/Tulu-Dtatset-V2/ja/ja_96.png,Tulu-Dtatset-V2,ja,train,b28805bdce6d41e6dd15f3f3ac3339bf0eb9efcd2908d402de8c20cee76469e1,365.0,347.0,RGBA,ja_96.png,.png
/home/manvith/Desktop/Projects/Tulu Dataset/Tulu-Dtatset-V2/ja/ja_91.png,Tulu-Dtatset-V2,ja,train,35307465ac04bc4f5fd26a32c0772da6068bc92252e19745f105c9fa473e63c5,365.0,347.0,RGBA,ja_91.png,.png
/home/manvith/Desktop/Projects/Tulu Dataset/Tulu-Dtatset-V2/ja/ja_1.png,Tulu-Dtatset-V2,ja,train,fec311cfb30c26e16919149fcb4049d1aa52329b3aa316af659551aa1dc6e5bd,367.0,348.0,RGBA,ja_1.png,.png
/home/manvith/Desktop/Projects/Tulu Dataset/Tulu-Dtatset-V2/ja/ja_82.png,Tulu-Dtatset-V2,ja,train,997b2aa2ac0aed280934a1e71378d0f04e6be51b11e861a5b700aedb817fbe54,365.0,347.0,RGBA,ja_82.png,.png
/home/manvith/Desktop/Projects/Tulu Dataset/Tulu-Dtatset-V2/ja/ja_93.png,Tulu-Dtatset-V2,ja,train,23763c511ef97c469eb2916430bcad17afa3d57e40238c688f1cae62886f4952,365.0,347.0,RGBA,ja_93.png,.png
/home/manvith/Desktop/Projects/Tulu Dataset/Tulu-Dtatset-V2/ja/ja_48.png,Tulu-Dtatset-V2,ja,train,0ea18b65b77e8f0e6c202439d23ac7546a5bf0a7b6e67b5ac8e676b3e21fb64a,365.0,347.0,RGBA,ja_48.png,.png
/home/manvith/Desktop/Projects/Tulu Dataset/Tulu-Dtatset-V2/ja/ja_33.png,Tulu-Dtatset-V2,ja,train,b833f7afc8c3735fd92df9caca112e946ab247062e365bde7ce89b146fb9d485,365.0,347.0,RGBA,ja_33.png,.png
/home/manvith/Desktop/Projects/Tulu Dataset/Tulu-Dtatset-V2/ja/ja_20.png,Tulu-Dtatset-V2,ja,train,30ad746caefd1f05c75b1215b793d2652cbd3832092aa5d75fc0a7c01d2ae947,363.0,346.0,RGBA,ja_20.png,.png
/home/manvith/Desktop/Projects/Tulu Dataset/Tulu-Dtatset-V2/ja/ja_67.png,Tulu-Dtatset-V2,ja,train,eca49f809ec5a55302f878cac435c3e5b1e5cd4407e419de3516a8a8bcfc2c2a,367.0,348.0,RGBA,ja_67.png,.png
/home/manvith/Desktop/Projects/Tulu Dataset/Tulu-Dtatset-V2/ja/ja_36.png,Tulu-Dtatset-V2,ja,train,2c0d679346ac8de2fad4ba9613133b09eb80c66181cdf24906d1dbbcbfa0ee8a,365.0,347.0,RGBA,ja_36.png,.png
/home/manvith/Desktop/Projects/Tulu Dataset/Tulu-Dtatset-V2/ja/ja_78.png,Tulu-Dtatset-V2,ja,train,681dfa210d8f83c701ede15907f675fe08d72673d709e42440ea18aa844b6655,365.0,347.0,RGBA,ja_78.png,.png
/home/manvith/Desktop/Projects/Tulu Dataset/Tulu-Dtatset-V2/ja/ja_73.png,Tulu-Dtatset-V2,ja,train,bd640a9ba0d4416b272d4ea7c1901f14bb53455424ddc69f90eb4f8eec66bad7,365.0,347.0,RGBA,ja_73.png,.png
/home/manvith/Desktop/Projects/Tulu Dataset/Tulu-Dtatset-V2/ja/ja_62.png,Tulu-Dtatset-V2,ja,train,9040c3d7a829d6bfe2132104c29cef00f854bfd9eb91eebb32a8049418f8eba5,367.0,348.0,RGBA,ja_62.png,.png
/home/manvith/Desktop/Projects/Tulu Dataset/Tulu-Dtatset-V2/ja/ja_95.png,Tulu-Dtatset-V2,ja,train,fecb0a6c3c90c9cfe537fdd27f347aaa8aef09422d0c540ef414d77d2995b65b,365.0,347.0,RGBA,ja_95.png,.png
/home/manvith/Desktop/Projects/Tulu Dataset/Tulu-Dtatset-V2/ja/ja_34.png,Tulu-Dtatset-V2,ja,train,4cf7bc459d2d81860bef552d043410823c3741a530eb58a76c1486e36685d5cd,365.0,347.0,RGBA,ja_34.png,.png
/home/manvith/Desktop/Projects/Tulu Dataset/Tulu-Dtatset-V2/ja/ja_88.png,Tulu-Dtatset-V2,ja,train,b59ed44e804ed0fb152e6c2562da408ee192b7510633796da65f52a40ca2f8ea,365.0,347.0,RGBA,ja_88.png,.png
/home/manvith/Desktop/Projects/Tulu Dataset/Tulu-Dtatset-V2/ja/ja_84.png,Tulu-Dtatset-V2,ja,train,f7e836c87217215d44e025a2b45c5cd2fff2590c15431cb30b4187fa38dc79ff,365.0,347.0,RGBA,ja_84.png,.png
/home/manvith/Desktop/Projects/Tulu Dataset/Tulu-Dtatset-V2/ja/ja_22.png,Tulu-Dtatset-V2,ja,train,bb6f873c357e705d59f5ba033051b749fc9f50cf86e3e418dcd178c73a7bd27f,363.0,346.0,RGBA,ja_22.png,.png
/home/manvith/Desktop/Projects/Tulu Dataset/Tulu-Dtatset-V2/ja/ja_63.png,Tulu-Dtatset-V2,ja,train,49610bc4b03bc096531511d3172769f2c5267741b281230ce5464ace4b7c38c5,367.0,348.0,RGBA,ja_63.png,.png
/home/manvith/Desktop/Projects/Tulu Dataset/Tulu-Dtatset-V2/ja/ja_55.png,Tulu-Dtatset-V2,ja,train,ada1ee6fd38bd488caf0f2002713185178992961bd885aca41bfe18c205df9e7,367.0,348.0,RGBA,ja_55.png,.png
/home/manvith/Desktop/Projects/Tulu Dataset/Tulu-Dtatset-V2/ja/ja_74.png,Tulu-Dtatset-V2,ja,train,9c03d98c1a163ef01f8620210307853eae6abaca6686cc6dc5fb1f90f8996e74,365.0,347.0,RGBA,ja_74.png,.png
/home/manvith/Desktop/Projects/Tulu Dataset/Tulu-Dtatset-V2/ja/ja_76.png,Tulu-Dtatset-V2,ja,train,f8ee3dbb5e8164c845fe2dd949a53a5f775948bbc08a913c64cb82569a170a36,365.0,347.0,RGBA,ja_76.png,.png
/home/manvith/Desktop/Projects/Tulu Dataset/Tulu-Dtatset-V2/ja/ja_99.png,Tulu-Dtatset-V2,ja,train,2cecad2b561c1e4e51873aedb3ce8153dcfb7a411b474ba0b197f486979a6ef4,365.0,347.0,RGBA,ja_99.png,.png
/home/manvith/Desktop/Projects/Tulu Dataset/Tulu-Dtatset-V2/ja/ja_3.png,Tulu-Dtatset-V2,ja,train,4f13acf060bbb131ed4a89fefac64f251ff3d8339e7ab9648adb2962215f2362,365.0,347.0,RGBA,ja_3.png,.png
/home/manvith/Desktop/Projects/Tulu Dataset/Tulu-Dtatset-V2/ja/ja_85.png,Tulu-Dtatset-V2,ja,train,e04f0d81aaf4d6180e59ad77d712ebc464b33ebf0f617f8664f1547951719f82,365.0,347.0,RGBA,ja_85.png,.png
/home/manvith/Desktop/Projects/Tulu Dataset/Tulu-Dtatset-V2/ja/ja_27.png,Tulu-Dtatset-V2,ja,train,2ee27bd9d414e05394cca167bb4483bce49f689e4f13354e3602bb518c426d9e,363.0,346.0,RGBA,ja_27.png,.png
/home/manvith/Desktop/Projects/Tulu Dataset/Tulu-Dtatset-V2/ja/ja_15.png,Tulu-Dtatset-V2,ja,train,d4d44b6aa4ddc92548d83daca330eff7123847572d82d7fe6d0709dc5ac3c466,360.0,345.0,RGBA,ja_15.png,.png
/home/manvith/Desktop/Projects/Tulu Dataset/Tulu-Dtatset-V2/ja/ja_57.png,Tulu-Dtatset-V2,ja,train,7d75b03d568b39d311f2ccb0a429309e79cbf0cfeb73139330fc17878019fbaf,367.0,348.0,RGBA,ja_57.png,.png
/home/manvith/Desktop/Projects/Tulu Dataset/Tulu-Dtatset-V2/ja/ja_54.png,Tulu-Dtatset-V2,ja,train,68e43be42e7116373c265b07a3481d12b4bc41b8b717e9e7a6d9cc6a749cbbd7,367.0,348.0,RGBA,ja_54.png,.png
/home/manvith/Desktop/Projects/Tulu Dataset/Tulu-Dtatset-V2/ja/ja_70.png,Tulu-Dtatset-V2,ja,train,be002e8b513e7cb4cbc96022fdd4bdd766f9812e3baa755442612c3bb06f2e19,367.0,348.0,RGBA,ja_70.png,.png
/home/manvith/Desktop/Projects/Tulu Dataset/Tulu-Dtatset-V2/ja/ja_46.png,Tulu-Dtatset-V2,ja,train,2e7853709637f90011751def73abd66e05dffe5d05e6063602bf4ef84f31f348,365.0,347.0,RGBA,ja_46.png,.png
/home/manvith/Desktop/Projects/Tulu Dataset/Tulu-Dtatset-V2/ja/ja_66.png,Tulu-Dtatset-V2,ja,train,d7c2643e27f381b3653b745811a15239be8edc3568baf7945e71c8d40b9aa20c,367.0,348.0,RGBA,ja_66.png,.png
/home/manvith/Desktop/Projects/Tulu Dataset/Tulu-Dtatset-V2/ja/ja_52.png,Tulu-Dtatset-V2,ja,train,4cd12542d7531b99dacce6084c8af328317e7da1af3a707e7fceb43c6d62ef9c,367.0,348.0,RGBA,ja_52.png,.png
/home/manvith/Desktop/Projects/Tulu Dataset/Tulu-Dtatset-V2/ja/ja_38.png,Tulu-Dtatset-V2,ja,train,39af684bf2569513837ff6260ed51ffff987f489e539ca9277cf6ff1ed2233e1,365.0,347.0,RGBA,ja_38.png,.png
/home/manvith/Desktop/Projects/Tulu Dataset/Tulu-Dtatset-V2/ja/ja_2.png,Tulu-Dtatset-V2,ja,train,106e24e78af4d4a390ecf2cd9e7770a4cf6923fb38e0d97cebb8908a34f3eddd,355.0,347.0,RGBA,ja_2.png,.png
/home/manvith/Desktop/Projects/Tulu Dataset/Tulu-Dtatset-V2/ja/ja_10.png,Tulu-Dtatset-V2,ja,train,71092272160d572053e1864545a257169db4d9a915ac46236ef4bef55c5f892a,363.0,346.0,RGBA,ja_10.png,.png
/home/manvith/Desktop/Projects/Tulu Dataset/Tulu-Dtatset-V2/ja/ja_9.png,Tulu-Dtatset-V2,ja,train,013f4bf995ecf4832565d5796cfebb86ca567cc941dc2ed0f0b04dce3fdd827c,367.0,345.0,RGBA,ja_9.png,.png
/home/manvith/Desktop/Projects/Tulu Dataset/Tulu-Dtatset-V2/ja/ja_23.png,Tulu-Dtatset-V2,ja,train,09299bdaa07d32640e9ccfce4dcf3340b999d9e78f7cea086e7d48791ed7cfd8,363.0,346.0,RGBA,ja_23.png,.png
/home/manvith/Desktop/Projects/Tulu Dataset/Tulu-Dtatset-V2/ja/ja_25.png,Tulu-Dtatset-V2,ja,train,fde5badcb10aa36a1f584dc36e2614ebac41340cdd3ad3ee1d79ec9acd6226ea,363.0,346.0,RGBA,ja_25.png,.png
/home/manvith/Desktop/Projects/Tulu Dataset/Tulu-Dtatset-V2/ja/ja_94.png,Tulu-Dtatset-V2,ja,train,bc40bc9e5af62c6a8ba3ec50f4739d8a3d8f816e660cc806afd56c7db3af2dce,365.0,347.0,RGBA,ja_94.png,.png
/home/manvith/Desktop/Projects/Tulu Dataset/Tulu-Dtatset-V2/ja/ja_75.png,Tulu-Dtatset-V2,ja,train,c511fc53de3d80fe89065c7c4eb277461db2047a1af78f5bf8591350b0f891ea,365.0,347.0,RGBA,ja_75.png,.png
/home/manvith/Desktop/Projects/Tulu Dataset/Tulu-Dtatset-V2/ja/ja_32.png,Tulu-Dtatset-V2,ja,train,26b833f7fe70b082caa8f1a44a2faef9da03937f92059bc3d074e45b36c0acd6,365.0,347.0,RGBA,ja_32.png,.png
/home/manvith/Desktop/Projects/Tulu Dataset/Tulu-Dtatset-V2/ja/ja_58.png,Tulu-Dtatset-V2,ja,train,878b9e63d787a28c5ca596c79efc0b4d745b7dee273e7b18e0b542235bdbc3cf,367.0,348.0,RGBA,ja_58.png,.png
/home/manvith/Desktop/Projects/Tulu Dataset/Tulu-Dtatset-V2/ja/ja_4.png,Tulu-Dtatset-V2,ja,train,0dfb9a807ae529a3a3996180f669009bff7c1d8e73d89281e1b9550575630fbb,362.0,344.0,RGBA,ja_4.png,.png
/home/manvith/Desktop/Projects/Tulu Dataset/Tulu-Dtatset-V2/ja/ja_7.png,Tulu-Dtatset-V2,ja,train,6e48943988df2295699d28d742d03cfed0416fea99d12085732db5fbd4b824e4,365.0,348.0,RGBA,ja_7.png,.png
/home/manvith/Desktop/Projects/Tulu Dataset/Tulu-Dtatset-V2/ja/ja_65.png,Tulu-Dtatset-V2,ja,train,2ca653cfbe6454eee45f3f803f442636443159950af050adc0293c34d21b7a55,367.0,348.0,RGBA,ja_65.png,.png
/home/manvith/Desktop/Projects/Tulu Dataset/Tulu-Dtatset-V2/ja/ja_71.png,Tulu-Dtatset-V2,ja,train,2d997387516ac32deee869cbe9b2383579a79af51bf845d6213193353ede978f,365.0,347.0,RGBA,ja_71.png,.png
/home/manvith/Desktop/Projects/Tulu Dataset/Tulu-Dtatset-V2/ja/ja_53.png,Tulu-Dtatset-V2,ja,train,2453850f7a4ebd6fd399ef35445e529a6d020f1c7751242cc0c94652d282766d,367.0,348.0,RGBA,ja_53.png,.png
/home/manvith/Desktop/Projects/Tulu Dataset/Tulu-Dtatset-V2/ja/ja_81.png,Tulu-Dtatset-V2,ja,train,5eb69946aa1d6f81cdeee4ae523aab951a056f5f67315368a81e56896b058ad6,365.0,347.0,RGBA,ja_81.png,.png
/home/manvith/Desktop/Projects/Tulu Dataset/Tulu-Dtatset-V2/ja/ja_89.png,Tulu-Dtatset-V2,ja,train,5253ab98b315f92dd531efd9192230337f5f15be080bfa30a0fd2ad35bf33579,365.0,347.0,RGBA,ja_89.png,.png
/home/manvith/Desktop/Projects/Tulu Dataset/Tulu-Dtatset-V2/ja/ja_30.png,Tulu-Dtatset-V2,ja,train,4d87440d08f649c3346479a8179aba5cc7c64b3517fb2ffffd31e352e600a73c,363.0,346.0,RGBA,ja_30.png,.png
/home/manvith/Desktop/Projects/Tulu Dataset/Tulu-Dtatset-V2/ja/ja_35.png,Tulu-Dtatset-V2,ja,train,3b19de1b7eff5cb57ff715fab44bf440eb0bc61a0ec989ff363c05bccb0879d9,365.0,347.0,RGBA,ja_35.png,.png
/home/manvith/Desktop/Projects/Tulu Dataset/Tulu-Dtatset-V2/ja/ja_49.png,Tulu-Dtatset-V2,ja,train,8772b7950a290d224f95f7dc119149bc42a8894d8630760f15990dc6973fc525,365.0,347.0,RGBA,ja_49.png,.png
/home/manvith/Desktop/Projects/Tulu Dataset/Tulu-Dtatset-V2/ja/ja_79.png,Tulu-Dtatset-V2,ja,train,54cc52a17c2a1d5d49f3dfd58eabf09fc3e44057e343c54ce0a762d8832b52a8,365.0,347.0,RGBA,ja_79.png,.png
/home/manvith/Desktop/Projects/Tulu Dataset/Tulu-Dtatset-V2/ja/ja_44.png,Tulu-Dtatset-V2,ja,train,eda68edde35003c841fb76d492a56e5227a015cc6ec1d47b0c7f38812fe42e9f,365.0,347.0,RGBA,ja_44.png,.png
/home/manvith/Desktop/Projects/Tulu Dataset/Tulu-Dtatset-V2/ja/ja_100.png,Tulu-Dtatset-V2,ja,train,37de020b52a4b170bbd4bbac86dfb601a6862e68d8e6cddb879a7341f3b1df24,365.0,347.0,RGBA,ja_100.png,.png
/home/manvith/Desktop/Projects/Tulu Dataset/Tulu-Dtatset-V2/ja/ja_42.png,Tulu-Dtatset-V2,ja,train,505ff235837070ba55e46601a272baca63446237b42261cda9a8df3d6040f9c1,365.0,347.0,RGBA,ja_42.png,.png
/home/manvith/Desktop/Projects/Tulu Dataset/Tulu-Dtatset-V2/ja/ja_64.png,Tulu-Dtatset-V2,ja,train,ab10aea960b6288c8fbb13167545f1023acca2b44a202072bc60b298f11d83f3,367.0,348.0,RGBA,ja_64.png,.png
/home/manvith/Desktop/Projects/Tulu Dataset/Tulu-Dtatset-V2/ja/ja_31.png,Tulu-Dtatset-V2,ja,train,0b3ecd1f036d6fffd0727b1e0831eea0c5fa55681ee60e2ea82c6c87b97c2103,365.0,347.0,RGBA,ja_31.png,.png
/home/manvith/Desktop/Projects/Tulu Dataset/Tulu-Dtatset-V2/ja/ja_68.png,Tulu-Dtatset-V2,ja,train,7265d6b37b008dae58508821c5cf624bc097ebe31d616b98b147cfe61c33c7b5,367.0,348.0,RGBA,ja_68.png,.png
/home/manvith/Desktop/Projects/Tulu Dataset/Tulu-Dtatset-V2/ja/ja_77.png,Tulu-Dtatset-V2,ja,train,807734cd4063fb52f2858180461c7944ee3f89481c5dcbccc479176596dcf345,365.0,347.0,RGBA,ja_77.png,.png
/home/manvith/Desktop/Projects/Tulu Dataset/Tulu-Dtatset-V2/ja/ja_37.png,Tulu-Dtatset-V2,ja,train,eb5cfc602a7907c8998d898558f5d4cfc89a5d5198ee235e401b0ff59cc7f1fa,365.0,347.0,RGBA,ja_37.png,.png
/home/manvith/Desktop/Projects/Tulu Dataset/Tulu-Dtatset-V2/ja/ja_17.png,Tulu-Dtatset-V2,ja,train,cb76f3db01a6244316bb43a94b110dd8a72552fe917815098ed18b6fb74afea2,363.0,346.0,RGBA,ja_17.png,.png
/home/manvith/Desktop/Projects/Tulu Dataset/Tulu-Dtatset-V2/ja/ja_24.png,Tulu-Dtatset-V2,ja,train,9a83756afe4bea1abb248c36f8a4838ef4ebda266b1ee92aa924a5988605a992,363.0,346.0,RGBA,ja_24.png,.png
/home/manvith/Desktop/Projects/Tulu Dataset/Tulu-Dtatset-V2/ja/ja_13.png,Tulu-Dtatset-V2,ja,train,2ba3c040f162c64c91f1dd83dcb90397a84e59c39421b176e2a32024fc1efa5d,363.0,344.0,RGBA,ja_13.png,.png
/home/manvith/Desktop/Projects/Tulu Dataset/Tulu-Dtatset-V2/ja/ja_87.png,Tulu-Dtatset-V2,ja,train,90bd4181f95e0017843bf5ec344d3478929879aa8cfe8ad6b9131ef35cfeb3a3,365.0,347.0,RGBA,ja_87.png,.png
/home/manvith/Desktop/Projects/Tulu Dataset/Tulu-Dtatset-V2/ja/ja_26.png,Tulu-Dtatset-V2,ja,train,b6ce839011f97336750d75c93c244d68b064961e6c6fff473161e2f760d4cb3f,363.0,346.0,RGBA,ja_26.png,.png
/home/manvith/Desktop/Projects/Tulu Dataset/Tulu-Dtatset-V2/ja/ja_12.png,Tulu-Dtatset-V2,ja,train,0f79e3165350e08cf2d47490da9be29ebb6be44ab839bb167bb62c55cb10d69c,368.0,336.0,RGBA,ja_12.png,.png
/home/manvith/Desktop/Projects/Tulu Dataset/Tulu-Dtatset-V2/ja/ja_28.png,Tulu-Dtatset-V2,ja,train,34091a555d4f814d3dc6308e41773badf4768521ec90e702af07513645fdafe3,363.0,346.0,RGBA,ja_28.png,.png
/home/manvith/Desktop/Projects/Tulu Dataset/Tulu-Dtatset-V2/ja/ja_69.png,Tulu-Dtatset-V2,ja,train,9288fc2e79de918b1eaa759b993cb9f0f040eae65be7bbf00c2407e171639030,367.0,348.0,RGBA,ja_69.png,.png
/home/manvith/Desktop/Projects/Tulu Dataset/Tulu-Dtatset-V2/ja/ja_51.png,Tulu-Dtatset-V2,ja,train,d4b0d9feb3f4e279741ed82f57182fda887c49eeb58c8bdea356683eb4814d13,367.0,348.0,RGBA,ja_51.png,.png
/home/manvith/Desktop/Projects/Tulu Dataset/Tulu-Dtatset-V2/ja/ja_56.png,Tulu-Dtatset-V2,ja,train,eee0ebef9b790c83b7cfde5e369544f69a5f68678692ac4faa18b4b32f79ef13,367.0,348.0,RGBA,ja_56.png,.png
/home/manvith/Desktop/Projects/Tulu Dataset/Tulu-Dtatset-V2/ja/ja_18.png,Tulu-Dtatset-V2,ja,train,dea310fba85088f73616c9b92c70eb33497b4fb92db186c93259e6ad424895ae,363.0,346.0,RGBA,ja_18.png,.png
/home/manvith/Desktop/Projects/Tulu Dataset/Tulu-Dtatset-V2/ja/ja_16.png,Tulu-Dtatset-V2,ja,train,fe2b92bbb9202725be2ecc310de24c047a5c50360e9ec5d9452350029c3859f7,363.0,346.0,RGBA,ja_16.png,.png
/home/manvith/Desktop/Projects/Tulu Dataset/Tulu-Dtatset-V2/ja/ja_41.png,Tulu-Dtatset-V2,ja,train,e4d2835f2b068bf9ad7d5c7c313acead96150255d0d05c71501e1b8cb84bb8fd,365.0,347.0,RGBA,ja_41.png,.png
/home/manvith/Desktop/Projects/Tulu Dataset/Tulu-Dtatset-V2/jha/jha_91.png,Tulu-Dtatset-V2,jha,train,29f72a00a4877bed3b2defb3afec331caf0ebc18691d724d9f5f001a950ecb86,363.0,349.0,RGBA,jha_91.png,.png
/home/manvith/Desktop/Projects/Tulu Dataset/Tulu-Dtatset-V2/jha/jha_37.png,Tulu-Dtatset-V2,jha,train,a6d934e953c6127d86838325bd59347face33ab3ed782c951966942d3edf76f1,360.0,335.0,RGBA,jha_37.png,.png
/home/manvith/Desktop/Projects/Tulu Dataset/Tulu-Dtatset-V2/jha/jha_74.png,Tulu-Dtatset-V2,jha,train,6b42a69c0cac67279198f82338489ba5961f85b31a0e865b5cd12e9e796ad20f,363.0,349.0,RGBA,jha_74.png,.png
/home/manvith/Desktop/Projects/Tulu Dataset/Tulu-Dtatset-V2/jha/jha_92.png,Tulu-Dtatset-V2,jha,train,c2a152a5888b1ece24306551ea10097d283971dc29f2e1b51e8ab93b84a4fdc3,363.0,349.0,RGBA,jha_92.png,.png
/home/manvith/Desktop/Projects/Tulu Dataset/Tulu-Dtatset-V2/jha/jha_32.png,Tulu-Dtatset-V2,jha,train,e056fcd2b9a658b8f9a943e81ad12fd921e0d69471cf04e69d072ea7bc06fecd,360.0,335.0,RGBA,jha_32.png,.png
/home/manvith/Desktop/Projects/Tulu Dataset/Tulu-Dtatset-V2/jha/jha_53.png,Tulu-Dtatset-V2,jha,train,ee889a979e483ed25e99b52ff2a2b8a61b91b3228ce1e26e5ef9664e198fa326,360.0,335.0,RGBA,jha_53.png,.png
/home/manvith/Desktop/Projects/Tulu Dataset/Tulu-Dtatset-V2/jha/jha_46.png,Tulu-Dtatset-V2,jha,train,f0f61808323464e6c60e4166ccd93f1107632932e5a0268ddccae023f2e28c8c,360.0,335.0,RGBA,jha_46.png,.png
/home/manvith/Desktop/Projects/Tulu Dataset/Tulu-Dtatset-V2/jha/jha_6.png,Tulu-Dtatset-V2,jha,train,f3854e4232a2e619295b03eec9c1f1525ac63ef1e7da25f7247d5cd7d512c96d,360.0,335.0,RGBA,jha_6.png,.png
/home/manvith/Desktop/Projects/Tulu Dataset/Tulu-Dtatset-V2/jha/jha_61.png,Tulu-Dtatset-V2,jha,train,ccd234f5ffbcbd203084747c341691d2529ebf7b2d21b7f1852df0491a83e075,363.0,349.0,RGBA,jha_61.png,.png
/home/manvith/Desktop/Projects/Tulu Dataset/Tulu-Dtatset-V2/jha/jha_12.png,Tulu-Dtatset-V2,jha,train,885bf86ad1b5973623d0882ab50430a8c2fbb4973fd243996f5c65b6a359dc93,366.0,336.0,RGBA,jha_12.png,.png
/home/manvith/Desktop/Projects/Tulu Dataset/Tulu-Dtatset-V2/jha/jha_34.png,Tulu-Dtatset-V2,jha,train,d70e73ede657ca48a690298299a2ed04487288f9d5f6ac6e60b15d8e70eb02f8,360.0,335.0,RGBA,jha_34.png,.png
/home/manvith/Desktop/Projects/Tulu Dataset/Tulu-Dtatset-V2/jha/jha_41.png,Tulu-Dtatset-V2,jha,train,9738f285d5092d3199fd05c5c9a7903b52612a872f957d69140a9f1817226681,360.0,335.0,RGBA,jha_41.png,.png
/home/manvith/Desktop/Projects/Tulu Dataset/Tulu-Dtatset-V2/jha/jha_55.png,Tulu-Dtatset-V2,jha,train,3b24b85f69ec04f8ef847530d034f2d25d7397dd7df8d509d6b76dc61189a42e,360.0,335.0,RGBA,jha_55.png,.png
/home/manvith/Desktop/Projects/Tulu Dataset/Tulu-Dtatset-V2/jha/jha_11.png,Tulu-Dtatset-V2,jha,train,11ab198e41ce43449e1c33d9d58bc00948a529f5e1416584c4c01ba79f4e77c5,365.0,348.0,RGBA,jha_11.png,.png
/home/manvith/Desktop/Projects/Tulu Dataset/Tulu-Dtatset-V2/jha/jha_70.png,Tulu-Dtatset-V2,jha,train,bc369268d628a57b2012bb0d8a5134b99537d982eed318f3e64c1f59cd72966c,363.0,349.0,RGBA,jha_70.png,.png
/home/manvith/Desktop/Projects/Tulu Dataset/Tulu-Dtatset-V2/jha/jha_85.png,Tulu-Dtatset-V2,jha,train,f152dfa421645f524c1be9cdaa7bdde62b59799932f2ddb77a7ba2c50716ff98,363.0,349.0,RGBA,jha_85.png,.png
/home/manvith/Desktop/Projects/Tulu Dataset/Tulu-Dtatset-V2/jha/jha_71.png,Tulu-Dtatset-V2,jha,train,97bab8d1ea1ccb4979eefd26794e8bb3cb5a78f8bfe137e27df387d65419e180,363.0,349.0,RGBA,jha_71.png,.png
/home/manvith/Desktop/Projects/Tulu Dataset/Tulu-Dtatset-V2/jha/jha_52.png,Tulu-Dtatset-V2,jha,train,81e9021404bd7dc72de2141be36b91be069ee634937220995542ee7d45f662f5,360.0,335.0,RGBA,jha_52.png,.png
/home/manvith/Desktop/Projects/Tulu Dataset/Tulu-Dtatset-V2/jha/jha_87.png,Tulu-Dtatset-V2,jha,train,f328acc1176127083841f2e8ae9e782ba1547078868757b9c5210fa420bb58c5,363.0,349.0,RGBA,jha_87.png,.png
/home/manvith/Desktop/Projects/Tulu Dataset/Tulu-Dtatset-V2/jha/jha_1.png,Tulu-Dtatset-V2,jha,train,0392729e9fb5f9ab46332c4ff62dd099c4a98d86504bb396ac82419371082bfa,365.0,346.0,RGBA,jha_1.png,.png
/home/manvith/Desktop/Projects/Tulu Dataset/Tulu-Dtatset-V2/jha/jha_31.png,Tulu-Dtatset-V2,jha,train,ba57c82b1c984df8d7704ba39478ad85a8fc25a9bf324800b3f892a42675a725,360.0,335.0,RGBA,jha_31.png,.png
/home/manvith/Desktop/Projects/Tulu Dataset/Tulu-Dtatset-V2/jha/jha_63.png,Tulu-Dtatset-V2,jha,train,01a6b793753313434c94437c2ca0eead3b4c8c3daad739fdf13550e992d2bd00,363.0,349.0,RGBA,jha_63.png,.png
/home/manvith/Desktop/Projects/Tulu Dataset/Tulu-Dtatset-V2/jha/jha_20.png,Tulu-Dtatset-V2,jha,train,a236094c4a83c1e9851797d147f78d6df00315925fa1da447b28f8922a033200,363.0,349.0,RGBA,jha_20.png,.png
/home/manvith/Desktop/Projects/Tulu Dataset/Tulu-Dtatset-V2/jha/jha_33.png,Tulu-Dtatset-V2,jha,train,0ef85a1c5991ce36a38382b71f0ad705af85ea436cf6920790aab763d647247e,360.0,335.0,RGBA,jha_33.png,.png
/home/manvith/Desktop/Projects/Tulu Dataset/Tulu-Dtatset-V2/jha/jha_14.png,Tulu-Dtatset-V2,jha,train,679c4ce605714468dab1f78c3b4727a18a2c144a04731915ca2afb6c222edee7,362.0,340.0,RGBA,jha_14.png,.png
/home/manvith/Desktop/Projects/Tulu Dataset/Tulu-Dtatset-V2/jha/jha_35.png,Tulu-Dtatset-V2,jha,train,c07d0f11687679ca2cfdd2a20081c4b0d50a922250d0035cb0108a4b4a2c1223,360.0,335.0,RGBA,jha_35.png,.png
/home/manvith/Desktop/Projects/Tulu Dataset/Tulu-Dtatset-V2/jha/jha_96.png,Tulu-Dtatset-V2,jha,train,841c9877086264c119936ef92aae65bada5cffd1db43b6095b37b9fa483d18a3,363.0,349.0,RGBA,jha_96.png,.png
/home/manvith/Desktop/Projects/Tulu Dataset/Tulu-Dtatset-V2/jha/jha_84.png,Tulu-Dtatset-V2,jha,train,938e002639c783ec43cfb31a068a3912129ca4ee73ee66663da9d2ea6aae797f,363.0,349.0,RGBA,jha_84.png,.png
/home/manvith/Desktop/Projects/Tulu Dataset/Tulu-Dtatset-V2/jha/jha_30.png,Tulu-Dtatset-V2,jha,train,741a6ad3574c9361a0bdd56a93e743de71cd85b22c0ea2ab3ca836803c13fdbd,363.0,349.0,RGBA,jha_30.png,.png
/home/manvith/Desktop/Projects/Tulu Dataset/Tulu-Dtatset-V2/jha/jha_88.png,Tulu-Dtatset-V2,jha,train,eb07f1711624fbcb9f01f9c36d5b52b22477c0fbf742dd7412ffeb7989d10ac9,363.0,349.0,RGBA,jha_88.png,.png
/home/manvith/Desktop/Projects/Tulu Dataset/Tulu-Dtatset-V2/jha/jha_36.png,Tulu-Dtatset-V2,jha,train,a063f8a78c9d4eb273433937af95ede03b22545d79b1739f0c87371965c2f176,360.0,335.0,RGBA,jha_36.png,.png
/home/manvith/Desktop/Projects/Tulu Dataset/Tulu-Dtatset-V2/jha/jha_48.png,Tulu-Dtatset-V2,jha,train,f7e3e795b13c7485ac81210788ebb3b5f869963dd9c7553f44358049504c5b5e,360.0,335.0,RGBA,jha_48.png,.png
/home/manvith/Desktop/Projects/Tulu Dataset/Tulu-Dtatset-V2/jha/jha_47.png,Tulu-Dtatset-V2,jha,train,18864b213703a1085da59800e01634156d809d4b32aec958f59570077661aa9f,360.0,335.0,RGBA,jha_47.png,.png
/home/manvith/Desktop/Projects/Tulu Dataset/Tulu-Dtatset-V2/jha/jha_10.png,Tulu-Dtatset-V2,jha,train,d00d5184a4f0f7f193e8e4b2d5bf306b248f3c878dbd33a156e68212f279cece,364.0,347.0,RGBA,jha_10.png,.png
/home/manvith/Desktop/Projects/Tulu Dataset/Tulu-Dtatset-V2/jha/jha_100.png,Tulu-Dtatset-V2,jha,train,fc484c9627a89f8426e7407158226bc554ca22052a125753b72151c402c097e6,363.0,349.0,RGBA,jha_100.png,.png
/home/manvith/Desktop/Projects/Tulu Dataset/Tulu-Dtatset-V2/jha/jha_66.png,Tulu-Dtatset-V2,jha,train,e9bb33eeb0f0db810a6c36c951711331ad2affda40adeede25dba6ca37149301,363.0,349.0,RGBA,jha_66.png,.png
/home/manvith/Desktop/Projects/Tulu Dataset/Tulu-Dtatset-V2/jha/jha_99.png,Tulu-Dtatset-V2,jha,train,88c9dcc108fc353a772c9e11bee6430439323a7b54d4aab9db162cf1261bab06,363.0,349.0,RGBA,jha_99.png,.png
/home/manvith/Desktop/Projects/Tulu Dataset/Tulu-Dtatset-V2/jha/jha_80.png,Tulu-Dtatset-V2,jha,train,79502a7d6f4141d2eddb54fce0bddef596cf3d80bb04821fa8eab12d912e37d5,363.0,349.0,RGBA,jha_80.png,.png
/home/manvith/Desktop/Projects/Tulu Dataset/Tulu-Dtatset-V2/jha/jha_77.png,Tulu-Dtatset-V2,jha,train,84f10efea9f45a3c433e94c9011cf00c9662817c5255bc0839401728a8921ea6,363.0,349.0,RGBA,jha_77.png,.png
/home/manvith/Desktop/Projects/Tulu Dataset/Tulu-Dtatset-V2/jha/jha_42.png,Tulu-Dtatset-V2,jha,train,0129774c9f34f5958dfe1f2ef9d0e6dda230849f56e3e31316952cf289c447a7,360.0,335.0,RGBA,jha_42.png,.png
/home/manvith/Desktop/Projects/Tulu Dataset/Tulu-Dtatset-V2/jha/jha_65.png,Tulu-Dtatset-V2,jha,train,b861ab13d64a128ed3046b7a1ce48f3a41e4f83dda302e607b29da6abe63a376,363.0,349.0,RGBA,jha_65.png,.png
/home/manvith/Desktop/Projects/Tulu Dataset/Tulu-Dtatset-V2/jha/jha_38.png,Tulu-Dtatset-V2,jha,train,000f1cdb71ca727159d82b2550c728f327b1008cd3c46d99d2f34c366dfc0cff,360.0,335.0,RGBA,jha_38.png,.png
/home/manvith/Desktop/Projects/Tulu Dataset/Tulu-Dtatset-V2/jha/jha_57.png,Tulu-Dtatset-V2,jha,train,e3c0b477cd023275ff3265031b57b657a61b1716b1f8559b7dbf100f4da17c3c,360.0,335.0,RGBA,jha_57.png,.png
/home/manvith/Desktop/Projects/Tulu Dataset/Tulu-Dtatset-V2/jha/jha_4.png,Tulu-Dtatset-V2,jha,train,de7d51b7268a07b3e976f0a5043ba4d67a7c70cb4033ae4bea3a06bc1fdc6492,363.0,338.0,RGBA,jha_4.png,.png
/home/manvith/Desktop/Projects/Tulu Dataset/Tulu-Dtatset-V2/jha/jha_9.png,Tulu-Dtatset-V2,jha,train,2f94d89af63633ca0b993784b742c6d6e8f448d2d87fe646e6ad3a4eaa45c725,360.0,346.0,RGBA,jha_9.png,.png
/home/manvith/Desktop/Projects/Tulu Dataset/Tulu-Dtatset-V2/jha/jha_68.png,Tulu-Dtatset-V2,jha,train,8857ed476cf9274ceb205f1bed04d014a2776a8b6363494f8e593e535ef3d85a,363.0,349.0,RGBA,jha_68.png,.png
/home/manvith/Desktop/Projects/Tulu Dataset/Tulu-Dtatset-V2/jha/jha_89.png,Tulu-Dtatset-V2,jha,train,517ff4de3b609701a777c5e04a9f4af866ca3c6340a76e3ae18b936dd6830e78,363.0,349.0,RGBA,jha_89.png,.png
/home/manvith/Desktop/Projects/Tulu Dataset/Tulu-Dtatset-V2/jha/jha_90.png,Tulu-Dtatset-V2,jha,train,a15808e3bbb43b278b62755a070a9df8384e0ab8736059dea35b5468b436e9dc,363.0,349.0,RGBA,jha_90.png,.png
/home/manvith/Desktop/Projects/Tulu Dataset/Tulu-Dtatset-V2/jha/jha_24.png,Tulu-Dtatset-V2,jha,train,5b72a2bd7b8e268ac054c605548a2356dad4b345fa75151f1510dbc77e5c5375,363.0,349.0,RGBA,jha_24.png,.png
/home/manvith/Desktop/Projects/Tulu Dataset/Tulu-Dtatset-V2/jha/jha_40.png,Tulu-Dtatset-V2,jha,train,c0b9a605c92badc6a81d7b9a5ee493f54eea5360b1a2908b0262cdc1b48cde2d,360.0,335.0,RGBA,jha_40.png,.png
/home/manvith/Desktop/Projects/Tulu Dataset/Tulu-Dtatset-V2/jha/jha_81.png,Tulu-Dtatset-V2,jha,train,8dfe061fb095ee38ec2bc9eaa5f97f3fb26ea18fe3c260ae79ff4e9fa84f402d,363.0,349.0,RGBA,jha_81.png,.png
/home/manvith/Desktop/Projects/Tulu Dataset/Tulu-Dtatset-V2/jha/jha_2.png,Tulu-Dtatset-V2,jha,train,c78a4560100986d6800a339079361756c4ecb1672edae03c0f5133184ebbae64,361.0,349.0,RGBA,jha_2.png,.png
/home/manvith/Desktop/Projects/Tulu Dataset/Tulu-Dtatset-V2/jha/jha_73.png,Tulu-Dtatset-V2,jha,train,baac15b74a2785f170edb32ae0292d24e035ecebb0133a33dd029bbb150d4b8e,363.0,349.0,RGBA,jha_73.png,.png
/home/manvith/Desktop/Projects/Tulu Dataset/Tulu-Dtatset-V2/jha/jha_13.png,Tulu-Dtatset-V2,jha,train,3953ab44744dfbf90c38d2237a47e9aeeb73e4796788629afc19ee175601c160,359.0,336.0,RGBA,jha_13.png,.png
/home/manvith/Desktop/Projects/Tulu Dataset/Tulu-Dtatset-V2/jha/jha_58.png,Tulu-Dtatset-V2,jha,train,604816286230a472247ae9bd5d31c8a4cf8d32061c21e5cb4bc9c19ba2d5a585,360.0,335.0,RGBA,jha_58.png,.png
/home/manvith/Desktop/Projects/Tulu Dataset/Tulu-Dtatset-V2/jha/jha_25.png,Tulu-Dtatset-V2,jha,train,819b9f5857755f664afbf9227916dab06ec307f3b26ee308d38a7a6ed5c3646b,363.0,349.0,RGBA,jha_25.png,.png
/home/manvith/Desktop/Projects/Tulu Dataset/Tulu-Dtatset-V2/jha/jha_39.png,Tulu-Dtatset-V2,jha,train,40b64ca2ede7dae90a76d4e11fbee3870da95a6c2ca16c15dd652c3b5c183033,360.0,335.0,RGBA,jha_39.png,.png
/home/manvith/Desktop/Projects/Tulu Dataset/Tulu-Dtatset-V2/jha/jha_29.png,Tulu-Dtatset-V2,jha,train,b4540c00360d9941b2e11efec803fb9111e35c2181e94beb02087e40e80926e1,363.0,349.0,RGBA,jha_29.png,.png
/home/manvith/Desktop/Projects/Tulu Dataset/Tulu-Dtatset-V2/jha/jha_21.png,Tulu-Dtatset-V2,jha,train,906c72eaa877cc2424ce389c2a4aae5e9a44f6dfc6a1004f42893b4bd7b2e08d,363.0,349.0,RGBA,jha_21.png,.png
/home/manvith/Desktop/Projects/Tulu Dataset/Tulu-Dtatset-V2/jha/jha_5.png,Tulu-Dtatset-V2,jha,train,f83d2338f543ff4c4cadf06dede00044336ec670e3b6847ad297366ea32e4b5c,360.0,336.0,RGBA,jha_5.png,.png
/home/manvith/Desktop/Projects/Tulu Dataset/Tulu-Dtatset-V2/jha/jha_79.png,Tulu-Dtatset-V2,jha,train,f77fbe23b4071757373466ce7e814627d65611ca4f12b4e67307f92871031c2b,363.0,349.0,RGBA,jha_79.png,.png
/home/manvith/Desktop/Projects/Tulu Dataset/Tulu-Dtatset-V2/jha/jha_27.png,Tulu-Dtatset-V2,jha,train,bf7cb1026632cce35eeb1f3ba5fb3b95583c37229c7a6d6ae0b8b012bab63844,363.0,349.0,RGBA,jha_27.png,.png
/home/manvith/Desktop/Projects/Tulu Dataset/Tulu-Dtatset-V2/jha/jha_18.png,Tulu-Dtatset-V2,jha,train,ff697e2d81c368ccf5ca94b4b2231ccaeaad350c253326347e5a0cd285d75974,363.0,349.0,RGBA,jha_18.png,.png
/home/manvith/Desktop/Projects/Tulu Dataset/Tulu-Dtatset-V2/jha/jha_28.png,Tulu-Dtatset-V2,jha,train,f93e57ef5a0daa5d8e4c85b195ad9cea473032168db57a1338e4b08066f09dea,363.0,349.0,RGBA,jha_28.png,.png
/home/manvith/Desktop/Projects/Tulu Dataset/Tulu-Dtatset-V2/jha/jha_43.png,Tulu-Dtatset-V2,jha,train,22cb7fde2e6145b71a999e91bf024789b0581f758657fbdac76a5619a8201728,360.0,335.0,RGBA,jha_43.png,.png
/home/manvith/Desktop/Projects/Tulu Dataset/Tulu-Dtatset-V2/jha/jha_26.png,Tulu-Dtatset-V2,jha,train,6b6913418e5aea93f724e44d000f6e379aca639e9ab0eb12037d229dd82d390a,363.0,349.0,RGBA,jha_26.png,.png
/home/manvith/Desktop/Projects/Tulu Dataset/Tulu-Dtatset-V2/jha/jha_78.png,Tulu-Dtatset-V2,jha,train,b0fc71085004806327c7ca6fb56672e61dcce7958f46408482285678d4adc63d,363.0,349.0,RGBA,jha_78.png,.png
/home/manvith/Desktop/Projects/Tulu Dataset/Tulu-Dtatset-V2/jha/jha_22.png,Tulu-Dtatset-V2,jha,train,195055aff886fe36893473d39bccf822b885eef7eaa343818c56d389a1e2a5d7,363.0,349.0,RGBA,jha_22.png,.png
/home/manvith/Desktop/Projects/Tulu Dataset/Tulu-Dtatset-V2/jha/jha_15.png,Tulu-Dtatset-V2,jha,train,40a334e6f6abdf2b87f37317ad595a115fe4f87cda7d96ddcca051f88c4d591d,364.0,344.0,RGBA,jha_15.png,.png
/home/manvith/Desktop/Projects/Tulu Dataset/Tulu-Dtatset-V2/jha/jha_67.png,Tulu-Dtatset-V2,jha,train,845e5f87b1915e61b315b7709f25c7b83c53ba049ba1ea056885cd06369242c7,363.0,349.0,RGBA,jha_67.png,.png
/home/manvith/Desktop/Projects/Tulu Dataset/Tulu-Dtatset-V2/jha/jha_59.png,Tulu-Dtatset-V2,jha,train,2737e30f38e04841439ecdc607ca256d97a6de01d6ae71c69ea2b0d72f96c97b,360.0,335.0,RGBA,jha_59.png,.png
/home/manvith/Desktop/Projects/Tulu Dataset/Tulu-Dtatset-V2/jha/jha_76.png,Tulu-Dtatset-V2,jha,train,463c41535b8f6108fe2aed5781009c945908df9e199ed11972c9e2d855040906,363.0,349.0,RGBA,jha_76.png,.png
/home/manvith/Desktop/Projects/Tulu Dataset/Tulu-Dtatset-V2/jha/jha_3.png,Tulu-Dtatset-V2,jha,train,aa2abd694f1c22b151e2466e31a0f451956857615c90d0406544511b9c457b0f,363.0,349.0,RGBA,jha_3.png,.png
/home/manvith/Desktop/Projects/Tulu Dataset/Tulu-Dtatset-V2/jha/jha_94.png,Tulu-Dtatset-V2,jha,train,19da6139b5648cc7a6a6e9ec2231c76b01cdeb0efbcc4ddbe47b4c696b2f119d,363.0,349.0,RGBA,jha_94.png,.png
/home/manvith/Desktop/Projects/Tulu Dataset/Tulu-Dtatset-V2/jha/jha_82.png,Tulu-Dtatset-V2,jha,train,dfedf7eeb5b0bae8ec664da9de5772ca7152745da5fbec3ee33066fe14562ec1,363.0,349.0,RGBA,jha_82.png,.png
/home/manvith/Desktop/Projects/Tulu Dataset/Tulu-Dtatset-V2/jha/jha_49.png,Tulu-Dtatset-V2,jha,train,72608a32a45850bb5bdfc0c982671a362d3fa6f0a8bbd796476135f8d46a0f05,360.0,335.0,RGBA,jha_49.png,.png
/home/manvith/Desktop/Projects/Tulu Dataset/Tulu-Dtatset-V2/jha/jha_69.png,Tulu-Dtatset-V2,jha,train,c5ba23bac0bcce3b9381de1bc255b656464e8eaca5f0f90a791b23c0ba5ebd6d,363.0,349.0,RGBA,jha_69.png,.png
/home/manvith/Desktop/Projects/Tulu Dataset/Tulu-Dtatset-V2/jha/jha_95.png,Tulu-Dtatset-V2,jha,train,fa04dd5d319a293074970f4d9bef4286f09118863ec79e70b11a7bec9ba634b5,363.0,349.0,RGBA,jha_95.png,.png
/home/manvith/Desktop/Projects/Tulu Dataset/Tulu-Dtatset-V2/jha/jha_60.png,Tulu-Dtatset-V2,jha,train,73e34eec0bb13c8c809a4ebc3c1edbabfb6372ff91cf0d0e150a323586a29455,360.0,335.0,RGBA,jha_60.png,.png
/home/manvith/Desktop/Projects/Tulu Dataset/Tulu-Dtatset-V2/jha/jha_83.png,Tulu-Dtatset-V2,jha,train,4f24db20b13794e15465338048e86c760d78bf9bd0d39606b608be8e2969f71c,363.0,349.0,RGBA,jha_83.png,.png
/home/manvith/Desktop/Projects/Tulu Dataset/Tulu-Dtatset-V2/ka/ka_93.png,Tulu-Dtatset-V2,ka,train,3948b4c95235843b27f9b0fa416eca9c0b73a6020e9be9aace5bff42ab9e2adb,355.0,350.0,RGBA,ka_93.png,.png
/home/manvith/Desktop/Projects/Tulu Dataset/Tulu-Dtatset-V2/ka/ka_18.png,Tulu-Dtatset-V2,ka,train,21b63beae21d1f9431e3e5544954441adbf9ca1e80bc44060062e51039f3bf3c,355.0,350.0,RGBA,ka_18.png,.png
/home/manvith/Desktop/Projects/Tulu Dataset/Tulu-Dtatset-V2/ka/ka_7.png,Tulu-Dtatset-V2,ka,train,0e7e6acf04a8c02e5060dac0fd481e53f189fb1e6d3c97ba683e94b466653c27,367.0,349.0,RGBA,ka_7.png,.png
/home/manvith/Desktop/Projects/Tulu Dataset/Tulu-Dtatset-V2/ka/ka_70.png,Tulu-Dtatset-V2,ka,train,42a5d308f2bc1730281ee538a6d240bf9249386f85e82efc03e1fd9e7ff53d4f,365.0,349.0,RGBA,ka_70.png,.png
/home/manvith/Desktop/Projects/Tulu Dataset/Tulu-Dtatset-V2/ka/ka_15.png,Tulu-Dtatset-V2,ka,train,e2a4e43da44dbd0db59bc87619200f338b51be380ec200087c8fa7cba5746825,365.0,349.0,RGBA,ka_15.png,.png
/home/manvith/Desktop/Projects/Tulu Dataset/Tulu-Dtatset-V2/ka/ka_69.png,Tulu-Dtatset-V2,ka,train,045c5f7d4a532764706797ae3a215fc93c41e1577b5929915b54a4f27a89e902,365.0,349.0,RGBA,ka_69.png,.png
/home/manvith/Desktop/Projects/Tulu Dataset/Tulu-Dtatset-V2/ka/ka_28.png,Tulu-Dtatset-V2,ka,train,893fdc29190aa4253e4ff3e23a0b9dd5761c1641eb6e3ec81e4cbdb4310819a0,355.0,350.0,RGBA,ka_28.png,.png
/home/manvith/Desktop/Projects/Tulu Dataset/Tulu-Dtatset-V2/ka/ka_58.png,Tulu-Dtatset-V2,ka,train,b9bbbb0f8a60077277da68c96332d775af3b12b9e02c9b9258de0c9cd600fd65,365.0,349.0,RGBA,ka_58.png,.png
/home/manvith/Desktop/Projects/Tulu Dataset/Tulu-Dtatset-V2/ka/ka_39.png,Tulu-Dtatset-V2,ka,train,48a9815a366712bedc27beca7f9f3c914ef97b08070e64f180ed3b60bb54b37b,355.0,350.0,RGBA,ka_39.png,.png
/home/manvith/Desktop/Projects/Tulu Dataset/Tulu-Dtatset-V2/ka/ka_98.png,Tulu-Dtatset-V2,ka,train,7184b6d371ebc07323411be238f08170271e36a2782a29267d5baf1e3b90d929,355.0,350.0,RGBA,ka_98.png,.png
/home/manvith/Desktop/Projects/Tulu Dataset/Tulu-Dtatset-V2/ka/ka_59.png,Tulu-Dtatset-V2,ka,train,0644cd8795e4fa862fa5b0ec59058daac7377c8bdd158b4f4c449834aa59f479,365.0,349.0,RGBA,ka_59.png,.png
/home/manvith/Desktop/Projects/Tulu Dataset/Tulu-Dtatset-V2/ka/ka_74.png,Tulu-Dtatset-V2,ka,train,780b852315ce513c589aa7c7756a7d2cf835975f33e9cdb60860b174c2f69339,365.0,349.0,RGBA,ka_74.png,.png
/home/manvith/Desktop/Projects/Tulu Dataset/Tulu-Dtatset-V2/ka/ka_90.png,Tulu-Dtatset-V2,ka,train,ba8a4974c1d411ed1c08162e06ffa1faa5f5a11110f4dd8fbf1faafa0d71990c,355.0,350.0,RGBA,ka_90.png,.png
/home/manvith/Desktop/Projects/Tulu Dataset/Tulu-Dtatset-V2/ka/ka_61.png,Tulu-Dtatset-V2,ka,train,1b29f65d7ff2b3fd1a289d091295f2d181e2a90668bbb83941997ea6f8663dfa,365.0,349.0,RGBA,ka_61.png,.png
/home/manvith/Desktop/Projects/Tulu Dataset/Tulu-Dtatset-V2/ka/ka_50.png,Tulu-Dtatset-V2,ka,train,e19b6e9b7bba6efe3c8b66620ce2b85350a4c6f34f5fa8f8bf32b856a1634095,365.0,349.0,RGBA,ka_50.png,.png
/home/manvith/Desktop/Projects/Tulu Dataset/Tulu-Dtatset-V2/ka/ka_64.png,Tulu-Dtatset-V2,ka,train,051d2aeadf13618e4e8e81a3d731fadb94ea0b385d91b883a65f034e97800a64,365.0,349.0,RGBA,ka_64.png,.png
/home/manvith/Desktop/Projects/Tulu Dataset/Tulu-Dtatset-V2/ka/ka_12.png,Tulu-Dtatset-V2,ka,train,1e98648cbdbdd11e4a76f72f73fdaa77c50e7305c736b388dc42dfe74763dd77,363.0,337.0,RGBA,ka_12.png,.png
/home/manvith/Desktop/Projects/Tulu Dataset/Tulu-Dtatset-V2/ka/ka_75.png,Tulu-Dtatset-V2,ka,train,15c234e8a09248c417a4000ad8c38ac9af0544716a5052664c0fdab5a77abd35,365.0,349.0,RGBA,ka_75.png,.png
/home/manvith/Desktop/Projects/Tulu Dataset/Tulu-Dtatset-V2/ka/ka_56.png,Tulu-Dtatset-V2,ka,train,cf9f783da2a90c2890abb7c22d0be7b2d5684869f945281012bc1cd755b32d1f,365.0,349.0,RGBA,ka_56.png,.png
/home/manvith/Desktop/Projects/Tulu Dataset/Tulu-Dtatset-V2/ka/ka_89.png,Tulu-Dtatset-V2,ka,train,957c5231a46f497a1aa5e99f4a1373779ac3817a629b27fa44d5542c3912d99b,355.0,350.0,RGBA,ka_89.png,.png
/home/manvith/Desktop/Projects/Tulu Dataset/Tulu-Dtatset-V2/ka/ka_21.png,Tulu-Dtatset-V2,ka,train,9c9b784eb6e9308e821da67b49a8038af45276bff9d54582834c6fa2a1d97270,355.0,350.0,RGBA,ka_21.png,.png
/home/manvith/Desktop/Projects/Tulu Dataset/Tulu-Dtatset-V2/ka/ka_41.png,Tulu-Dtatset-V2,ka,train,33079eb89f90538b96e3468a1bca6a309759d86fe2f9837615235fccdfa8b001,365.0,349.0,RGBA,ka_41.png,.png
/home/manvith/Desktop/Projects/Tulu Dataset/Tulu-Dtatset-V2/ka/ka_78.png,Tulu-Dtatset-V2,ka,train,b5ac4d8018cb688c703c45e08e9b511ee583d61155e90165d23527a12872b463,365.0,349.0,RGBA,ka_78.png,.png
/home/manvith/Desktop/Projects/Tulu Dataset/Tulu-Dtatset-V2/ka/ka_65.png,Tulu-Dtatset-V2,ka,train,81e99f06c252c92d5813487b37ab3cdab639bced33f0c5a621ae7f7a1a239e6a,365.0,349.0,RGBA,ka_65.png,.png
/home/manvith/Desktop/Projects/Tulu Dataset/Tulu-Dtatset-V2/ka/ka_17.png,Tulu-Dtatset-V2,ka,train,94b8e3b96c80cd61deb8db87c66228bf335b8f977c27eb439d703b34f805edd8,355.0,350.0,RGBA,ka_17.png,.png
/home/manvith/Desktop/Projects/Tulu Dataset/Tulu-Dtatset-V2/ka/ka_34.png,Tulu-Dtatset-V2,ka,train,3a237e8dc6fd9839d3c49714d5407cf6ec8817571688b6ae8ba5d077bef640cc,355.0,350.0,RGBA,ka_34.png,.png
/home/manvith/Desktop/Projects/Tulu Dataset/Tulu-Dtatset-V2/ka/ka_19.png,Tulu-Dtatset-V2,ka,train,8a9ce671c8e31cca88abd01fe5c640f2555a1fa2c34764f79a35d536cf720f16,355.0,350.0,RGBA,ka_19.png,.png
/home/manvith/Desktop/Projects/Tulu Dataset/Tulu-Dtatset-V2/ka/ka_44.png,Tulu-Dtatset-V2,ka,train,1583fcaeb7e07afd1cedbdd177b7e68bac6009af6dd54d9237e08fb8815ce3f7,365.0,349.0,RGBA,ka_44.png,.png
/home/manvith/Desktop/Projects/Tulu Dataset/Tulu-Dtatset-V2/ka/ka_24.png,Tulu-Dtatset-V2,ka,train,e4a6baa2ff54ddc25d65c855964b496d831a5e6351e753fb462a4dc559737cc5,355.0,350.0,RGBA,ka_24.png,.png
/home/manvith/Desktop/Projects/Tulu Dataset/Tulu-Dtatset-V2/ka/ka_47.png,Tulu-Dtatset-V2,ka,train,e188d486c0644dfb6086bda2dfc068997f5d8bfedbc9c9f07b3da71594253a90,365.0,349.0,RGBA,ka_47.png,.png
/home/manvith/Desktop/Projects/Tulu Dataset/Tulu-Dtatset-V2/ka/ka_67.png,Tulu-Dtatset-V2,ka,train,e600b4a027c9f78ed6e66902bc5b7ade2519ae0fe7f1f37903bd6c0f78edf790,365.0,349.0,RGBA,ka_67.png,.png
/home/manvith/Desktop/Projects/Tulu Dataset/Tulu-Dtatset-V2/ka/ka_5.png,Tulu-Dtatset-V2,ka,train,214d671466aa8ae4d46189209e08f7816b0273b719094154bb5c4710c24dbce0,362.0,357.0,RGBA,ka_5.png,.png
/home/manvith/Desktop/Projects/Tulu Dataset/Tulu-Dtatset-V2/ka/ka_100.png,Tulu-Dtatset-V2,ka,train,3e1ad0f7ceebcb07ac3587825d42876cd7c2bff1eadfa9ad04b3ba863e3abc4b,355.0,350.0,RGBA,ka_100.png,.png
/home/manvith/Desktop/Projects/Tulu Dataset/Tulu-Dtatset-V2/ka/ka_40.png,Tulu-Dtatset-V2,ka,train,bd58e85b4c383689b1bad79886d7e7163ce2cd0487d6d1a2997b289ef3202c63,355.0,350.0,RGBA,ka_40.png,.png
/home/manvith/Desktop/Projects/Tulu Dataset/Tulu-Dtatset-V2/ka/ka_80.png,Tulu-Dtatset-V2,ka,train,48b7e41cec814cd30d78cb9e97b1b9ca8ebc29091c94dd9582b4d835bb9c62e1,365.0,349.0,RGBA,ka_80.png,.png
/home/manvith/Desktop/Projects/Tulu Dataset/Tulu-Dtatset-V2/ka/ka_3.png,Tulu-Dtatset-V2,ka,train,63b2a098a9e90920e40a618ce39a0694f222f4d0e77469cdacd70411be3d5ab7,356.0,356.0,RGBA,ka_3.png,.png
/home/manvith/Desktop/Projects/Tulu Dataset/Tulu-Dtatset-V2/ka/ka_9.png,Tulu-Dtatset-V2,ka,train,39aa1854a35df5592944b7be89d7196ed5e49ab625761150efcde470181b9f71,358.0,356.0,RGBA,ka_9.png,.png
/home/manvith/Desktop/Projects/Tulu Dataset/Tulu-Dtatset-V2/ka/ka_16.png,Tulu-Dtatset-V2,ka,train,df9844a63536938ef747d34f35606c429e2fe77880f32a252260196c196cca4b,355.0,350.0,RGBA,ka_16.png,.png
/home/manvith/Desktop/Projects/Tulu Dataset/Tulu-Dtatset-V2/ka/ka_33.png,Tulu-Dtatset-V2,ka,train,16cac128885a108593de11cfe8eff5855c59f8f4d64d77a4f69813f099ca2eb5,355.0,350.0,RGBA,ka_33.png,.png
/home/manvith/Desktop/Projects/Tulu Dataset/Tulu-Dtatset-V2/ka/ka_77.png,Tulu-Dtatset-V2,ka,train,feb0a0ecfb7c7e34426a10c1c02853e97e52ee51df5a5701c6c63e6ef973ea14,365.0,349.0,RGBA,ka_77.png,.png
/home/manvith/Desktop/Projects/Tulu Dataset/Tulu-Dtatset-V2/ka/ka_1.png,Tulu-Dtatset-V2,ka,train,f186e1f10ae6c74fd876c61af40b896ad3f1f1b35dbcf0ce608c7bb9a71df01f,370.0,357.0,RGBA,ka_1.png,.png
/home/manvith/Desktop/Projects/Tulu Dataset/Tulu-Dtatset-V2/ka/ka_81.png,Tulu-Dtatset-V2,ka,train,0ddf5cbda9bae626b3f866feaddeb673a1a8a58b7fc7646ff92c6b4346c64005,355.0,350.0,RGBA,ka_81.png,.png
/home/manvith/Desktop/Projects/Tulu Dataset/Tulu-Dtatset-V2/ka/ka_52.png,Tulu-Dtatset-V2,ka,train,d65d415bd07f1655ad94caf6bb7c83f4d9e22b86e62f65a183689984d620227d,365.0,349.0,RGBA,ka_52.png,.png
/home/manvith/Desktop/Projects/Tulu Dataset/Tulu-Dtatset-V2/ka/ka_84.png,Tulu-Dtatset-V2,ka,train,96596a665283894e40ed03f481b92b247f60474af12f0903a26b095a7a99b2c7,355.0,350.0,RGBA,ka_84.png,.png
/home/manvith/Desktop/Projects/Tulu Dataset/Tulu-Dtatset-V2/ka/ka_97.png,Tulu-Dtatset-V2,ka,train,b0b10bbf2e234a9061e3b846305561346d8fd2f230725799fab372602d4e5072,355.0,350.0,RGBA,ka_97.png,.png
/home/manvith/Desktop/Projects/Tulu Dataset/Tulu-Dtatset-V2/ka/ka_71.png,Tulu-Dtatset-V2,ka,train,1654c373061bef2919baf14c3f1bc59b416b88be07960db258b0f5449e4326e1,365.0,349.0,RGBA,ka_71.png,.png
/home/manvith/Desktop/Projects/Tulu Dataset/Tulu-Dtatset-V2/ka/ka_43.png,Tulu-Dtatset-V2,ka,train,c6cb055e620e5bff2f55a954eb6c5a9b7746466f9d0afc6d8f2c49cded9eed40,365.0,349.0,RGBA,ka_43.png,.png
/home/manvith/Desktop/Projects/Tulu Dataset/Tulu-Dtatset-V2/ka/ka_63.png,Tulu-Dtatset-V2,ka,train,bc9055eadc2492a070921f7aac139fe4d6878911678f16d0bbc8838751b54bbc,365.0,349.0,RGBA,ka_63.png,.png
/home/manvith/Desktop/Projects/Tulu Dataset/Tulu-Dtatset-V2/ka/ka_96.png,Tulu-Dtatset-V2,ka,train,db23b68739957a1c58335ffbf8bf77ce4d7418f406f1741da12c4b45badbb7f7,355.0,350.0,RGBA,ka_96.png,.png
/home/manvith/Desktop/Projects/Tulu Dataset/Tulu-Dtatset-V2/ka/ka_54.png,Tulu-Dtatset-V2,ka,train,91193bfefdc856997c2c95676bb5ef5b5a2d53158f3bad04154b418e48dfc9d3,365.0,349.0,RGBA,ka_54.png,.png
/home/manvith/Desktop/Projects/Tulu Dataset/Tulu-Dtatset-V2/ka/ka_11.png,Tulu-Dtatset-V2,ka,train,40c4c93b2227c1e5542bcd85cd63065ba315a88b614501f06973ae7affaf24b4,358.0,357.0,RGBA,ka_11.png,.png
/home/manvith/Desktop/Projects/Tulu Dataset/Tulu-Dtatset-V2/ka/ka_29.png,Tulu-Dtatset-V2,ka,train,9c31baca67beb3bc439b08e4d3283a588d0c10dcb38ef5e63a81a12f5d2db481,355.0,350.0,RGBA,ka_29.png,.png
/home/manvith/Desktop/Projects/Tulu Dataset/Tulu-Dtatset-V2/ka/ka_76.png,Tulu-Dtatset-V2,ka,train,6b6884b97c925f49babf0ea0031f8b106a984b1445625ed06323f52be17662f2,365.0,349.0,RGBA,ka_76.png,.png
/home/manvith/Desktop/Projects/Tulu Dataset/Tulu-Dtatset-V2/ka/ka_86.png,Tulu-Dtatset-V2,ka,train,672aa16a4baba4c1534c7e1d692924c84ea814cb2e59269f2b9ed1349d92dc4d,355.0,350.0,RGBA,ka_86.png,.png
/home/manvith/Desktop/Projects/Tulu Dataset/Tulu-Dtatset-V2/ka/ka_82.png,Tulu-Dtatset-V2,ka,train,6d7e53969df83258b66d2ebd8ae8ed40adf319b8040997cf6431b3d36c2cd707,355.0,350.0,RGBA,ka_82.png,.png
/home/manvith/Desktop/Projects/Tulu Dataset/Tulu-Dtatset-V2/ka/ka_35.png,Tulu-Dtatset-V2,ka,train,557eb8f72bd1c4a4070a7a4da0c4496dfb147cafd16110bb1961b01e0dd07ff6,355.0,350.0,RGBA,ka_35.png,.png
/home/manvith/Desktop/Projects/Tulu Dataset/Tulu-Dtatset-V2/ka/ka_38.png,Tulu-Dtatset-V2,ka,train,78f4a90c3c70d3069bc635d6beb13f3cf20372301e58b9b15eadfa4fbc99d661,355.0,350.0,RGBA,ka_38.png,.png
/home/manvith/Desktop/Projects/Tulu Dataset/Tulu-Dtatset-V2/ka/ka_31.png,Tulu-Dtatset-V2,ka,train,6df55d7d2d6211a76ed55393174c79b3ad62c25ea24dddfa550f968fd355367c,355.0,350.0,RGBA,ka_31.png,.png
/home/manvith/Desktop/Projects/Tulu Dataset/Tulu-Dtatset-V2/ka/ka_13.png,Tulu-Dtatset-V2,ka,train,54737fcd941670ab4b116ad8b0ff5d57595da8b10d6f71825533a98239e6810a,357.0,357.0,RGBA,ka_13.png,.png
/home/manvith/Desktop/Projects/Tulu Dataset/Tulu-Dtatset-V2/ka/ka_10.png,Tulu-Dtatset-V2,ka,train,76309179e41a2d30114506b845b4e8d1212cb24870988a8d6db5abb4cbe289dc,358.0,357.0,RGBA,ka_10.png,.png
/home/manvith/Desktop/Projects/Tulu Dataset/Tulu-Dtatset-V2/ka/ka_87.png,Tulu-Dtatset-V2,ka,train,f5b0c20b713c75b71d2263de03a582e7414fe61d10811e8c71f27c77c8981fac,355.0,350.0,RGBA,ka_87.png,.png
/home/manvith/Desktop/Projects/Tulu Dataset/Tulu-Dtatset-V2/ka/ka_26.png,Tulu-Dtatset-V2,ka,train,64ce8a81035d773906b3ec47b33e6c5a560fa6528a71238fd392509b39d0ce72,355.0,350.0,RGBA,ka_26.png,.png
/home/manvith/Desktop/Projects/Tulu Dataset/Tulu-Dtatset-V2/ka/ka_6.png,Tulu-Dtatset-V2,ka,train,c8edfa2bfac67a1269ef67d2e5f273e5cad1a84735dc1ae81d594c2571de134a,362.0,355.0,RGBA,ka_6.png,.png
/home/manvith/Desktop/Projects/Tulu Dataset/Tulu-Dtatset-V2/ka/ka_88.png,Tulu-Dtatset-V2,ka,train,ba4caa928405e58ca62b20120e163c6fb91c583b45cb809f47d437b7babec2a4,355.0,350.0,RGBA,ka_88.png,.png
/home/manvith/Desktop/Projects/Tulu Dataset/Tulu-Dtatset-V2/ka/ka_83.png,Tulu-Dtatset-V2,ka,train,aaf8609cdae7957391916fc1169c385538dd9c63b1251b5586ac4fa62761189c,355.0,350.0,RGBA,ka_83.png,.png
/home/manvith/Desktop/Projects/Tulu Dataset/Tulu-Dtatset-V2/ka/ka_66.png,Tulu-Dtatset-V2,ka,train,9c448df84ceda3415a3f8137e6ea2d73059bc305e7546cbe5b799db9583eef12,365.0,349.0,RGBA,ka_66.png,.png
/home/manvith/Desktop/Projects/Tulu Dataset/Tulu-Dtatset-V2/ka/ka_72.png,Tulu-Dtatset-V2,ka,train,7baa5dacacbac49ace75d4c07b0ef3af3c27e31289e9271399a421f731d7a104,365.0,349.0,RGBA,ka_72.png,.png
/home/manvith/Desktop/Projects/Tulu Dataset/Tulu-Dtatset-V2/ka/ka_30.png,Tulu-Dtatset-V2,ka,train,f9da8372b6984d7780ab08520282b09372de9da22e7afb74687cb509f06e725e,355.0,350.0,RGBA,ka_30.png,.png
/home/manvith/Desktop/Projects/Tulu Dataset/Tulu-Dtatset-V2/ka/ka_85.png,Tulu-Dtatset-V2,ka,train,9c35d8fd421cd211da0fcbe095ccfcc91f16183e7017e7c05014744d981c1080,355.0,350.0,RGBA,ka_85.png,.png
/home/manvith/Desktop/Projects/Tulu Dataset/Tulu-Dtatset-V2/ka/ka_46.png,Tulu-Dtatset-V2,ka,train,0daf43187abba9fa3c19f3218806ab5a1bd28c6d6ac9a44b1c1bef6d49840ded,365.0,349.0,RGBA,ka_46.png,.png
/home/manvith/Desktop/Projects/Tulu Dataset/Tulu-Dtatset-V2/ka/ka_27.png,Tulu-Dtatset-V2,ka,train,0f56a88536f21074236e0217447ec3c28e8b3cb882c11fce5346f3d41f294b6f,355.0,350.0,RGBA,ka_27.png,.png
/home/manvith/Desktop/Projects/Tulu Dataset/Tulu-Dtatset-V2/ka/ka_8.png,Tulu-Dtatset-V2,ka,train,108f4b4f8e8a48114c563512d54c655e88fedd485ff1d9a51059b3d5c8d8ffb4,358.0,339.0,RGBA,ka_8.png,.png
/home/manvith/Desktop/Projects/Tulu Dataset/Tulu-Dtatset-V2/ka/ka_57.png,Tulu-Dtatset-V2,ka,train,1ff2e3cd2834833bb6f86db8890d8d262432aee59a3a653972d1122a1b85cb5e,365.0,349.0,RGBA,ka_57.png,.png
/home/manvith/Desktop/Projects/Tulu Dataset/Tulu-Dtatset-V2/ka/ka_53.png,Tulu-Dtatset-V2,ka,train,30ac2594306819f2dceb47230d1e17a1060f1a5f95e7e90ce80c1c1f0a9917f3,365.0,349.0,RGBA,ka_53.png,.png
/home/manvith/Desktop/Projects/Tulu Dataset/Tulu-Dtatset-V2/ka/ka_42.png,Tulu-Dtatset-V2,ka,train,584e671c7aae4b50423eb54debc3d37f9d959f82baf94f3ba743703c60bb2852,365.0,349.0,RGBA,ka_42.png,.png
/home/manvith/Desktop/Projects/Tulu Dataset/Tulu-Dtatset-V2/ka/ka_14.png,Tulu-Dtatset-V2,ka,train,48ecb6fc905e4cb7b5d05129fbc62110e86d9a8ff686396951b2efa7b8f4a681,364.0,342.0,RGBA,ka_14.png,.png
/home/manvith/Desktop/Projects/Tulu Dataset/Tulu-Dtatset-V2/ka/ka_2.png,Tulu-Dtatset-V2,ka,train,3bd15f14179b8cecaf1980e84ec53301fc08d36fa20e695e5912f26bf469e55e,355.0,350.0,RGBA,ka_2.png,.png
/home/manvith/Desktop/Projects/Tulu Dataset/Tulu-Dtatset-V2/ka/ka_95.png,Tulu-Dtatset-V2,ka,train,b2b090f32495f5701098bed83796dcdd09761afc22802d7a727fbec1ac1033bf,355.0,350.0,RGBA,ka_95.png,.png
/home/manvith/Desktop/Projects/Tulu Dataset/Tulu-Dtatset-V2/ka/ka_37.png,Tulu-Dtatset-V2,ka,train,901cd3fc19925ff999b426aa21bdce2a5c089f894bbd157c480b3449cedf6bba,355.0,350.0,RGBA,ka_37.png,.png
/home/manvith/Desktop/Projects/Tulu Dataset/Tulu-Dtatset-V2/ka/ka_60.png,Tulu-Dtatset-V2,ka,train,e3a6778eefb642419583c316c084f9814b6e0d98325b33c5e4ba33892d0b0bcc,365.0,349.0,RGBA,ka_60.png,.png
/home/manvith/Desktop/Projects/Tulu Dataset/Tulu-Dtatset-V2/kha/kha_1.png,Tulu-Dtatset-V2,kha,train,f2d20dec68a4bf837238f79e4f1ad874220f564796cefe5b474db329088c02ef,367.0,346.0,RGBA,kha_1.png,.png
/home/manvith/Desktop/Projects/Tulu Dataset/Tulu-Dtatset-V2/kha/kha_32.png,Tulu-Dtatset-V2,kha,train,41a52a1dec7ed03a08611222edc60155cf2f5d59ad2e26d7f1ed9606446024eb,364.0,337.0,RGBA,kha_32.png,.png
/home/manvith/Desktop/Projects/Tulu Dataset/Tulu-Dtatset-V2/kha/kha_86.png,Tulu-Dtatset-V2,kha,train,77ed237339ee7fe83b2a67b2101e297c7ab97babda08aa9fbeab14ef42530b90,364.0,341.0,RGBA,kha_86.png,.png
/home/manvith/Desktop/Projects/Tulu Dataset/Tulu-Dtatset-V2/kha/kha_53.png,Tulu-Dtatset-V2,kha,train,49a3be6707ac17b3921259f596872a23cb709f80d1593f286fd8bf35ddd2ed28,365.0,335.0,RGBA,kha_53.png,.png
/home/manvith/Desktop/Projects/Tulu Dataset/Tulu-Dtatset-V2/kha/kha_50.png,Tulu-Dtatset-V2,kha,train,dda793022f2c2fb7b5eb9a761bced94530d069731e577466443820bac4113e6b,364.0,337.0,RGBA,kha_50.png,.png
/home/manvith/Desktop/Projects/Tulu Dataset/Tulu-Dtatset-V2/kha/kha_74.png,Tulu-Dtatset-V2,kha,train,6a88e06b07b4ffa1fee37e3b8d748905f7df3182ccb9e8bcbb3865ab7eb43ffc,369.0,357.0,RGBA,kha_74.png,.png
/home/manvith/Desktop/Projects/Tulu Dataset/Tulu-Dtatset-V2/kha/kha_30.png,Tulu-Dtatset-V2,kha,train,a810252f729a7e07930ecc431c07ec092b3b5d8a6ca1470b1bc0fd12e2a67962,354.0,349.0,RGBA,kha_30.png,.png
/home/manvith/Desktop/Projects/Tulu Dataset/Tulu-Dtatset-V2/kha/kha_9.png,Tulu-Dtatset-V2,kha,train,bed68d058bed1707fe713874813bdf885cac255ac59c149698ed4de513b1e3c8,369.0,356.0,RGBA,kha_9.png,.png
/home/manvith/Desktop/Projects/Tulu Dataset/Tulu-Dtatset-V2/kha/kha_59.png,Tulu-Dtatset-V2,kha,train,f7da09dbd024bdd17e1345c88438cefece543159086406a14a57263ddfd5f88b,365.0,335.0,RGBA,kha_59.png,.png
/home/manvith/Desktop/Projects/Tulu Dataset/Tulu-Dtatset-V2/kha/kha_26.png,Tulu-Dtatset-V2,kha,train,d7b7a5e33429073e28cf23077c74dd0a84d3d60a421a006d77ff02dc4ca395c2,354.0,349.0,RGBA,kha_26.png,.png
/home/manvith/Desktop/Projects/Tulu Dataset/Tulu-Dtatset-V2/kha/kha_3.png,Tulu-Dtatset-V2,kha,train,03a37ff95ef1677bef733a80e6335df5eb1126f7ad738ccf88fd5d14e3340786,364.0,345.0,RGBA,kha_3.png,.png
/home/manvith/Desktop/Projects/Tulu Dataset/Tulu-Dtatset-V2/kha/kha_38.png,Tulu-Dtatset-V2,kha,train,639060c66356940ca2494a1d78c51d311d4198755b7633a4f2ee51051d01580a,364.0,337.0,RGBA,kha_38.png,.png
/home/manvith/Desktop/Projects/Tulu Dataset/Tulu-Dtatset-V2/kha/kha_93.png,Tulu-Dtatset-V2,kha,train,e049836a65119a1f5feda875054f542680ee7802ec285d999b547c40c21b9c8d,364.0,341.0,RGBA,kha_93.png,.png
/home/manvith/Desktop/Projects/Tulu Dataset/Tulu-Dtatset-V2/kha/kha_13.png,Tulu-Dtatset-V2,kha,train,6cc85af48ef6af8fc8c79af23241cfdf92e03de8aa5f02d90aabe9c068237722,363.0,352.0,RGBA,kha_13.png,.png
/home/manvith/Desktop/Projects/Tulu Dataset/Tulu-Dtatset-V2/kha/kha_61.png,Tulu-Dtatset-V2,kha,train,5eff7aa5310b8e9328718bddf880593c5bb69445d1b48b29c515454051368991,365.0,335.0,RGBA,kha_61.png,.png
/home/manvith/Desktop/Projects/Tulu Dataset/Tulu-Dtatset-V2/kha/kha_15.png,Tulu-Dtatset-V2,kha,train,b484361d6fbc885033411f9c55def3c6731c89b39283390204caaa5c3c4f5071,359.0,348.0,RGBA,kha_15.png,.png
/home/manvith/Desktop/Projects/Tulu Dataset/Tulu-Dtatset-V2/kha/kha_34.png,Tulu-Dtatset-V2,kha,train,47bdbf4281abe95ee26bfc2d4758da922026b386b958b053134af9208127dc3a,364.0,337.0,RGBA,kha_34.png,.png
/home/manvith/Desktop/Projects/Tulu Dataset/Tulu-Dtatset-V2/kha/kha_41.png,Tulu-Dtatset-V2,kha,train,2c6cf1caaedaf40c4adea08e1f97fdb6e6ab15e5984830d78ee3da68ffb1ac7b,364.0,337.0,RGBA,kha_41.png,.png
/home/manvith/Desktop/Projects/Tulu Dataset/Tulu-Dtatset-V2/kha/kha_2.png,Tulu-Dtatset-V2,kha,train,c7e2641c0faa97f14aa604e9e70b79a885eded16831d45e287427831604b8235,354.0,349.0,RGBA,kha_2.png,.png
/home/manvith/Desktop/Projects/Tulu Dataset/Tulu-Dtatset-V2/kha/kha_73.png,Tulu-Dtatset-V2,kha,train,2aa8e76d5f93312fa0e0ffd4b1430850d8a8547112108fe3215510f0de840b9e,369.0,357.0,RGBA,kha_73.png,.png
/home/manvith/Desktop/Projects/Tulu Dataset/Tulu-Dtatset-V2/kha/kha_57.png,Tulu-Dtatset-V2,kha,train,f874a3dd01f03809624593df4c7f99669084587977b32b24072e1cc0c2a3e920,365.0,335.0,RGBA,kha_57.png,.png
/home/manvith/Desktop/Projects/Tulu Dataset/Tulu-Dtatset-V2/kha/kha_40.png,Tulu-Dtatset-V2,kha,train,1f9a718036487192f74a98b4bdf04f4f522498db7225e4dee0b74567d2f332df,364.0,337.0,RGBA,kha_40.png,.png
/home/manvith/Desktop/Projects/Tulu Dataset/Tulu-Dtatset-V2/kha/kha_72.png,Tulu-Dtatset-V2,kha,train,d7152bfa5841175a4f1e4030b4b706fc74000c9d416a0f2dd0a73e89cc0a66f7,369.0,357.0,RGBA,kha_72.png,.png
/home/manvith/Desktop/Projects/Tulu Dataset/Tulu-Dtatset-V2/kha/kha_14.png,Tulu-Dtatset-V2,kha,train,99925ac5eea92fca1ef8267afb545886a68c2f0395b305ef2e310fb608c9ae1c,364.0,341.0,RGBA,kha_14.png,.png
/home/manvith/Desktop/Projects/Tulu Dataset/Tulu-Dtatset-V2/kha/kha_67.png,Tulu-Dtatset-V2,kha,train,66914ab04fe88294e2643a5d9a71e2151e70b4fdfe130081cec25cc4cf23b590,365.0,335.0,RGBA,kha_67.png,.png
/home/manvith/Desktop/Projects/Tulu Dataset/Tulu-Dtatset-V2/kha/kha_6.png,Tulu-Dtatset-V2,kha,train,10c35ecaac5ef7bd9839e990185a09a150d7f09fd1127775a42892fd359c5e69,366.0,334.0,RGBA,kha_6.png,.png
/home/manvith/Desktop/Projects/Tulu Dataset/Tulu-Dtatset-V2/kha/kha_24.png,Tulu-Dtatset-V2,kha,train,e263c733e09fbfb7a6063751ba84985c9fcf1198a2362dce4c7c54c20b32039f,354.0,349.0,RGBA,kha_24.png,.png
/home/manvith/Desktop/Projects/Tulu Dataset/Tulu-Dtatset-V2/kha/kha_98.png,Tulu-Dtatset-V2,kha,train,ea94767c405b019abfbe55a27bfca6e59951ec1cd74a953574300cfd412dda43,364.0,341.0,RGBA,kha_98.png,.png
/home/manvith/Desktop/Projects/Tulu Dataset/Tulu-Dtatset-V2/kha/kha_29.png,Tulu-Dtatset-V2,kha,train,9ead40312f19bcfe546b1318ac2261f13867a8b190f5760643033e70db327097,354.0,349.0,RGBA,kha_29.png,.png
/home/manvith/Desktop/Projects/Tulu Dataset/Tulu-Dtatset-V2/kha/kha_94.png,Tulu-Dtatset-V2,kha,train,5a998e39fec5547a46d66d90f25179a7d1d2e6a0ba3cce848ba4e15a2881916c,364.0,341.0,RGBA,kha_94.png,.png
/home/manvith/Desktop/Projects/Tulu Dataset/Tulu-Dtatset-V2/kha/kha_90.png,Tulu-Dtatset-V2,kha,train,a1b7d7a1f7a8a9ddd71ecd28b8f163514c519fd70a025196a2822c3036d5c610,364.0,341.0,RGBA,kha_90.png,.png
/home/manvith/Desktop/Projects/Tulu Dataset/Tulu-Dtatset-V2/kha/kha_85.png,Tulu-Dtatset-V2,kha,train,0100fa4ff0bf1258bf793c513c712646d77ead496fed6546f78e66c438638014,364.0,341.0,RGBA,kha_85.png,.png
/home/manvith/Desktop/Projects/Tulu Dataset/Tulu-Dtatset-V2/kha/kha_17.png,Tulu-Dtatset-V2,kha,train,914c1512803d86b20b78ffd3bd05b90956bd60cc4dc6e3d5c756a8a0d905a725,354.0,349.0,RGBA,kha_17.png,.png
/home/manvith/Desktop/Projects/Tulu Dataset/Tulu-Dtatset-V2/kha/kha_65.png,Tulu-Dtatset-V2,kha,train,33aea3ec9de7ff3170fcc02979075dfa959792fde6eb6e68ef21505afd9ab787,365.0,335.0,RGBA,kha_65.png,.png
/home/manvith/Desktop/Projects/Tulu Dataset/Tulu-Dtatset-V2/kha/kha_63.png,Tulu-Dtatset-V2,kha,train,8eceebf4bf3fb8e7d7cfe379fecade4e93b01f52566ced85dd645c35294b62b2,365.0,335.0,RGBA,kha_63.png,.png
/home/manvith/Desktop/Projects/Tulu Dataset/Tulu-Dtatset-V2/kha/kha_39.png,Tulu-Dtatset-V2,kha,train,932d670ebc0e16e1d0c5ec0f8748bf1472a26830af212026663e0a6692e1ea3b,364.0,337.0,RGBA,kha_39.png,.png
/home/manvith/Desktop/Projects/Tulu Dataset/Tulu-Dtatset-V2/kha/kha_77.png,Tulu-Dtatset-V2,kha,train,58ac3acaaa06a7c1a0c59acc428a35c31ed73ebb93696a9307ff70e9b8a3c54f,369.0,357.0,RGBA,kha_77.png,.png
/home/manvith/Desktop/Projects/Tulu Dataset/Tulu-Dtatset-V2/kha/kha_21.png,Tulu-Dtatset-V2,kha,train,c454d8411670f9f933547cf29079196c884e30018914cd7dd80bfcc17812f0a8,354.0,349.0,RGBA,kha_21.png,.png
/home/manvith/Desktop/Projects/Tulu Dataset/Tulu-Dtatset-V2/kha/kha_60.png,Tulu-Dtatset-V2,kha,train,f8a4a41cd33e843e1b7e4f99d59467760f114bf58b329f146da37bacb9aa8f71,365.0,335.0,RGBA,kha_60.png,.png
/home/manvith/Desktop/Projects/Tulu Dataset/Tulu-Dtatset-V2/kha/kha_56.png,Tulu-Dtatset-V2,kha,train,947521f5639888749fe1f4a9951c80f36ec0060316f4f0c5eba5d0f127bcb51f,365.0,335.0,RGBA,kha_56.png,.png
/home/manvith/Desktop/Projects/Tulu Dataset/Tulu-Dtatset-V2/kha/kha_33.png,Tulu-Dtatset-V2,kha,train,2a02361d72eaabed765e11d108edc01fa2079643438e64d4f440885b0ea8bb7e,364.0,337.0,RGBA,kha_33.png,.png
/home/manvith/Desktop/Projects/Tulu Dataset/Tulu-Dtatset-V2/kha/kha_87.png,Tulu-Dtatset-V2,kha,train,f0ddf4270788c7bb5a476cf4b36bf64e2b29e02427e33fbc72cd0d896a12698e,364.0,341.0,RGBA,kha_87.png,.png
/home/manvith/Desktop/Projects/Tulu Dataset/Tulu-Dtatset-V2/kha/kha_35.png,Tulu-Dtatset-V2,kha,train,bdcdf1f11993b017999f324a6ae014af4cd5fb45992c9569df11fa02dba1b983,364.0,337.0,RGBA,kha_35.png,.png
/home/manvith/Desktop/Projects/Tulu Dataset/Tulu-Dtatset-V2/kha/kha_10.png,Tulu-Dtatset-V2,kha,train,a74b21d895709baf031aa2b49179f294f0d084a0a1cb2ace92134a302f1eabb2,369.0,357.0,RGBA,kha_10.png,.png
/home/manvith/Desktop/Projects/Tulu Dataset/Tulu-Dtatset-V2/kha/kha_20.png,Tulu-Dtatset-V2,kha,train,1cbaf41f621e6820dad2e8181796006f6017fb872275d84f9104b5c30541b107,354.0,349.0,RGBA,kha_20.png,.png
/home/manvith/Desktop/Projects/Tulu Dataset/Tulu-Dtatset-V2/kha/kha_16.png,Tulu-Dtatset-V2,kha,train,f666dbe58080af8c01d9ffe30ae18644180cc0c4e4e0688b5d6a216bb410cc31,354.0,349.0,RGBA,kha_16.png,.png
/home/manvith/Desktop/Projects/Tulu Dataset/Tulu-Dtatset-V2/kha/kha_5.png,Tulu-Dtatset-V2,kha,train,38c7d563e29435c0f9cba2ce5a9847e0b270e698c5796e649a1125991d3f8043,363.0,332.0,RGBA,kha_5.png,.png
/home/manvith/Desktop/Projects/Tulu Dataset/Tulu-Dtatset-V2/kha/kha_42.png,Tulu-Dtatset-V2,kha,train,c1f549ac1075148ad7d7234e3688be0b5b4a190eea651737d7fcca4013690301,364.0,337.0,RGBA,kha_42.png,.png
/home/manvith/Desktop/Projects/Tulu Dataset/Tulu-Dtatset-V2/kha/kha_83.png,Tulu-Dtatset-V2,kha,train,95f28b20bb492016c0aadba4681188f1178f711ce98d88f07066f62ea326f599,364.0,341.0,RGBA,kha_83.png,.png
/home/manvith/Desktop/Projects/Tulu Dataset/Tulu-Dtatset-V2/kha/kha_23.png,Tulu-Dtatset-V2,kha,train,caf73a83ab6c7c970ad1037714d72ecbbf4df890d74ab0c895ea8c2b1604dc82,354.0,349.0,RGBA,kha_23.png,.png
/home/manvith/Desktop/Projects/Tulu Dataset/Tulu-Dtatset-V2/kha/kha_82.png,Tulu-Dtatset-V2,kha,train,c829c16ae4cfa7f5e27bde5a6ff27122ed7af8ff55648f3a81eec7ff78d60e16,364.0,341.0,RGBA,kha_82.png,.png
/home/manvith/Desktop/Projects/Tulu Dataset/Tulu-Dtatset-V2/kha/kha_18.png,Tulu-Dtatset-V2,kha,train,f20e2b93051e3d1337b93da8445e669ea91b6e16c6b94d2cede2591bd067f353,354.0,349.0,RGBA,kha_18.png,.png
/home/manvith/Desktop/Projects/Tulu Dataset/Tulu-Dtatset-V2/kha/kha_31.png,Tulu-Dtatset-V2,kha,train,aa0ce6b79dcd2c51945f5ae49024d9f19ca545a306f618ac5f14d19497b4a58e,364.0,337.0,RGBA,kha_31.png,.png
/home/manvith/Desktop/Projects/Tulu Dataset/Tulu-Dtatset-V2/kha/kha_54.png,Tulu-Dtatset-V2,kha,train,a15cc486e446039f0147e72d9c648f22a93c03dc3e5c5a867a344c483d6c6bce,365.0,335.0,RGBA,kha_54.png,.png
/home/manvith/Desktop/Projects/Tulu Dataset/Tulu-Dtatset-V2/kha/kha_70.png,Tulu-Dtatset-V2,kha,train,d8c484528a2a8973f8948c2e8572f67453fbd80a4af67e1de4c5a04643a017c2,365.0,335.0,RGBA,kha_70.png,.png
/home/manvith/Desktop/Projects/Tulu Dataset/Tulu-Dtatset-V2/kha/kha_79.png,Tulu-Dtatset-V2,kha,train,2d515c5f54035c67fe2a2dedcc14293ee9dea7ea7f906ff3710043c3d0caf431,369.0,357.0,RGBA,kha_79.png,.png
/home/manvith/Desktop/Projects/Tulu Dataset/Tulu-Dtatset-V2/kha/kha_88.png,Tulu-Dtatset-V2,kha,train,22fb61a90349f2ade8c5ad5692ca30312c7b0e2f3d5e5b7573f69e00193f33c2,364.0,341.0,RGBA,kha_88.png,.png
/home/manvith/Desktop/Projects/Tulu Dataset/Tulu-Dtatset-V2/kha/kha_81.png,Tulu-Dtatset-V2,kha,train,0f8c27d726faf38558942295bf3f5018fb016c17a0ba128fff518e11d41f91cb,364.0,341.0,RGBA,kha_81.png,.png
/home/manvith/Desktop/Projects/Tulu Dataset/Tulu-Dtatset-V2/kha/kha_19.png,Tulu-Dtatset-V2,kha,train,8931d278c455211138a7df4598fb2b98e32bf12a72b428cb4ccd69a84008c0e2,354.0,349.0,RGBA,kha_19.png,.png
/home/manvith/Desktop/Projects/Tulu Dataset/Tulu-Dtatset-V2/kha/kha_37.png,Tulu-Dtatset-V2,kha,train,f41006f8f6fa247868df1a194e6cd1142f8583a98b7a1a15b72f1b095ca1e75a,364.0,337.0,RGBA,kha_37.png,.png
/home/manvith/Desktop/Projects/Tulu Dataset/Tulu-Dtatset-V2/kha/kha_43.png,Tulu-Dtatset-V2,kha,train,83caa8fe5362101af6510f868aba6737795aabdc8f45a67907fffe078caddbb6,364.0,337.0,RGBA,kha_43.png,.png
/home/manvith/Desktop/Projects/Tulu Dataset/Tulu-Dtatset-V2/kha/kha_95.png,Tulu-Dtatset-V2,kha,train,2f1fbd546aa630643cc798f5bd1ae5a426b0e507131164f4fb3c37e50173e5a6,364.0,341.0,RGBA,kha_95.png,.png
/home/manvith/Desktop/Projects/Tulu Dataset/Tulu-Dtatset-V2/kha/kha_51.png,Tulu-Dtatset-V2,kha,train,513c0eddb6336486f071de8d3e790f20860850f464ca822ca14f57db1f28e537,365.0,335.0,RGBA,kha_51.png,.png
/home/manvith/Desktop/Projects/Tulu Dataset/Tulu-Dtatset-V2/kha/kha_36.png,Tulu-Dtatset-V2,kha,train,ad7e5fed934742abb7cf8c9647c930079681a4101a2075f5052a15eb9c753a27,364.0,337.0,RGBA,kha_36.png,.png
/home/manvith/Desktop/Projects/Tulu Dataset/Tulu-Dtatset-V2/kha/kha_4.png,Tulu-Dtatset-V2,kha,train,0b014237f06ca7cf25a34b706f2d2ed09bf896137157ec08bc221765cca78de5,364.0,337.0,RGBA,kha_4.png,.png
/home/manvith/Desktop/Projects/Tulu Dataset/Tulu-Dtatset-V2/kha/kha_76.png,Tulu-Dtatset-V2,kha,train,abbc7b16b9d80f2589e58a0f79cba9e4a99c2ac28691d7b15a47a35cdf5704a4,369.0,357.0,RGBA,kha_76.png,.png
/home/manvith/Desktop/Projects/Tulu Dataset/Tulu-Dtatset-V2/kha/kha_12.png,Tulu-Dtatset-V2,kha,train,f79c4d27f860a69755dbc88bbc8596123a0c580b679b9177dbf8c5cac923ea69,370.0,337.0,RGBA,kha_12.png,.png
/home/manvith/Desktop/Projects/Tulu Dataset/Tulu-Dtatset-V2/kha/kha_45.png,Tulu-Dtatset-V2,kha,train,4d20e0f31f05ea099f8f30ab84aac93431266a261d8e4fd5d375e209505c65cb,364.0,337.0,RGBA,kha_45.png,.png
/home/manvith/Desktop/Projects/Tulu Dataset/Tulu-Dtatset-V2/kha/kha_58.png,Tulu-Dtatset-V2,kha,train,b2a6e0ab927ad71b6aba667876f57df39e7c252ac50c71441746ed30376739f9,365.0,335.0,RGBA,kha_58.png,.png
/home/manvith/Desktop/Projects/Tulu Dataset/Tulu-Dtatset-V2/kha/kha_22.png,Tulu-Dtatset-V2,kha,train,a967c10091078d43d6ee8dc0beee8c5a54cfebf4aeddf10116694037128d754f,354.0,349.0,RGBA,kha_22.png,.png
/home/manvith/Desktop/Projects/Tulu Dataset/Tulu-Dtatset-V2/kha/kha_97.png,Tulu-Dtatset-V2,kha,train,72c9bc895c4dfdec45a9531b52a15a449fbb68f7b2bb5ab763086941996d5a0c,364.0,341.0,RGBA,kha_97.png,.png
/home/manvith/Desktop/Projects/Tulu Dataset/Tulu-Dtatset-V2/kha/kha_52.png,Tulu-Dtatset-V2,kha,train,8461b927b02eea679dcefe59b8129234907663dafe205a57ad2f180fde83818e,365.0,335.0,RGBA,kha_52.png,.png
/home/manvith/Desktop/Projects/Tulu Dataset/Tulu-Dtatset-V2/kha/kha_100.png,Tulu-Dtatset-V2,kha,train,6eb19715a10a126eb09cee32de9bd6ebda569a54e1d5100eafff53950f27701f,364.0,341.0,RGBA,kha_100.png,.png
/home/manvith/Desktop/Projects/Tulu Dataset/Tulu-Dtatset-V2/kha/kha_96.png,Tulu-Dtatset-V2,kha,train,a1558fab24281b50f682e38bcdf375b48f16ff820510081ef8894859551c3e44,364.0,341.0,RGBA,kha_96.png,.png
/home/manvith/Desktop/Projects/Tulu Dataset/Tulu-Dtatset-V2/kha/kha_84.png,Tulu-Dtatset-V2,kha,train,4b01fec8d8497897095178092dbcd82f28b1e8e0e4d8925bd26391c4cb9c423a,364.0,341.0,RGBA,kha_84.png,.png
/home/manvith/Desktop/Projects/Tulu Dataset/Tulu-Dtatset-V2/kha/kha_75.png,Tulu-Dtatset-V2,kha,train,30d14fd2eac87e98a30cd01daa9923a082d761f950b4d18b8e1223d9e0aafd97,369.0,357.0,RGBA,kha_75.png,.png
/home/manvith/Desktop/Projects/Tulu Dataset/Tulu-Dtatset-V2/kha/kha_66.png,Tulu-Dtatset-V2,kha,train,2406a3a55f496d39a23ce0a7564328cac5f9a64b2f8000b3f3a45ec0ff765201,365.0,335.0,RGBA,kha_66.png,.png
/home/manvith/Desktop/Projects/Tulu Dataset/Tulu-Dtatset-V2/kha/kha_71.png,Tulu-Dtatset-V2,kha,train,b320bfbdeda8aa1d826cbddb36d1d08cf47dd1433c3d6ba2698e3bf0186306bb,369.0,357.0,RGBA,kha_71.png,.png
/home/manvith/Desktop/Projects/Tulu Dataset/Tulu-Dtatset-V2/kha/kha_91.png,Tulu-Dtatset-V2,kha,train,bf7167339ba92bb17ddbdba587181e70ae3bd20249cc3e05a99c81bd4952f284,364.0,341.0,RGBA,kha_91.png,.png
/home/manvith/Desktop/Projects/Tulu Dataset/Tulu-Dtatset-V2/la/la_62.png,Tulu-Dtatset-V2,la,train,98f6e0bcf74aa62d816013fd9720c725e39594436375a2cfe48483361cd27699,356.0,340.0,RGBA,la_62.png,.png
/home/manvith/Desktop/Projects/Tulu Dataset/Tulu-Dtatset-V2/la/la_31.png,Tulu-Dtatset-V2,la,train,979a0b24dc11e630624f46352a91fff3fb20922c6d60fc77598ddae037f4fe57,359.0,337.0,RGBA,la_31.png,.png
/home/manvith/Desktop/Projects/Tulu Dataset/Tulu-Dtatset-V2/la/la_81.png,Tulu-Dtatset-V2,la,train,2a306845a2174f549e49fb013aec31254f791a8ef3c2d8077dc458badb983d1f,355.0,353.0,RGBA,la_81.png,.png
/home/manvith/Desktop/Projects/Tulu Dataset/Tulu-Dtatset-V2/la/la_77.png,Tulu-Dtatset-V2,la,train,58d778c3df5688619f23a609a6eaabd5a2ed745d0bc929f37d84cc69daeea8a0,355.0,353.0,RGBA,la_77.png,.png
/home/manvith/Desktop/Projects/Tulu Dataset/Tulu-Dtatset-V2/la/la_3.png,Tulu-Dtatset-V2,la,train,4b13b88406581ce2f7f41dfac0e624f523d8ff009c9a57f3ec7388e568dfd18f,355.0,353.0,RGBA,la_3.png,.png
/home/manvith/Desktop/Projects/Tulu Dataset/Tulu-Dtatset-V2/la/la_4.png,Tulu-Dtatset-V2,la,train,e01c6683b8d0747e50dbe4b6023de22ca8bb83d70daffa6f298723767ed6cb64,359.0,337.0,RGBA,la_4.png,.png
/home/manvith/Desktop/Projects/Tulu Dataset/Tulu-Dtatset-V2/la/la_51.png,Tulu-Dtatset-V2,la,train,47b44a9c2c011cbe15cf5bc5bca7687abd2732c7d08ec9d1f94abe5bafa9bdbd,356.0,340.0,RGBA,la_51.png,.png
/home/manvith/Desktop/Projects/Tulu Dataset/Tulu-Dtatset-V2/la/la_7.png,Tulu-Dtatset-V2,la,train,a533b9ab34c52162b52a846f8775c838ea5ab64b33563238b586b1c17d7f926b,356.0,340.0,RGBA,la_7.png,.png
/home/manvith/Desktop/Projects/Tulu Dataset/Tulu-Dtatset-V2/la/la_91.png,Tulu-Dtatset-V2,la,train,30853bae9abbcce4109f964eb0f2cab25a64365a1dbb7196a981b946cac4b03f,355.0,353.0,RGBA,la_91.png,.png
/home/manvith/Desktop/Projects/Tulu Dataset/Tulu-Dtatset-V2/la/la_84.png,Tulu-Dtatset-V2,la,train,57367b7f48b8c24e4bdb677504cdd3fffa75d05661cc3fcd561525adad38df43,355.0,353.0,RGBA,la_84.png,.png
/home/manvith/Desktop/Projects/Tulu Dataset/Tulu-Dtatset-V2/la/la_13.png,Tulu-Dtatset-V2,la,train,e67d74ec65076008ab09bdb14b8ce26cf86667a218f0b44ba58e1583585debb7,367.0,357.0,RGBA,la_13.png,.png
/home/manvith/Desktop/Projects/Tulu Dataset/Tulu-Dtatset-V2/la/la_16.png,Tulu-Dtatset-V2,la,train,e49d94bf11e2a4774966caab4240072234295ea5d7e56fc62a9799cacdffb6b7,345.0,333.0,RGBA,la_16.png,.png
/home/manvith/Desktop/Projects/Tulu Dataset/Tulu-Dtatset-V2/la/la_6.png,Tulu-Dtatset-V2,la,train,06f5a535a35d78959dcba0c8b9a803b5c3371faf4703bcd26f1366de040e7de8,364.0,346.0,RGBA,la_6.png,.png
/home/manvith/Desktop/Projects/Tulu Dataset/Tulu-Dtatset-V2/la/la_82.png,Tulu-Dtatset-V2,la,train,19046a2693d89e9ab5b69bf806f4824fcbe942a8f89926d6fb1dcc2e7db687f1,355.0,353.0,RGBA,la_82.png,.png
/home/manvith/Desktop/Projects/Tulu Dataset/Tulu-Dtatset-V2/la/la_75.png,Tulu-Dtatset-V2,la,train,aa9c17bc53e36c57497d42765030de8708c4ae33e68eff1a104977088679ce68,355.0,353.0,RGBA,la_75.png,.png
/home/manvith/Desktop/Projects/Tulu Dataset/Tulu-Dtatset-V2/la/la_69.png,Tulu-Dtatset-V2,la,train,1ab43c263962323f00212fc185383e750d3bee0dc9e32895b70ceb30f7dfcf11,356.0,340.0,RGBA,la_69.png,.png
/home/manvith/Desktop/Projects/Tulu Dataset/Tulu-Dtatset-V2/la/la_24.png,Tulu-Dtatset-V2,la,train,ca1390495cd078ccf059e54e1525b611885374097ccbc2a834fad3bcf20cfe06,345.0,333.0,RGBA,la_24.png,.png
/home/manvith/Desktop/Projects/Tulu Dataset/Tulu-Dtatset-V2/la/la_44.png,Tulu-Dtatset-V2,la,train,4511590122c05fddd8a14816b78e1c9b2818dbca987a7a7dd9c59a2a20f18c4d,359.0,337.0,RGBA,la_44.png,.png
/home/manvith/Desktop/Projects/Tulu Dataset/Tulu-Dtatset-V2/la/la_80.png,Tulu-Dtatset-V2,la,train,1847fb326428e28369611f0236018f0050dccd2f00a6e16c8820b187927a8226,355.0,353.0,RGBA,la_80.png,.png
/home/manvith/Desktop/Projects/Tulu Dataset/Tulu-Dtatset-V2/la/la_57.png,Tulu-Dtatset-V2,la,train,b95c9a93e35b5df3af264c9b5b091a566f1461ad0a143a2a3c258fcbd925ce1e,356.0,340.0,RGBA,la_57.png,.png
/home/manvith/Desktop/Projects/Tulu Dataset/Tulu-Dtatset-V2/la/la_48.png,Tulu-Dtatset-V2,la,train,8176024d606c9ba2b0d515e49223c0c24ddcd46046b9aa81ad159baf6bece8a2,359.0,337.0,RGBA,la_48.png,.png
/home/manvith/Desktop/Projects/Tulu Dataset/Tulu-Dtatset-V2/la/la_27.png,Tulu-Dtatset-V2,la,train,cb287b687885c8390f932a9d001417f4b24c5e86e0df748a0d59ded1c313cfff,345.0,333.0,RGBA,la_27.png,.png
/home/manvith/Desktop/Projects/Tulu Dataset/Tulu-Dtatset-V2/la/la_61.png,Tulu-Dtatset-V2,la,train,6cd8998e2afe9816d34235fda6739543e13914eb095a4bdb8db76b61cc624075,356.0,340.0,RGBA,la_61.png,.png
/home/manvith/Desktop/Projects/Tulu Dataset/Tulu-Dtatset-V2/la/la_98.png,Tulu-Dtatset-V2,la,train,a594c47096e6f91d2d7058572ccf3bbc54e6b95a94e26e2cefa4b53a217e8f32,355.0,353.0,RGBA,la_98.png,.png
/home/manvith/Desktop/Projects/Tulu Dataset/Tulu-Dtatset-V2/la/la_59.png,Tulu-Dtatset-V2,la,train,5ec1aa816b18b337f03a9528eca57546b47861abdd3313211a05e9d4768a9452,356.0,340.0,RGBA,la_59.png,.png
/home/manvith/Desktop/Projects/Tulu Dataset/Tulu-Dtatset-V2/la/la_10.png,Tulu-Dtatset-V2,la,train,84f42fc7780955b537bb40f13968c4a1d24663ebc77d2537a80de078a0777f14,369.0,357.0,RGBA,la_10.png,.png
/home/manvith/Desktop/Projects/Tulu Dataset/Tulu-Dtatset-V2/la/la_18.png,Tulu-Dtatset-V2,la,train,43d1c94ae684dde2b6ef4a91e333615a283c90eebdcee96889e1db8f682dd4d6,345.0,333.0,RGBA,la_18.png,.png
/home/manvith/Desktop/Projects/Tulu Dataset/Tulu-Dtatset-V2/la/la_30.png,Tulu-Dtatset-V2,la,train,0b2c92ab82e993eed45ca22c22e6a59ae5c81682497b9b14735e4f0a61beb232,345.0,333.0,RGBA,la_30.png,.png
/home/manvith/Desktop/Projects/Tulu Dataset/Tulu-Dtatset-V2/la/la_46.png,Tulu-Dtatset-V2,la,train,3d36fad9a5d21ef156e969b2a7f52c63d674d9f51cb2d1e50c1e924caf109904,359.0,337.0,RGBA,la_46.png,.png
/home/manvith/Desktop/Projects/Tulu Dataset/Tulu-Dtatset-V2/la/la_95.png,Tulu-Dtatset-V2,la,train,1db5a9d4e376036d09db5b0fc7b6d41eba1c61454c9af2a1b07b7ed444a5cd99,355.0,353.0,RGBA,la_95.png,.png
/home/manvith/Desktop/Projects/Tulu Dataset/Tulu-Dtatset-V2/la/la_92.png,Tulu-Dtatset-V2,la,train,9f9a94cdc0c68c7d9fa80bf244795b6a50b52aa63c0b4a557e2cf73d26e7efad,355.0,353.0,RGBA,la_92.png,.png
/home/manvith/Desktop/Projects/Tulu Dataset/Tulu-Dtatset-V2/la/la_8.png,Tulu-Dtatset-V2,la,train,168d8ede462225af6f38029f67bd67f76af9065e7a57b39f59482c67be0bfad4,352.0,342.0,RGBA,la_8.png,.png
/home/manvith/Desktop/Projects/Tulu Dataset/Tulu-Dtatset-V2/la/la_45.png,Tulu-Dtatset-V2,la,train,4a6e595cf4a3619ce3b066743b1183f1db7a7dd2892d662bdaa05cae49a4612e,359.0,337.0,RGBA,la_45.png,.png
/home/manvith/Desktop/Projects/Tulu Dataset/Tulu-Dtatset-V2/la/la_58.png,Tulu-Dtatset-V2,la,train,ad02de4118ee200e3875f195c86bc97f1d72503cc0998ddad4adfb604c961e65,356.0,340.0,RGBA,la_58.png,.png
/home/manvith/Desktop/Projects/Tulu Dataset/Tulu-Dtatset-V2/la/la_56.png,Tulu-Dtatset-V2,la,train,7eaf29c43c67e75e899a6db4e30b311eb0159e0106c1e43e0e0998e02057044b,356.0,340.0,RGBA,la_56.png,.png
/home/manvith/Desktop/Projects/Tulu Dataset/Tulu-Dtatset-V2/la/la_2.png,Tulu-Dtatset-V2,la,train,962caf5da6085a689122d17bd8b2d5cbd3c3bc4394753ec69fb9ffef3b794b5b,361.0,340.0,RGBA,la_2.png,.png
/home/manvith/Desktop/Projects/Tulu Dataset/Tulu-Dtatset-V2/la/la_100.png,Tulu-Dtatset-V2,la,train,f4fe471de70ccb55f7470fc73beb70d8f89e51dfcd142cfd77f47173d328bf4b,355.0,353.0,RGBA,la_100.png,.png
/home/manvith/Desktop/Projects/Tulu Dataset/Tulu-Dtatset-V2/la/la_94.png,Tulu-Dtatset-V2,la,train,3f6ad708164b9b61150e9a74f572cf47bbf15c3dc1e2bc15ff2367f53b46a8e2,355.0,353.0,RGBA,la_94.png,.png
/home/manvith/Desktop/Projects/Tulu Dataset/Tulu-Dtatset-V2/la/la_22.png,Tulu-Dtatset-V2,la,train,b0646d3f29cd51d14ec3ec4ad3f399c3debbb8fcb98268a4196ad7942c018d4c,345.0,333.0,RGBA,la_22.png,.png
/home/manvith/Desktop/Projects/Tulu Dataset/Tulu-Dtatset-V2/la/la_86.png,Tulu-Dtatset-V2,la,train,186a8980a9376571cc245a090936c0107d1fc06017a0ca6a2307fa4e7dcc0100,355.0,353.0,RGBA,la_86.png,.png
/home/manvith/Desktop/Projects/Tulu Dataset/Tulu-Dtatset-V2/la/la_87.png,Tulu-Dtatset-V2,la,train,2fc95adfdfa8f2a947914729cffa2b72f4c11b60b81b29a9ba3ecc7ec866a9cc,355.0,353.0,RGBA,la_87.png,.png
/home/manvith/Desktop/Projects/Tulu Dataset/Tulu-Dtatset-V2/la/la_12.png,Tulu-Dtatset-V2,la,train,5c26babf106dc6078863b66d48aa9b70e22f9eb3fc53d9cad3a8fd6e5084e481,356.0,326.0,RGBA,la_12.png,.png
/home/manvith/Desktop/Projects/Tulu Dataset/Tulu-Dtatset-V2/la/la_52.png,Tulu-Dtatset-V2,la,train,d8d7ea225c010d8393209aca1ea39ac41a3cc287a794b7852032016111356bea,356.0,340.0,RGBA,la_52.png,.png
/home/manvith/Desktop/Projects/Tulu Dataset/Tulu-Dtatset-V2/la/la_64.png,Tulu-Dtatset-V2,la,train,fddac51dd5b330165493297d4fe81282e8c3d1f94578a4c880ac31c399995d45,356.0,340.0,RGBA,la_64.png,.png
/home/manvith/Desktop/Projects/Tulu Dataset/Tulu-Dtatset-V2/la/la_28.png,Tulu-Dtatset-V2,la,train,37b5715d9e827fc7258f6348e48b5adaf0474d8d8d321418b9c28a9bea274c3c,345.0,333.0,RGBA,la_28.png,.png
/home/manvith/Desktop/Projects/Tulu Dataset/Tulu-Dtatset-V2/la/la_89.png,Tulu-Dtatset-V2,la,train,111055b3ca5c15fa3e7a3f3fe359fe5347b52f15d2882059916df80cc4206d85,355.0,353.0,RGBA,la_89.png,.png
/home/manvith/Desktop/Projects/Tulu Dataset/Tulu-Dtatset-V2/la/la_67.png,Tulu-Dtatset-V2,la,train,4a4dd85d8d64826524a3815bd678c2ab26820204727353a2b5c7ef409d0d8d74,356.0,340.0,RGBA,la_67.png,.png
/home/manvith/Desktop/Projects/Tulu Dataset/Tulu-Dtatset-V2/la/la_90.png,Tulu-Dtatset-V2,la,train,81bbbf8d21d064e06c31287d15c0d61b57fc4c96e5f74ffc41ff56103806f5af,355.0,353.0,RGBA,la_90.png,.png
/home/manvith/Desktop/Projects/Tulu Dataset/Tulu-Dtatset-V2/la/la_83.png,Tulu-Dtatset-V2,la,train,d0729037afd662c88fd9d8e753360b7f33b88b371b93987f6465067a85cc1be0,355.0,353.0,RGBA,la_83.png,.png
/home/manvith/Desktop/Projects/Tulu Dataset/Tulu-Dtatset-V2/la/la_63.png,Tulu-Dtatset-V2,la,train,bd6f149991a2c15817add10839c3021e3ed4e4ad7ff9fc14b819feee649787ce,356.0,340.0,RGBA,la_63.png,.png
/home/manvith/Desktop/Projects/Tulu Dataset/Tulu-Dtatset-V2/la/la_47.png,Tulu-Dtatset-V2,la,train,16a34df23dcebd9ffab6bf8cdaba89f89b41f6f558527a0b0e4ece566047790a,359.0,337.0,RGBA,la_47.png,.png
/home/manvith/Desktop/Projects/Tulu Dataset/Tulu-Dtatset-V2/la/la_66.png,Tulu-Dtatset-V2,la,train,e050d1384437607f8dfb50e56a3820d6e3e8e1826579f38e3d8d63f996c62291,356.0,340.0,RGBA,la_66.png,.png
/home/manvith/Desktop/Projects/Tulu Dataset/Tulu-Dtatset-V2/la/la_85.png,Tulu-Dtatset-V2,la,train,b2fa18cd5f2d22740a2c50c8866bcd3e065bc0a8067c3391d702f704e4279a7e,355.0,353.0,RGBA,la_85.png,.png
/home/manvith/Desktop/Projects/Tulu Dataset/Tulu-Dtatset-V2/la/la_97.png,Tulu-Dtatset-V2,la,train,d1dad1db0b1c3ba26877d306212bfe7721af2dbbe46fc2740a214455ea5c5d2d,355.0,353.0,RGBA,la_97.png,.png
/home/manvith/Desktop/Projects/Tulu Dataset/Tulu-Dtatset-V2/la/la_1.png,Tulu-Dtatset-V2,la,train,468fa2a670aa7b70614319551de500a23aa12374e6344b8de5359bbf4ae2360f,360.0,354.0,RGBA,la_1.png,.png
/home/manvith/Desktop/Projects/Tulu Dataset/Tulu-Dtatset-V2/la/la_17.png,Tulu-Dtatset-V2,la,train,3fecc4d7136a3962b19a56582db8764316c593e8bbe0ed6e997a0285217c7599,345.0,333.0,RGBA,la_17.png,.png
/home/manvith/Desktop/Projects/Tulu Dataset/Tulu-Dtatset-V2/la/la_54.png,Tulu-Dtatset-V2,la,train,6521450f877a3e751fa940c461cf52f7cfc676bf1a67eec9b381232ecac81d13,356.0,340.0,RGBA,la_54.png,.png
/home/manvith/Desktop/Projects/Tulu Dataset/Tulu-Dtatset-V2/la/la_49.png,Tulu-Dtatset-V2,la,train,90282fc86838696abb709b380e3712a8c162a2b4708e728c66927ccafc7996a4,359.0,337.0,RGBA,la_49.png,.png
/home/manvith/Desktop/Projects/Tulu Dataset/Tulu-Dtatset-V2/la/la_68.png,Tulu-Dtatset-V2,la,train,d18925298e5ef9cc45e0d8a835c9f75ee76fc9d477e88f75688813f114f10313,356.0,340.0,RGBA,la_68.png,.png
/home/manvith/Desktop/Projects/Tulu Dataset/Tulu-Dtatset-V2/la/la_73.png,Tulu-Dtatset-V2,la,train,5dcc57fd71dd1d9808a5f1ed46dea495517b44dbf37cedfd8c98e3d6b9f68db1,355.0,353.0,RGBA,la_73.png,.png
/home/manvith/Desktop/Projects/Tulu Dataset/Tulu-Dtatset-V2/la/la_50.png,Tulu-Dtatset-V2,la,train,75350b4414ec41baa0416e2afd65e4e08dda3389804396a3470317b7d151e136,359.0,337.0,RGBA,la_50.png,.png
/home/manvith/Desktop/Projects/Tulu Dataset/Tulu-Dtatset-V2/la/la_29.png,Tulu-Dtatset-V2,la,train,551ac531c00707d3e4dbadb6aae48b1bf6dcfddbf010228dbd8fdda8bcb06945,345.0,333.0,RGBA,la_29.png,.png
/home/manvith/Desktop/Projects/Tulu Dataset/Tulu-Dtatset-V2/la/la_33.png,Tulu-Dtatset-V2,la,train,3d748c19f02d51900042ba16903e30fab15a472e8a073dfa494c3654aaeb74cd,359.0,337.0,RGBA,la_33.png,.png
/home/manvith/Desktop/Projects/Tulu Dataset/Tulu-Dtatset-V2/la/la_20.png,Tulu-Dtatset-V2,la,train,b1f02a5c63382f4cd7d3ebcc0b598e33645856458358164c239dd0667df16065,345.0,333.0,RGBA,la_20.png,.png
/home/manvith/Desktop/Projects/Tulu Dataset/Tulu-Dtatset-V2/la/la_79.png,Tulu-Dtatset-V2,la,train,efacb76abe80231c82f59fdd6bf16d78fcd691ee5b2e8efc6e9511d44ac81256,355.0,353.0,RGBA,la_79.png,.png
/home/manvith/Desktop/Projects/Tulu Dataset/Tulu-Dtatset-V2/la/la_36.png,Tulu-Dtatset-V2,la,train,ec0e57894a852a93b972c9f0e2bf09fcb0c17813e625939aa65fed556ea34382,359.0,337.0,RGBA,la_36.png,.png
/home/manvith/Desktop/Projects/Tulu Dataset/Tulu-Dtatset-V2/la/la_35.png,Tulu-Dtatset-V2,la,train,52a297bb3e36691b158beebc03933ff163ac334addd66481f7d448efc9821344,359.0,337.0,RGBA,la_35.png,.png
/home/manvith/Desktop/Projects/Tulu Dataset/Tulu-Dtatset-V2/la/la_70.png,Tulu-Dtatset-V2,la,train,a2cd20c9b132761a8f9f3c6c6ea1965b76bf3e3af1422df1bb4df78bbd1dd78c,356.0,340.0,RGBA,la_70.png,.png
/home/manvith/Desktop/Projects/Tulu Dataset/Tulu-Dtatset-V2/la/la_15.png,Tulu-Dtatset-V2,la,train,3034b9202e6fb513a5726f2707091b18afdf62fde7acd83f0c7660484aeeaf7d,356.0,346.0,RGBA,la_15.png,.png
/home/manvith/Desktop/Projects/Tulu Dataset/Tulu-Dtatset-V2/la/la_38.png,Tulu-Dtatset-V2,la,train,1dd98d498fe02f93103064bcd5481c2436dcb055f0717b9df5f26bf538f744e4,359.0,337.0,RGBA,la_38.png,.png
/home/manvith/Desktop/Projects/Tulu Dataset/Tulu-Dtatset-V2/la/la_37.png,Tulu-Dtatset-V2,la,train,1f9a5d657bf7ce2bee975186b889483df1a1e99f9b2d2cb24e891fe5459354f0,359.0,337.0,RGBA,la_37.png,.png
/home/manvith/Desktop/Projects/Tulu Dataset/Tulu-Dtatset-V2/la/la_21.png,Tulu-Dtatset-V2,la,train,fe18829395f99183c8a2f17ed383bd9b01c1075cb2d3459ab695eef2b4094e14,345.0,333.0,RGBA,la_21.png,.png
/home/manvith/Desktop/Projects/Tulu Dataset/Tulu-Dtatset-V2/la/la_25.png,Tulu-Dtatset-V2,la,train,462f6d2460771cc76f09c2998a62e84751169eb3673c7af973ec02547a3ddd05,345.0,333.0,RGBA,la_25.png,.png
/home/manvith/Desktop/Projects/Tulu Dataset/Tulu-Dtatset-V2/la/la_78.png,Tulu-Dtatset-V2,la,train,abad156ad9084ac8ebc5973889469a4df7b55e67a6fc94be9d20bbfdd7d3fa31,355.0,353.0,RGBA,la_78.png,.png
/home/manvith/Desktop/Projects/Tulu Dataset/Tulu-Dtatset-V2/la/la_99.png,Tulu-Dtatset-V2,la,train,f8fe12bd8fcacea311fa7ce04bc4b679f41b4cdf0a838f406e26647af299ed60,355.0,353.0,RGBA,la_99.png,.png
/home/manvith/Desktop/Projects/Tulu Dataset/Tulu-Dtatset-V2/la/la_40.png,Tulu-Dtatset-V2,la,train,b96b966c3a5e0cb3493d6fb93ffca6443266e0aac8c1544ecb344bc57d791b62,359.0,337.0,RGBA,la_40.png,.png
/home/manvith/Desktop/Projects/Tulu Dataset/Tulu-Dtatset-V2/la/la_71.png,Tulu-Dtatset-V2,la,train,2e5756e5be40dc1bf4988f5959090a0ee26aa021e56c192c2101c273f4b8cdd4,355.0,353.0,RGBA,la_71.png,.png
/home/manvith/Desktop/Projects/Tulu Dataset/Tulu-Dtatset-V2/la/la_32.png,Tulu-Dtatset-V2,la,train,2ed7b8b29e8628af0208be1702924195283ea604669c9fd606e56cead26c17b3,359.0,337.0,RGBA,la_32.png,.png
/home/manvith/Desktop/Projects/Tulu Dataset/Tulu-Dtatset-V2/la/la_34.png,Tulu-Dtatset-V2,la,train,2971b26b7b2f3d9d8efacd1542f9172661f6ebaf7a89ca39162657d9e6d9def7,359.0,337.0,RGBA,la_34.png,.png
/home/manvith/Desktop/Projects/Tulu Dataset/Tulu-Dtatset-V2/lla/lla_57.png,Tulu-Dtatset-V2,lla,train,38018cb36b4644ee285fb6c2881edcd61122b385fe43658d873dbfc746ce610a,364.0,337.0,RGBA,lla_57.png,.png
/home/manvith/Desktop/Projects/Tulu Dataset/Tulu-Dtatset-V2/lla/lla_27.png,Tulu-Dtatset-V2,lla,train,a06235945566302c8d391506c1f3002914b83b9ab4f43da1ddfda0c22bfe91b9,354.0,336.0,RGBA,lla_27.png,.png
/home/manvith/Desktop/Projects/Tulu Dataset/Tulu-Dtatset-V2/lla/lla_33.png,Tulu-Dtatset-V2,lla,train,2fbaa7a39b36a9557db697abe2eed902d4df3af1e131cf2f0f489045c36bf917,346.0,329.0,RGBA,lla_33.png,.png
/home/manvith/Desktop/Projects/Tulu Dataset/Tulu-Dtatset-V2/lla/lla_56.png,Tulu-Dtatset-V2,lla,train,421875ada04a2258e6aa10fc5eb4a61304ddcb56dc74421308c18e6560f3a469,364.0,337.0,RGBA,lla_56.png,.png
/home/manvith/Desktop/Projects/Tulu Dataset/Tulu-Dtatset-V2/lla/lla_84.png,Tulu-Dtatset-V2,lla,train,42b60a98f898f0c5589eea72ec37882400671b2e4051df4d8472dcf9d3b3d57a,354.0,321.0,RGBA,lla_84.png,.png
/home/manvith/Desktop/Projects/Tulu Dataset/Tulu-Dtatset-V2/lla/lla_79.png,Tulu-Dtatset-V2,lla,train,ad5c00115748fda83efd13929360ba737bf61aa0d493c2eeb238e7f563b6b69f,354.0,321.0,RGBA,lla_79.png,.png
/home/manvith/Desktop/Projects/Tulu Dataset/Tulu-Dtatset-V2/lla/lla_28.png,Tulu-Dtatset-V2,lla,train,cf870464bd527367367f3d82000479d064ff5ca1fa44693b10598152615080a3,354.0,336.0,RGBA,lla_28.png,.png
/home/manvith/Desktop/Projects/Tulu Dataset/Tulu-Dtatset-V2/lla/lla_96.png,Tulu-Dtatset-V2,lla,train,6ea19b2cd35f37b74dae82cdd0e0679518815bc045e67d8be5ba275c1aef1779,354.0,321.0,RGBA,lla_96.png,.png
/home/manvith/Desktop/Projects/Tulu Dataset/Tulu-Dtatset-V2/lla/lla_70.png,Tulu-Dtatset-V2,lla,train,8e1a59deff4d9dc063080c5ddd1fb5b1faacca2be2f8e58c790fc55c3a6e830e,364.0,337.0,RGBA,lla_70.png,.png
/home/manvith/Desktop/Projects/Tulu Dataset/Tulu-Dtatset-V2/lla/lla_85.png,Tulu-Dtatset-V2,lla,train,7870142637974c294056064e219b3fb8af1b18eebd5d9c4cbc2e6992dba60823,354.0,321.0,RGBA,lla_85.png,.png
/home/manvith/Desktop/Projects/Tulu Dataset/Tulu-Dtatset-V2/lla/lla_73.png,Tulu-Dtatset-V2,lla,train,c01620e1c8670392031ebf44edcdb6990a63ee584791118895c5f2107ad881d1,354.0,321.0,RGBA,lla_73.png,.png
/home/manvith/Desktop/Projects/Tulu Dataset/Tulu-Dtatset-V2/lla/lla_91.png,Tulu-Dtatset-V2,lla,train,9ff7378877de2db90a03ffe77659d9f9570b52cec255fb8e470d7760ce68e3c3,354.0,321.0,RGBA,lla_91.png,.png
/home/manvith/Desktop/Projects/Tulu Dataset/Tulu-Dtatset-V2/lla/lla_63.png,Tulu-Dtatset-V2,lla,train,4b6f6e73a4666f34952c29626c7cb5a22b5d44ed44903adcca1d4566c345586a,364.0,337.0,RGBA,lla_63.png,.png
/home/manvith/Desktop/Projects/Tulu Dataset/Tulu-Dtatset-V2/lla/lla_80.png,Tulu-Dtatset-V2,lla,train,20bff9d013dd20f69330739072de611e05707fadcd8dd21e65d30239db56b085,354.0,321.0,RGBA,lla_80.png,.png
/home/manvith/Desktop/Projects/Tulu Dataset/Tulu-Dtatset-V2/lla/lla_93.png,Tulu-Dtatset-V2,lla,train,862d78df1013e1e75abcaa89548f8139cb92fe18fd81d74607d2de9debfae632,354.0,321.0,RGBA,lla_93.png,.png
/home/manvith/Desktop/Projects/Tulu Dataset/Tulu-Dtatset-V2/lla/lla_59.png,Tulu-Dtatset-V2,lla,train,adcb184c27264c353e51bfb730722ccedf4f95b040d5e6eb33c3f9aeeb0c5f80,364.0,337.0,RGBA,lla_59.png,.png
/home/manvith/Desktop/Projects/Tulu Dataset/Tulu-Dtatset-V2/lla/lla_81.png,Tulu-Dtatset-V2,lla,train,96733e86ee213870bd5b243938e2a2da8b8a0cceb4e8c9afef759bdd51ccea07,354.0,321.0,RGBA,lla_81.png,.png
/home/manvith/Desktop/Projects/Tulu Dataset/Tulu-Dtatset-V2/lla/lla_61.png,Tulu-Dtatset-V2,lla,train,97bac7d0331293cf4eff1856bf1b797c8329f649b6f3fc9991524fa2f6dd72c8,364.0,337.0,RGBA,lla_61.png,.png
/home/manvith/Desktop/Projects/Tulu Dataset/Tulu-Dtatset-V2/lla/lla_12.png,Tulu-Dtatset-V2,lla,train,4be159eb5a9ce98aeead72cecc7d285313e65d851b968252d25689c77cbeed91,354.0,321.0,RGBA,lla_12.png,.png
/home/manvith/Desktop/Projects/Tulu Dataset/Tulu-Dtatset-V2/lla/lla_51.png,Tulu-Dtatset-V2,lla,train,269dedd123b05f84010673ddd4e0e3a748a5dd15a87d8fd5fda04669754f32c8,364.0,337.0,RGBA,lla_51.png,.png
/home/manvith/Desktop/Projects/Tulu Dataset/Tulu-Dtatset-V2/lla/lla_54.png,Tulu-Dtatset-V2,lla,train,0eeeeb1eba3d1a1d2fc7caf51b3f49e4da2d3a7deb3da70b2263280e5d0ec33d,364.0,337.0,RGBA,lla_54.png,.png
/home/manvith/Desktop/Projects/Tulu Dataset/Tulu-Dtatset-V2/lla/lla_14.png,Tulu-Dtatset-V2,lla,train,f3a8bc9de33caf490ea440ba2440bb2d90da4604b66dd254a3344ab6a48c87a6,346.0,329.0,RGBA,lla_14.png,.png
/home/manvith/Desktop/Projects/Tulu Dataset/Tulu-Dtatset-V2/lla/lla_41.png,Tulu-Dtatset-V2,lla,train,25c9acec3f34699f0ccde4eb62493015a23bb491ed547f9c0e112f1862df9f66,346.0,329.0,RGBA,lla_41.png,.png
/home/manvith/Desktop/Projects/Tulu Dataset/Tulu-Dtatset-V2/lla/lla_90.png,Tulu-Dtatset-V2,lla,train,4823f64db65cfb920b1a9904563e300340463ca7bcc78f9c5337d08ed35d0394,354.0,321.0,RGBA,lla_90.png,.png
/home/manvith/Desktop/Projects/Tulu Dataset/Tulu-Dtatset-V2/lla/lla_71.png,Tulu-Dtatset-V2,lla,train,d6216c88cc579a5ea08f8ddeafcc94a10f6a0a2a29b0f4a693d384e1eb829436,354.0,321.0,RGBA,lla_71.png,.png
/home/manvith/Desktop/Projects/Tulu Dataset/Tulu-Dtatset-V2/lla/lla_11.png,Tulu-Dtatset-V2,lla,train,47331d492018f59e8e00fc8c56c40f922d1c22f54c628ffb786c4f1bbab9cf87,368.0,340.0,RGBA,lla_11.png,.png
/home/manvith/Desktop/Projects/Tulu Dataset/Tulu-Dtatset-V2/lla/lla_89.png,Tulu-Dtatset-V2,lla,train,e176e5f468511e010f6773f597d7cb6345d29b3fe83464fd0329c6ea08ea98b2,354.0,321.0,RGBA,lla_89.png,.png
/home/manvith/Desktop/Projects/Tulu Dataset/Tulu-Dtatset-V2/lla/lla_100.png,Tulu-Dtatset-V2,lla,train,f4a04d8ef5806f08c4d6064d5b720cdc8122ce2b36352364bd76791797899cff,354.0,321.0,RGBA,lla_100.png,.png
/home/manvith/Desktop/Projects/Tulu Dataset/Tulu-Dtatset-V2/lla/lla_86.png,Tulu-Dtatset-V2,lla,train,b80518d817ea87063b99cebd9e42278656c74595ca72fd20a9dd4be4a7f319e3,354.0,321.0,RGBA,lla_86.png,.png
/home/manvith/Desktop/Projects/Tulu Dataset/Tulu-Dtatset-V2/lla/lla_92.png,Tulu-Dtatset-V2,lla,train,30f9c7ef368131880b284f77cd30eca11a0b2968b665c3e0e681b21a348eb667,354.0,321.0,RGBA,lla_92.png,.png
/home/manvith/Desktop/Projects/Tulu Dataset/Tulu-Dtatset-V2/lla/lla_23.png,Tulu-Dtatset-V2,lla,train,f25ac0884fafbd8f4a7f9786938b38184c355d34af8795ce70a9ae7286f9abb9,354.0,336.0,RGBA,lla_23.png,.png
/home/manvith/Desktop/Projects/Tulu Dataset/Tulu-Dtatset-V2/lla/lla_34.png,Tulu-Dtatset-V2,lla,train,418069ecc87629088927b0de51a0b66df35a207b2daf37dfaf1f2ca07e355b29,346.0,329.0,RGBA,lla_34.png,.png
/home/manvith/Desktop/Projects/Tulu Dataset/Tulu-Dtatset-V2/lla/lla_13.png,Tulu-Dtatset-V2,lla,train,f59d7c2eb60ade61769ce146ed58a67144f81b395da6560cbbd31ed1ea1257c6,362.0,344.0,RGBA,lla_13.png,.png
/home/manvith/Desktop/Projects/Tulu Dataset/Tulu-Dtatset-V2/lla/lla_67.png,Tulu-Dtatset-V2,lla,train,404d7a99c6203aec1924edc42564d170e6c46cde21a4558e843ada2778350dc4,364.0,337.0,RGBA,lla_67.png,.png
/home/manvith/Desktop/Projects/Tulu Dataset/Tulu-Dtatset-V2/lla/lla_20.png,Tulu-Dtatset-V2,lla,train,d14d665734e65add916b03412fc457d7c2d3ebc6176612311d2db68436e4aa5d,354.0,336.0,RGBA,lla_20.png,.png
/home/manvith/Desktop/Projects/Tulu Dataset/Tulu-Dtatset-V2/lla/lla_95.png,Tulu-Dtatset-V2,lla,train,bcc937b8ccf6ce4dcf64b1809da5f1789f44911d430c5d67c572f7d58d745f6f,354.0,321.0,RGBA,lla_95.png,.png
/home/manvith/Desktop/Projects/Tulu Dataset/Tulu-Dtatset-V2/lla/lla_66.png,Tulu-Dtatset-V2,lla,train,264aecf3a53b9e4c475390b7a409d1dcefd534fe0a2c4eaad55427fd5b941478,364.0,337.0,RGBA,lla_66.png,.png
/home/manvith/Desktop/Projects/Tulu Dataset/Tulu-Dtatset-V2/lla/lla_40.png,Tulu-Dtatset-V2,lla,train,f4e57327bfad331d0cdfdad1a3ed170fa686e2cf81f1ab8b49f92e83200e0e72,346.0,329.0,RGBA,lla_40.png,.png
/home/manvith/Desktop/Projects/Tulu Dataset/Tulu-Dtatset-V2/lla/lla_32.png,Tulu-Dtatset-V2,lla,train,dfac35642b0c151f0d6a38b129eda589e4aff6042e03ec9f7c8a12083c468eec,346.0,329.0,RGBA,lla_32.png,.png
/home/manvith/Desktop/Projects/Tulu Dataset/Tulu-Dtatset-V2/lla/lla_52.png,Tulu-Dtatset-V2,lla,train,12f7cd993264a9aebd47a86a2a41b1461908b012585cd4e28b8b691fadd095a6,364.0,337.0,RGBA,lla_52.png,.png
/home/manvith/Desktop/Projects/Tulu Dataset/Tulu-Dtatset-V2/lla/lla_72.png,Tulu-Dtatset-V2,lla,train,4697e6e0e9c94080375908f9df5e800ef7f6c9772b9eca4dfbed839886133c37,354.0,321.0,RGBA,lla_72.png,.png
/home/manvith/Desktop/Projects/Tulu Dataset/Tulu-Dtatset-V2/lla/lla_35.png,Tulu-Dtatset-V2,lla,train,72189b69d967bf811983f559f938779745f02f299f12cefa69616d13ef38cdd6,346.0,329.0,RGBA,lla_35.png,.png
/home/manvith/Desktop/Projects/Tulu Dataset/Tulu-Dtatset-V2/lla/lla_17.png,Tulu-Dtatset-V2,lla,train,2d73cf222a955472b84e1ceb3885a1ad7b24a328d4433a6646174b2b6b4ba3cd,354.0,336.0,RGBA,lla_17.png,.png
/home/manvith/Desktop/Projects/Tulu Dataset/Tulu-Dtatset-V2/lla/lla_69.png,Tulu-Dtatset-V2,lla,train,627f18edb6e642732ca2fd506d45155c628992468d034f7e469fd2cf3a5639c6,364.0,337.0,RGBA,lla_69.png,.png
/home/manvith/Desktop/Projects/Tulu Dataset/Tulu-Dtatset-V2/lla/lla_16.png,Tulu-Dtatset-V2,lla,train,a92ef0955051bbb9d00e87af5c11585bdf7376ab24d342047047609b9c69df27,354.0,336.0,RGBA,lla_16.png,.png
/home/manvith/Desktop/Projects/Tulu Dataset/Tulu-Dtatset-V2/lla/lla_7.png,Tulu-Dtatset-V2,lla,train,964561ceb20fe88dec30f5c4268d781fb9a2563740ac532e2ea6c1fab2463b59,356.0,340.0,RGBA,lla_7.png,.png
/home/manvith/Desktop/Projects/Tulu Dataset/Tulu-Dtatset-V2/lla/lla_21.png,Tulu-Dtatset-V2,lla,train,874f6be7529b5e3ee3de3766ddba7c0452898efd722ef82bb77ab763bcb18510,354.0,336.0,RGBA,lla_21.png,.png
/home/manvith/Desktop/Projects/Tulu Dataset/Tulu-Dtatset-V2/lla/lla_44.png,Tulu-Dtatset-V2,lla,train,85e315870f3cd3787c3a48bdfaa01623c3a5b8f7503de48172c350029d4edce7,346.0,329.0,RGBA,lla_44.png,.png
/home/manvith/Desktop/Projects/Tulu Dataset/Tulu-Dtatset-V2/lla/lla_83.png,Tulu-Dtatset-V2,lla,train,c2471d18ce11169a8993ec10196c7c30b51acfd57d69bd2402bfdb216e54aa23,354.0,321.0,RGBA,lla_83.png,.png
/home/manvith/Desktop/Projects/Tulu Dataset/Tulu-Dtatset-V2/lla/lla_25.png,Tulu-Dtatset-V2,lla,train,f1eb38b6f28b1e69ec2bf0dcd79bde3b5128505dc4e9a0041291ee338e448003,354.0,336.0,RGBA,lla_25.png,.png
/home/manvith/Desktop/Projects/Tulu Dataset/Tulu-Dtatset-V2/lla/lla_45.png,Tulu-Dtatset-V2,lla,train,c998447118ae9209eb1275a0d0cc8b0da435e6ea40a445aa2f441d1f95d1c83e,346.0,329.0,RGBA,lla_45.png,.png
/home/manvith/Desktop/Projects/Tulu Dataset/Tulu-Dtatset-V2/lla/lla_88.png,Tulu-Dtatset-V2,lla,train,166e2900258a4d4870c39376deef308f249d2c819e6afa28604a69cb92dd5288,354.0,321.0,RGBA,lla_88.png,.png
/home/manvith/Desktop/Projects/Tulu Dataset/Tulu-Dtatset-V2/lla/lla_49.png,Tulu-Dtatset-V2,lla,train,748e09f06d8eaca9f10fa9385cafede144a2e037910a0b019ad21447dd91d196,346.0,329.0,RGBA,lla_49.png,.png
/home/manvith/Desktop/Projects/Tulu Dataset/Tulu-Dtatset-V2/lla/lla_65.png,Tulu-Dtatset-V2,lla,train,646c2ab27e50c1ee57f45bde2f44abd2b55e56a75d3eef7a9914185c7269b22d,364.0,337.0,RGBA,lla_65.png,.png
/home/manvith/Desktop/Projects/Tulu Dataset/Tulu-Dtatset-V2/lla/lla_77.png,Tulu-Dtatset-V2,lla,train,1475ea205ea7e5b54641225fe9efeb1a0e7404b961b75b13a8fedef1b5cfa524,354.0,321.0,RGBA,lla_77.png,.png
/home/manvith/Desktop/Projects/Tulu Dataset/Tulu-Dtatset-V2/lla/lla_5.png,Tulu-Dtatset-V2,lla,train,daf1b1fba3c2d878612fe9ad1f4df049fb9b62b0d47bd0b5d1769eccf58c0e28,366.0,339.0,RGBA,lla_5.png,.png
/home/manvith/Desktop/Projects/Tulu Dataset/Tulu-Dtatset-V2/lla/lla_6.png,Tulu-Dtatset-V2,lla,train,2144e1c82f2ca5278414c3159aec0293f7e89af4d8c2a0f18d43b0c0148d8092,361.0,325.0,RGBA,lla_6.png,.png
/home/manvith/Desktop/Projects/Tulu Dataset/Tulu-Dtatset-V2/lla/lla_75.png,Tulu-Dtatset-V2,lla,train,4e467b717e4e4fadcc25f3f495d5707aaeb6291346d6623adb4d4a826d95dfaf,354.0,321.0,RGBA,lla_75.png,.png
/home/manvith/Desktop/Projects/Tulu Dataset/Tulu-Dtatset-V2/lla/lla_38.png,Tulu-Dtatset-V2,lla,train,dc5c7f88084f44dca5fdb951c29b6544cad09926fd16ce11f64944ecf66d3597,346.0,329.0,RGBA,lla_38.png,.png
/home/manvith/Desktop/Projects/Tulu Dataset/Tulu-Dtatset-V2/lla/lla_97.png,Tulu-Dtatset-V2,lla,train,284afffa6748cb1fa5ed1b48c3ddf8326b071794db429c4d028e645355a4b50f,354.0,321.0,RGBA,lla_97.png,.png
/home/manvith/Desktop/Projects/Tulu Dataset/Tulu-Dtatset-V2/lla/lla_31.png,Tulu-Dtatset-V2,lla,train,95ee5b5f29f1c6eb6d460578001b3de40fb0871898a5bc15e0297b2c0c12df1e,346.0,329.0,RGBA,lla_31.png,.png
/home/manvith/Desktop/Projects/Tulu Dataset/Tulu-Dtatset-V2/lla/lla_18.png,Tulu-Dtatset-V2,lla,train,d6391890459c7691d587142be37f127a5f41ea43c4b777ff442e80bc20fb0a35,354.0,336.0,RGBA,lla_18.png,.png
/home/manvith/Desktop/Projects/Tulu Dataset/Tulu-Dtatset-V2/lla/lla_26.png,Tulu-Dtatset-V2,lla,train,b952ed879fe69de749dd5ff84b38b8f2fdd1ab25320b2462d5e8137a94bf4da6,354.0,336.0,RGBA,lla_26.png,.png
/home/manvith/Desktop/Projects/Tulu Dataset/Tulu-Dtatset-V2/lla/lla_62.png,Tulu-Dtatset-V2,lla,train,59261f09db208701e85da1ed3009725f7f9d37b72565a899da76f51db32b0436,364.0,337.0,RGBA,lla_62.png,.png
/home/manvith/Desktop/Projects/Tulu Dataset/Tulu-Dtatset-V2/lla/lla_22.png,Tulu-Dtatset-V2,lla,train,04d636631efb978e9358ffab9ec393347fa9e763dbc53d48616bd37b774253bd,354.0,336.0,RGBA,lla_22.png,.png
/home/manvith/Desktop/Projects/Tulu Dataset/Tulu-Dtatset-V2/lla/lla_15.png,Tulu-Dtatset-V2,lla,train,436490c7ba818a7ba26aac1ed32986989659043ee917d9e508e28fee4d742b54,358.0,345.0,RGBA,lla_15.png,.png
/home/manvith/Desktop/Projects/Tulu Dataset/Tulu-Dtatset-V2/lla/lla_76.png,Tulu-Dtatset-V2,lla,train,ac73352207dc443d339d20b38b8eb7af4149d17d6a41b1207ef522ae072d4c1b,354.0,321.0,RGBA,lla_76.png,.png
/home/manvith/Desktop/Projects/Tulu Dataset/Tulu-Dtatset-V2/lla/lla_50.png,Tulu-Dtatset-V2,lla,train,47218811cd2cc8d7d7d9d0d6ead82b32ba83c5f28c485972f4e8d5ada47a4d55,346.0,329.0,RGBA,lla_50.png,.png
/home/manvith/Desktop/Projects/Tulu Dataset/Tulu-Dtatset-V2/lla/lla_78.png,Tulu-Dtatset-V2,lla,train,896abe24b18470938dbf7f6f87854c297c4bd3b6a6d00b8c8398bca5eda396b3,354.0,321.0,RGBA,lla_78.png,.png
/home/manvith/Desktop/Projects/Tulu Dataset/Tulu-Dtatset-V2/lla/lla_99.png,Tulu-Dtatset-V2,lla,train,dc176b14bbcd585de54cc59628bb52ddc27562896c785b033f5a7ddd0730e4df,354.0,321.0,RGBA,lla_99.png,.png
/home/manvith/Desktop/Projects/Tulu Dataset/Tulu-Dtatset-V2/lla/lla_43.png,Tulu-Dtatset-V2,lla,train,641e70a89afd93591281f35b623fcf2619c28cb84675fabeec4d3b88046f8d37,346.0,329.0,RGBA,lla_43.png,.png
/home/manvith/Desktop/Projects/Tulu Dataset/Tulu-Dtatset-V2/lla/lla_47.png,Tulu-Dtatset-V2,lla,train,6d3a284450a664825dfffb58a64fdd111a5b09ee1d46e1fea92bb5faed81d810,346.0,329.0,RGBA,lla_47.png,.png
/home/manvith/Desktop/Projects/Tulu Dataset/Tulu-Dtatset-V2/lla/lla_4.png,Tulu-Dtatset-V2,lla,train,3c4849b3a6f99da3623734fb2ba5a61f26f98e34cef58eafd70c86cd2a19e899,364.0,337.0,RGBA,lla_4.png,.png
/home/manvith/Desktop/Projects/Tulu Dataset/Tulu-Dtatset-V2/lla/lla_60.png,Tulu-Dtatset-V2,lla,train,9819d3d3cc5be6626a1310dfa33608bb787cf5a31d88ae16d217272e22693046,364.0,337.0,RGBA,lla_60.png,.png
/home/manvith/Desktop/Projects/Tulu Dataset/Tulu-Dtatset-V2/lla/lla_36.png,Tulu-Dtatset-V2,lla,train,e589f7fae0ed185a0afd4b17375d8c9f0aae3c75467f54e096f47bdbae7aaa8d,346.0,329.0,RGBA,lla_36.png,.png
/home/manvith/Desktop/Projects/Tulu Dataset/Tulu-Dtatset-V2/lla/lla_53.png,Tulu-Dtatset-V2,lla,train,47cebf4f05a0868b6b85274f17516a7d880b104c1024715014493003baf51799,364.0,337.0,RGBA,lla_53.png,.png
/home/manvith/Desktop/Projects/Tulu Dataset/Tulu-Dtatset-V2/lla/lla_39.png,Tulu-Dtatset-V2,lla,train,630e5cf82fdeef4e02ba0ec0b1227d035fb324526c5d9f098334888b15eb1d09,346.0,329.0,RGBA,lla_39.png,.png
/home/manvith/Desktop/Projects/Tulu Dataset/Tulu-Dtatset-V2/lla/lla_1.png,Tulu-Dtatset-V2,lla,train,27bc6de13a38ec2983c28a996327511dc467346514eea3f5e4c45aa41f1d8465,360.0,337.0,RGBA,lla_1.png,.png
/home/manvith/Desktop/Projects/Tulu Dataset/Tulu-Dtatset-V2/lla/lla_37.png,Tulu-Dtatset-V2,lla,train,e4645977a88da180005a75e41591da41a5ca7e760f722ad25334e5d2c28da188,346.0,329.0,RGBA,lla_37.png,.png
/home/manvith/Desktop/Projects/Tulu Dataset/Tulu-Dtatset-V2/lla/lla_98.png,Tulu-Dtatset-V2,lla,train,34af001855d4fdebc5884f28b7e99f5e4b5b8f386c13c48adeb343b67e422fde,354.0,321.0,RGBA,lla_98.png,.png
/home/manvith/Desktop/Projects/Tulu Dataset/Tulu-Dtatset-V2/ma/ma_64.png,Tulu-Dtatset-V2,ma,train,54c6f77f0492763a76a2d995995f481074f8084a26bf1b16cd512fd228d290b0,360.0,357.0,RGBA,ma_64.png,.png
/home/manvith/Desktop/Projects/Tulu Dataset/Tulu-Dtatset-V2/ma/ma_94.png,Tulu-Dtatset-V2,ma,train,96f197c106f6d0c896ee009913eda648350c39a72a88b4ca2bdf0e4c3941d67e,356.0,349.0,RGBA,ma_94.png,.png
/home/manvith/Desktop/Projects/Tulu Dataset/Tulu-Dtatset-V2/ma/ma_23.png,Tulu-Dtatset-V2,ma,train,eec4d22063494b704f3b97ebbbbde4cf705c45e4d0413309a9504fe43d32ab34,361.0,339.0,RGBA,ma_23.png,.png
/home/manvith/Desktop/Projects/Tulu Dataset/Tulu-Dtatset-V2/ma/ma_68.png,Tulu-Dtatset-V2,ma,train,0d9d8ec2f0f5d5967ae1d4bf67fda9fc72b3fa1dbf965b33a2b3eb8e7d3b5c8d,360.0,357.0,RGBA,ma_68.png,.png
/home/manvith/Desktop/Projects/Tulu Dataset/Tulu-Dtatset-V2/ma/ma_43.png,Tulu-Dtatset-V2,ma,train,1e54caaac03e16a5599ed129187884cd9d34da2014c0eaf98e30d89b31337e3e,353.0,345.0,RGBA,ma_43.png,.png
/home/manvith/Desktop/Projects/Tulu Dataset/Tulu-Dtatset-V2/ma/ma_85.png,Tulu-Dtatset-V2,ma,train,e33afae52c8f21736174a7fb91a993040f9ac101f499e469705069e9b2f8922c,356.0,349.0,RGBA,ma_85.png,.png
/home/manvith/Desktop/Projects/Tulu Dataset/Tulu-Dtatset-V2/ma/ma_37.png,Tulu-Dtatset-V2,ma,train,4bd6f4ed4c7e07709dd8d54283db458982980d94f5ea6e82fa5f77c40a69789a,353.0,345.0,RGBA,ma_37.png,.png
/home/manvith/Desktop/Projects/Tulu Dataset/Tulu-Dtatset-V2/ma/ma_34.png,Tulu-Dtatset-V2,ma,train,51fe1c98b5249c37d0b7ce27c315949bcb12d6d6b9bdfef2bdb3af505d52dbe4,353.0,345.0,RGBA,ma_34.png,.png
/home/manvith/Desktop/Projects/Tulu Dataset/Tulu-Dtatset-V2/ma/ma_78.png,Tulu-Dtatset-V2,ma,train,674cf1a3e9d0c83979efaec5dd629cd3911afad721b57d8fa97f023b0a654ba5,356.0,349.0,RGBA,ma_78.png,.png
/home/manvith/Desktop/Projects/Tulu Dataset/Tulu-Dtatset-V2/ma/ma_70.png,Tulu-Dtatset-V2,ma,train,6298ac90fd57503a36331f35bd95214df37749c7047de00e455063afbc815b7b,360.0,357.0,RGBA,ma_70.png,.png
/home/manvith/Desktop/Projects/Tulu Dataset/Tulu-Dtatset-V2/ma/ma_45.png,Tulu-Dtatset-V2,ma,train,b93ae8495604fe75692d8a25bc4b2919f95cef20c259a56420a9c0ec0b7e0275,353.0,345.0,RGBA,ma_45.png,.png
/home/manvith/Desktop/Projects/Tulu Dataset/Tulu-Dtatset-V2/ma/ma_84.png,Tulu-Dtatset-V2,ma,train,daa7fedbc3af096691907d07cc0886b9e341c810bd6fd57629baf3586edc0e76,356.0,349.0,RGBA,ma_84.png,.png
/home/manvith/Desktop/Projects/Tulu Dataset/Tulu-Dtatset-V2/ma/ma_42.png,Tulu-Dtatset-V2,ma,train,e4d6a1fa2827fea59159b99bed0c84f676e67fa4e8bb343045055f2fa73b6e41,353.0,345.0,RGBA,ma_42.png,.png
/home/manvith/Desktop/Projects/Tulu Dataset/Tulu-Dtatset-V2/ma/ma_20.png,Tulu-Dtatset-V2,ma,train,a674ddbf0407d7875cf3fc3ff4141f4062a61a5b6e5495c010daaff207c53f63,361.0,339.0,RGBA,ma_20.png,.png
/home/manvith/Desktop/Projects/Tulu Dataset/Tulu-Dtatset-V2/ma/ma_25.png,Tulu-Dtatset-V2,ma,train,43d41fe027866084d7c6d7d5c80c3ac5cc394ed41262cc7bccd5b3f75f5fa958,361.0,339.0,RGBA,ma_25.png,.png
/home/manvith/Desktop/Projects/Tulu Dataset/Tulu-Dtatset-V2/ma/ma_36.png,Tulu-Dtatset-V2,ma,train,5e4da5942a0011e9e3e08aeb835be30ffea360da126967cf5bfac9f70240169b,353.0,345.0,RGBA,ma_36.png,.png
/home/manvith/Desktop/Projects/Tulu Dataset/Tulu-Dtatset-V2/ma/ma_27.png,Tulu-Dtatset-V2,ma,train,16e32c88dc81f2b6ed166d3786072edbc2d008ea6e6b07c8d821980e083c27ac,361.0,339.0,RGBA,ma_27.png,.png
/home/manvith/Desktop/Projects/Tulu Dataset/Tulu-Dtatset-V2/ma/ma_95.png,Tulu-Dtatset-V2,ma,train,368a94c805e2c491dc5c0aebc8c23b6da92d1a3d39bfdd91949b8445dbaae7b6,356.0,349.0,RGBA,ma_95.png,.png
/home/manvith/Desktop/Projects/Tulu Dataset/Tulu-Dtatset-V2/ma/ma_77.png,Tulu-Dtatset-V2,ma,train,6db06f68fa77a08ba73ef65f4a902533c3221696e85d86361994fd69263c47a9,356.0,349.0,RGBA,ma_77.png,.png
/home/manvith/Desktop/Projects/Tulu Dataset/Tulu-Dtatset-V2/ma/ma_75.png,Tulu-Dtatset-V2,ma,train,03fb101563e7e6a7c819fed1f28dae892da76dabb2201e791d31c75075a64bbb,356.0,349.0,RGBA,ma_75.png,.png
/home/manvith/Desktop/Projects/Tulu Dataset/Tulu-Dtatset-V2/ma/ma_40.png,Tulu-Dtatset-V2,ma,train,7c070b999071799774bbbd124d04e43596724d87d0f4e679e5370ed7130d5cfd,353.0,345.0,RGBA,ma_40.png,.png
/home/manvith/Desktop/Projects/Tulu Dataset/Tulu-Dtatset-V2/ma/ma_99.png,Tulu-Dtatset-V2,ma,train,ecd61f7dd0faa9eb023e8b73096cbef7da540d815dd15dc144d7c2453e65aa25,356.0,349.0,RGBA,ma_99.png,.png
/home/manvith/Desktop/Projects/Tulu Dataset/Tulu-Dtatset-V2/ma/ma_93.png,Tulu-Dtatset-V2,ma,train,0aa41f2db65951737fb9de70b3f8d70b8cf3c69cfe2fd71813bbb959023e5ddc,356.0,349.0,RGBA,ma_93.png,.png
/home/manvith/Desktop/Projects/Tulu Dataset/Tulu-Dtatset-V2/ma/ma_28.png,Tulu-Dtatset-V2,ma,train,c604830a4ae313e556f8ea5e96a7ae160f021d85c4fcc87a435d058b95492799,361.0,339.0,RGBA,ma_28.png,.png
/home/manvith/Desktop/Projects/Tulu Dataset/Tulu-Dtatset-V2/ma/ma_5.png,Tulu-Dtatset-V2,ma,train,dc1635e59aa9f5e334a54aeaa723321169e2de24691de1d561820cc4103fbf66,355.0,347.0,RGBA,ma_5.png,.png
/home/manvith/Desktop/Projects/Tulu Dataset/Tulu-Dtatset-V2/ma/ma_47.png,Tulu-Dtatset-V2,ma,train,56e99f911679706db9db95e2dd4ff912211f262f4beec245f20ab7a56e03db58,353.0,345.0,RGBA,ma_47.png,.png
/home/manvith/Desktop/Projects/Tulu Dataset/Tulu-Dtatset-V2/ma/ma_9.png,Tulu-Dtatset-V2,ma,train,b7162393da352ad485fd07f355bfa13a64c0a6f393da97dc6a567548a66a8c0d,360.0,349.0,RGBA,ma_9.png,.png
/home/manvith/Desktop/Projects/Tulu Dataset/Tulu-Dtatset-V2/ma/ma_90.png,Tulu-Dtatset-V2,ma,train,6299accf722057bc7b523666308cd6f43a53613826ea8d3554e5463cff14cb4c,356.0,349.0,RGBA,ma_90.png,.png
/home/manvith/Desktop/Projects/Tulu Dataset/Tulu-Dtatset-V2/ma/ma_11.png,Tulu-Dtatset-V2,ma,train,2fae4973a61c890d79aff4e130388fee47561c83b97e14eae8473b075e9a3bce,355.0,349.0,RGBA,ma_11.png,.png
/home/manvith/Desktop/Projects/Tulu Dataset/Tulu-Dtatset-V2/ma/ma_66.png,Tulu-Dtatset-V2,ma,train,1ae0fbd26308f1f7472de03239c9c14e9ccd664ab0d3d0ce59ed2293a9fca3e7,360.0,357.0,RGBA,ma_66.png,.png
/home/manvith/Desktop/Projects/Tulu Dataset/Tulu-Dtatset-V2/ma/ma_14.png,Tulu-Dtatset-V2,ma,train,24198b3d24779d99f7d244f1b35ed36a916fcd42b50aecdeb68d626b6e154816,365.0,347.0,RGBA,ma_14.png,.png
/home/manvith/Desktop/Projects/Tulu Dataset/Tulu-Dtatset-V2/ma/ma_46.png,Tulu-Dtatset-V2,ma,train,86addd6e68c97348f363b14cd0520b5ed7cc32e4b6450d7bcf14b47a9f13fe24,353.0,345.0,RGBA,ma_46.png,.png
/home/manvith/Desktop/Projects/Tulu Dataset/Tulu-Dtatset-V2/ma/ma_55.png,Tulu-Dtatset-V2,ma,train,1db5b3df8342a306634c4fb915ea992198e1fe44c8259c666fff29ca59411fab,360.0,357.0,RGBA,ma_55.png,.png
/home/manvith/Desktop/Projects/Tulu Dataset/Tulu-Dtatset-V2/ma/ma_32.png,Tulu-Dtatset-V2,ma,train,abd02827c1f9eb82823a904652d278dfacfbafe4a5ae67c03479e31e77a524b0,353.0,345.0,RGBA,ma_32.png,.png
/home/manvith/Desktop/Projects/Tulu Dataset/Tulu-Dtatset-V2/ma/ma_91.png,Tulu-Dtatset-V2,ma,train,697edeb7bd59109f0ef1fdf66dd4adb7bd28437f8572a39127d79b68058dad3a,356.0,349.0,RGBA,ma_91.png,.png
/home/manvith/Desktop/Projects/Tulu Dataset/Tulu-Dtatset-V2/ma/ma_65.png,Tulu-Dtatset-V2,ma,train,bb3e6c5fd19e3cad6641358c3db4cb2d6c89a26dd83981f8490c691da2ab1556,360.0,357.0,RGBA,ma_65.png,.png
/home/manvith/Desktop/Projects/Tulu Dataset/Tulu-Dtatset-V2/ma/ma_2.png,Tulu-Dtatset-V2,ma,train,b87e6ba3ae256a0b6043683647fb64f63348c338b1d9da37da082d85b06188f1,356.0,351.0,RGBA,ma_2.png,.png
/home/manvith/Desktop/Projects/Tulu Dataset/Tulu-Dtatset-V2/ma/ma_67.png,Tulu-Dtatset-V2,ma,train,8cf9e0c70f3aac0412329b1938653e619f0603aeba7959c9820820dc932bd90f,360.0,357.0,RGBA,ma_67.png,.png
/home/manvith/Desktop/Projects/Tulu Dataset/Tulu-Dtatset-V2/ma/ma_86.png,Tulu-Dtatset-V2,ma,train,29e6a325da4a4386c2c1d13d51206f8aa82f9d7a8e3daa408ffc449d518b3648,356.0,349.0,RGBA,ma_86.png,.png
/home/manvith/Desktop/Projects/Tulu Dataset/Tulu-Dtatset-V2/ma/ma_29.png,Tulu-Dtatset-V2,ma,train,6abca7c7784469f401f2adc4bef3dbe4aff42240e99e5b0de00d09ec2c18f2b0,361.0,339.0,RGBA,ma_29.png,.png
/home/manvith/Desktop/Projects/Tulu Dataset/Tulu-Dtatset-V2/ma/ma_53.png,Tulu-Dtatset-V2,ma,train,8974ead1934c4cd7d8f158e3bd69a84dffd651a95974887fe37d93e749896938,360.0,357.0,RGBA,ma_53.png,.png
/home/manvith/Desktop/Projects/Tulu Dataset/Tulu-Dtatset-V2/ma/ma_22.png,Tulu-Dtatset-V2,ma,train,75c449fe1bcedbc113963190acb874eb2c4fdcc4a3d8d5416c02b8b37f6b578c,361.0,339.0,RGBA,ma_22.png,.png
/home/manvith/Desktop/Projects/Tulu Dataset/Tulu-Dtatset-V2/ma/ma_59.png,Tulu-Dtatset-V2,ma,train,cbfe0a6f2d3d8f079f50c716aa68254e65532f46df6b3a11c6229c376f64199d,360.0,357.0,RGBA,ma_59.png,.png
/home/manvith/Desktop/Projects/Tulu Dataset/Tulu-Dtatset-V2/ma/ma_30.png,Tulu-Dtatset-V2,ma,train,331247981c3aff3896171b479d967df413cd4da65cd2ddd0915f6cff2e0634ea,361.0,339.0,RGBA,ma_30.png,.png
/home/manvith/Desktop/Projects/Tulu Dataset/Tulu-Dtatset-V2/ma/ma_72.png,Tulu-Dtatset-V2,ma,train,4285b77a2728de79dc0491457771a9727713155b29f4340caebff8bdc556dafc,356.0,349.0,RGBA,ma_72.png,.png
/home/manvith/Desktop/Projects/Tulu Dataset/Tulu-Dtatset-V2/ma/ma_88.png,Tulu-Dtatset-V2,ma,train,1d5a335327147630019704827e719c3d37a77d36533372e907658f0655e97388,356.0,349.0,RGBA,ma_88.png,.png
/home/manvith/Desktop/Projects/Tulu Dataset/Tulu-Dtatset-V2/ma/ma_79.png,Tulu-Dtatset-V2,ma,train,b65b4051b4a48c24f36f05bac35f23bdf3c2ac1e29ee61aceaa736103227d81d,356.0,349.0,RGBA,ma_79.png,.png
/home/manvith/Desktop/Projects/Tulu Dataset/Tulu-Dtatset-V2/ma/ma_6.png,Tulu-Dtatset-V2,ma,train,bd8a6717604e141584ffb1160b2f627f9a4115573892c27f794b88474b6430d0,360.0,344.0,RGBA,ma_6.png,.png
/home/manvith/Desktop/Projects/Tulu Dataset/Tulu-Dtatset-V2/ma/ma_48.png,Tulu-Dtatset-V2,ma,train,253c8b88b09221f0fd99f08e69fdcfbeeb6e87af52b83c0b9a367840b8f557c0,353.0,345.0,RGBA,ma_48.png,.png
/home/manvith/Desktop/Projects/Tulu Dataset/Tulu-Dtatset-V2/ma/ma_35.png,Tulu-Dtatset-V2,ma,train,6b15838dda344fbd9b94e3ec4ee35827ba80d3d7e3acbac8a32e27fca2eb8cd9,353.0,345.0,RGBA,ma_35.png,.png
/home/manvith/Desktop/Projects/Tulu Dataset/Tulu-Dtatset-V2/ma/ma_26.png,Tulu-Dtatset-V2,ma,train,db542d8efc50eb9adae8d8e12615a8510448e49e462686ed796f1cdd9050c392,361.0,339.0,RGBA,ma_26.png,.png
/home/manvith/Desktop/Projects/Tulu Dataset/Tulu-Dtatset-V2/ma/ma_10.png,Tulu-Dtatset-V2,ma,train,749f78e6748d3c3fece33a9b830975e33ed891baa04811ac37ca791e7ce320e2,356.0,349.0,RGBA,ma_10.png,.png
/home/manvith/Desktop/Projects/Tulu Dataset/Tulu-Dtatset-V2/ma/ma_69.png,Tulu-Dtatset-V2,ma,train,7529db6bd52f5fc67131fc7f25355661ffe814afc4b4cfbe4c1af0c8a7a51683,360.0,357.0,RGBA,ma_69.png,.png
/home/manvith/Desktop/Projects/Tulu Dataset/Tulu-Dtatset-V2/ma/ma_89.png,Tulu-Dtatset-V2,ma,train,45fc94a0ca73b863b4725baa045a687e19fa174d7443943eefaff957af8b06a1,356.0,349.0,RGBA,ma_89.png,.png
/home/manvith/Desktop/Projects/Tulu Dataset/Tulu-Dtatset-V2/ma/ma_96.png,Tulu-Dtatset-V2,ma,train,cba0e03abc10de4c56a2d312512a3ce5d7623e7dd5bd37d90b0ce2739d16a9d8,356.0,349.0,RGBA,ma_96.png,.png
/home/manvith/Desktop/Projects/Tulu Dataset/Tulu-Dtatset-V2/ma/ma_21.png,Tulu-Dtatset-V2,ma,train,e69dd030d074ef5be0192176dee81aca5a66f4b51918fb7ae549774a70a22c5d,361.0,339.0,RGBA,ma_21.png,.png
/home/manvith/Desktop/Projects/Tulu Dataset/Tulu-Dtatset-V2/ma/ma_50.png,Tulu-Dtatset-V2,ma,train,5d4d7afd25668b586101a01822aa2bc09a5a3cde347f55bd8d7ef8dbfee5db92,353.0,345.0,RGBA,ma_50.png,.png
/home/manvith/Desktop/Projects/Tulu Dataset/Tulu-Dtatset-V2/ma/ma_8.png,Tulu-Dtatset-V2,ma,train,7ddd518fedc18fc88772dc59549e04e3df0db334d4592c30ef6463748c22551f,352.0,356.0,RGBA,ma_8.png,.png
/home/manvith/Desktop/Projects/Tulu Dataset/Tulu-Dtatset-V2/ma/ma_39.png,Tulu-Dtatset-V2,ma,train,d0148e4e5e86302ea99655974f4c78be15ddb8dd0c7d0e206d9e092df41e7f62,353.0,345.0,RGBA,ma_39.png,.png
/home/manvith/Desktop/Projects/Tulu Dataset/Tulu-Dtatset-V2/ma/ma_31.png,Tulu-Dtatset-V2,ma,train,78202b7d1e3e99a8caa59ffb0735b0c86861fc0d766a9e90b44ccbe4617267e3,353.0,345.0,RGBA,ma_31.png,.png
/home/manvith/Desktop/Projects/Tulu Dataset/Tulu-Dtatset-V2/ma/ma_4.png,Tulu-Dtatset-V2,ma,train,da4e16545271e3d4beceae6b5ba24eb33daabb04c379173752128e30ce735dc8,358.0,355.0,RGBA,ma_4.png,.png
/home/manvith/Desktop/Projects/Tulu Dataset/Tulu-Dtatset-V2/ma/ma_19.png,Tulu-Dtatset-V2,ma,train,7987ddfa9517cead2cc1c61d0a262b36b6e6698d7ac9c6b9efce9d66a561a195,361.0,339.0,RGBA,ma_19.png,.png
/home/manvith/Desktop/Projects/Tulu Dataset/Tulu-Dtatset-V2/ma/ma_80.png,Tulu-Dtatset-V2,ma,train,40efae1ccaa42a27cf92ea1054a2e4021ec1fc52a337c847e0b3221199891e46,356.0,349.0,RGBA,ma_80.png,.png
/home/manvith/Desktop/Projects/Tulu Dataset/Tulu-Dtatset-V2/ma/ma_83.png,Tulu-Dtatset-V2,ma,train,e94b7a2f43e45f8003a8ced460355492ea70edc71069b8ed5592a1b75943bcf1,356.0,349.0,RGBA,ma_83.png,.png
/home/manvith/Desktop/Projects/Tulu Dataset/Tulu-Dtatset-V2/ma/ma_98.png,Tulu-Dtatset-V2,ma,train,1fc975d7637716bade4c25fce6e0eb5f3e980f394de53089d288c9637a6939e0,356.0,349.0,RGBA,ma_98.png,.png
/home/manvith/Desktop/Projects/Tulu Dataset/Tulu-Dtatset-V2/ma/ma_18.png,Tulu-Dtatset-V2,ma,train,32cb5edceb60921f92d67e3d6b6f80c04cd376e38ac750f702465065acada436,361.0,339.0,RGBA,ma_18.png,.png
/home/manvith/Desktop/Projects/Tulu Dataset/Tulu-Dtatset-V2/ma/ma_7.png,Tulu-Dtatset-V2,ma,train,cefe05fb568cbcc49eb5d726f9605e2fff44dd1270acc19fe98fdee8f1a39d2e,362.0,356.0,RGBA,ma_7.png,.png
/home/manvith/Desktop/Projects/Tulu Dataset/Tulu-Dtatset-V2/ma/ma_81.png,Tulu-Dtatset-V2,ma,train,9a9799400faa035f2df4214275890c5859e5d796aaa1f1ba7395d94aef19b85b,356.0,349.0,RGBA,ma_81.png,.png
/home/manvith/Desktop/Projects/Tulu Dataset/Tulu-Dtatset-V2/ma/ma_60.png,Tulu-Dtatset-V2,ma,train,bffde1f3bf6e269f238fe7734481ed489ea1161a12bee26bd9a1b5c3418c7ed8,360.0,357.0,RGBA,ma_60.png,.png
/home/manvith/Desktop/Projects/Tulu Dataset/Tulu-Dtatset-V2/ma/ma_52.png,Tulu-Dtatset-V2,ma,train,b182b5153fbe9ccc428da3063a66dd2ce2cf800b33aed034b78cb5fa4dd66498,360.0,357.0,RGBA,ma_52.png,.png
/home/manvith/Desktop/Projects/Tulu Dataset/Tulu-Dtatset-V2/ma/ma_51.png,Tulu-Dtatset-V2,ma,train,7464a8c1e740055fc263952060e80cc400e2bf9bc02f854000de389fb0e8a712,360.0,357.0,RGBA,ma_51.png,.png
/home/manvith/Desktop/Projects/Tulu Dataset/Tulu-Dtatset-V2/ma/ma_57.png,Tulu-Dtatset-V2,ma,train,ed26410ea103055cfd07106b8122f25d0759c88e498307ed7751ab85c27b947d,360.0,357.0,RGBA,ma_57.png,.png
/home/manvith/Desktop/Projects/Tulu Dataset/Tulu-Dtatset-V2/ma/ma_24.png,Tulu-Dtatset-V2,ma,train,3755de8ea6aa574e55999b69722b7fb7e30df548de875dd6b7d27680f6b7e8fc,361.0,339.0,RGBA,ma_24.png,.png
/home/manvith/Desktop/Projects/Tulu Dataset/Tulu-Dtatset-V2/ma/ma_3.png,Tulu-Dtatset-V2,ma,train,a1f3c08ec9abda2d91adac2cbcd316ec2c123e0157267cbdd90352a3795fc2ab,341.0,350.0,RGBA,ma_3.png,.png
/home/manvith/Desktop/Projects/Tulu Dataset/Tulu-Dtatset-V2/ma/ma_56.png,Tulu-Dtatset-V2,ma,train,5da6d40c130cc582b7ca4c7b130d43cf396bddbd2c04a44e64fb0c09675ae029,360.0,357.0,RGBA,ma_56.png,.png
/home/manvith/Desktop/Projects/Tulu Dataset/Tulu-Dtatset-V2/ma/ma_41.png,Tulu-Dtatset-V2,ma,train,2e70ee57806ceea64c880b257e12079cc682c2ededa38836323847939aee6815,353.0,345.0,RGBA,ma_41.png,.png
/home/manvith/Desktop/Projects/Tulu Dataset/Tulu-Dtatset-V2/ma/ma_12.png,Tulu-Dtatset-V2,ma,train,33cfc55b0fcfe971f7ce3277c4f37062cb8522a854ded5f19ea806052e041c36,361.0,339.0,RGBA,ma_12.png,.png
/home/manvith/Desktop/Projects/Tulu Dataset/Tulu-Dtatset-V2/ma/ma_63.png,Tulu-Dtatset-V2,ma,train,e70d1ef4d54316245c7040c883b43bde443cef293b281e39e89c717c4e34f074,360.0,357.0,RGBA,ma_63.png,.png
/home/manvith/Desktop/Projects/Tulu Dataset/Tulu-Dtatset-V2/ma/ma_82.png,Tulu-Dtatset-V2,ma,train,5bd4a3cdbb6a1320c6615fdec01abe1fb42bfb3e387f6b9beb17c8dc65db3ce2,356.0,349.0,RGBA,ma_82.png,.png
/home/manvith/Desktop/Projects/Tulu Dataset/Tulu-Dtatset-V2/ma/ma_97.png,Tulu-Dtatset-V2,ma,train,57f2e119e04346776778b3ed3c8a575a03938f14560fdce35c610da2f8c5f793,356.0,349.0,RGBA,ma_97.png,.png
/home/manvith/Desktop/Projects/Tulu Dataset/Tulu-Dtatset-V2/na/na_21.png,Tulu-Dtatset-V2,na,train,1e91e1fdb521557b0f9d2bfd50bcf938e0448b751678e1bbfe20203c684339fa,368.0,346.0,RGBA,na_21.png,.png
/home/manvith/Desktop/Projects/Tulu Dataset/Tulu-Dtatset-V2/na/na_10.png,Tulu-Dtatset-V2,na,train,e9921b5a20a278812961af344f21f3244d6145c502d7dff2fbc9f4038942566a,356.0,349.0,RGBA,na_10.png,.png
/home/manvith/Desktop/Projects/Tulu Dataset/Tulu-Dtatset-V2/na/na_44.png,Tulu-Dtatset-V2,na,train,1900c33c6059553a4efad491db4de68968693e5e762190a2ab367dd481e3a58c,367.0,356.0,RGBA,na_44.png,.png
/home/manvith/Desktop/Projects/Tulu Dataset/Tulu-Dtatset-V2/na/na_54.png,Tulu-Dtatset-V2,na,train,62442dce5785fbb7bfab774f49d17affcd459fd6f54627d8f6899b2636a4254c,368.0,346.0,RGBA,na_54.png,.png
/home/manvith/Desktop/Projects/Tulu Dataset/Tulu-Dtatset-V2/na/na_68.png,Tulu-Dtatset-V2,na,train,9ef675997967717632bba254d44c4ffeb6ca0875dcb6d1cc042940a61d1bbd54,368.0,346.0,RGBA,na_68.png,.png
/home/manvith/Desktop/Projects/Tulu Dataset/Tulu-Dtatset-V2/na/na_47.png,Tulu-Dtatset-V2,na,train,a9c7bfe5d80cd41ff725e1cdda477d686d2bba56cdb8144dcdce1071ea427d2f,367.0,356.0,RGBA,na_47.png,.png
/home/manvith/Desktop/Projects/Tulu Dataset/Tulu-Dtatset-V2/na/na_95.png,Tulu-Dtatset-V2,na,train,1108384401de44b4099b3c0858406cea07137e96788eef1ebdc4ec88c9574f87,368.0,346.0,RGBA,na_95.png,.png
/home/manvith/Desktop/Projects/Tulu Dataset/Tulu-Dtatset-V2/na/na_19.png,Tulu-Dtatset-V2,na,train,1718a538420b35d7a82b1303806fb4ef5ec3d2c5bd31c97c9f22a4443be6ffed,368.0,346.0,RGBA,na_19.png,.png
/home/manvith/Desktop/Projects/Tulu Dataset/Tulu-Dtatset-V2/na/na_88.png,Tulu-Dtatset-V2,na,train,43543431a115d71ec2ce7cfafe96d08cfad896c65a9dc85b55a3f196bd5c64a1,368.0,346.0,RGBA,na_88.png,.png
/home/manvith/Desktop/Projects/Tulu Dataset/Tulu-Dtatset-V2/na/na_8.png,Tulu-Dtatset-V2,na,train,5c4949400506147949c56e58f6e3e4d820f250bd29286f4e74f562dcf394d4db,353.0,347.0,RGBA,na_8.png,.png
/home/manvith/Desktop/Projects/Tulu Dataset/Tulu-Dtatset-V2/na/na_75.png,Tulu-Dtatset-V2,na,train,56a3b735d8434f748e43f7d50a7258a6f04b979c40eeb0959415ccdb3f75ec20,368.0,346.0,RGBA,na_75.png,.png
/home/manvith/Desktop/Projects/Tulu Dataset/Tulu-Dtatset-V2/na/na_59.png,Tulu-Dtatset-V2,na,train,a357e2dfa85770776793856264f1f81bd08d4d9ac86b93d8175930f1ee677784,368.0,346.0,RGBA,na_59.png,.png
/home/manvith/Desktop/Projects/Tulu Dataset/Tulu-Dtatset-V2/na/na_61.png,Tulu-Dtatset-V2,na,train,f012139d77db4be9d48cfeefe6b5adc466aff22e66a395da72f4488e6bf0c424,368.0,346.0,RGBA,na_61.png,.png
/home/manvith/Desktop/Projects/Tulu Dataset/Tulu-Dtatset-V2/na/na_48.png,Tulu-Dtatset-V2,na,train,a95a159244926cb684b743afef921ab13b62093b3fc570ce315c7b0372490894,367.0,356.0,RGBA,na_48.png,.png
/home/manvith/Desktop/Projects/Tulu Dataset/Tulu-Dtatset-V2/na/na_27.png,Tulu-Dtatset-V2,na,train,9449e821b1ca181b88d09b59e41bbad413289094d88a39ae0d68022fe05cd1ee,368.0,346.0,RGBA,na_27.png,.png
/home/manvith/Desktop/Projects/Tulu Dataset/Tulu-Dtatset-V2/na/na_17.png,Tulu-Dtatset-V2,na,train,95dbac8a9ca1286c30f62b8adeae1f63f184de0cd335554cf86414b2e2a4315f,368.0,346.0,RGBA,na_17.png,.png
/home/manvith/Desktop/Projects/Tulu Dataset/Tulu-Dtatset-V2/na/na_18.png,Tulu-Dtatset-V2,na,train,ee665c2d6f62108cea9c4610347d2a89df21666213f48234926de3cfca0705cd,368.0,346.0,RGBA,na_18.png,.png
/home/manvith/Desktop/Projects/Tulu Dataset/Tulu-Dtatset-V2/na/na_38.png,Tulu-Dtatset-V2,na,train,1e481faa1a0ecbae3fd46f3de5fb286131cece8b37475bc35ecb9c9e13b2109b,367.0,356.0,RGBA,na_38.png,.png
/home/manvith/Desktop/Projects/Tulu Dataset/Tulu-Dtatset-V2/na/na_42.png,Tulu-Dtatset-V2,na,train,e7e0be135eb90b9a563c1fb205d7ce1f585924bb108443f8c3239482f0478c1f,367.0,356.0,RGBA,na_42.png,.png
/home/manvith/Desktop/Projects/Tulu Dataset/Tulu-Dtatset-V2/na/na_65.png,Tulu-Dtatset-V2,na,train,20622a5345196f42cfb7eee68dc19337a7f98cf9188e5710a1e0a097c5f6d983,368.0,346.0,RGBA,na_65.png,.png
/home/manvith/Desktop/Projects/Tulu Dataset/Tulu-Dtatset-V2/na/na_37.png,Tulu-Dtatset-V2,na,train,d8b3f92b9ad1e9a030375d4a98aa11eb75599641d1db33962a046a33e8eaaca6,367.0,356.0,RGBA,na_37.png,.png
/home/manvith/Desktop/Projects/Tulu Dataset/Tulu-Dtatset-V2/na/na_67.png,Tulu-Dtatset-V2,na,train,a06a99b127e344efe9b45028459a20cf22da793e3aa38327d072fadad85e0896,368.0,346.0,RGBA,na_67.png,.png
/home/manvith/Desktop/Projects/Tulu Dataset/Tulu-Dtatset-V2/na/na_6.png,Tulu-Dtatset-V2,na,train,3bc622aa0fe80f6e1fbf5e4c47f0a6f98c71845b7f60b6364ee8d2775d82e4eb,358.0,344.0,RGBA,na_6.png,.png
/home/manvith/Desktop/Projects/Tulu Dataset/Tulu-Dtatset-V2/na/na_31.png,Tulu-Dtatset-V2,na,train,4770e2921f7d635e510cdd025a1a96b5db5592349267eb3a22c2c91c1e13423b,367.0,356.0,RGBA,na_31.png,.png
/home/manvith/Desktop/Projects/Tulu Dataset/Tulu-Dtatset-V2/na/na_82.png,Tulu-Dtatset-V2,na,train,5e9a7383b1b0d29d2a8994296998bd7b5d302d989a7fe54d675eec3c8e7f1ceb,368.0,346.0,RGBA,na_82.png,.png
/home/manvith/Desktop/Projects/Tulu Dataset/Tulu-Dtatset-V2/na/na_53.png,Tulu-Dtatset-V2,na,train,4ec14a12d41b85d39e9b3eef360c1d6419b1b0d9aad98089c415a7797385cd1f,368.0,346.0,RGBA,na_53.png,.png
/home/manvith/Desktop/Projects/Tulu Dataset/Tulu-Dtatset-V2/na/na_33.png,Tulu-Dtatset-V2,na,train,afec66b41ef1abf2c13f51a11b85b8fce5642cebce2f6cc403dd9c5b3de72521,367.0,356.0,RGBA,na_33.png,.png
/home/manvith/Desktop/Projects/Tulu Dataset/Tulu-Dtatset-V2/na/na_83.png,Tulu-Dtatset-V2,na,train,d7c907555703a533789394f1a9a0fa97022c7b4d0449d39ebd4282abec91de49,368.0,346.0,RGBA,na_83.png,.png
/home/manvith/Desktop/Projects/Tulu Dataset/Tulu-Dtatset-V2/na/na_1.png,Tulu-Dtatset-V2,na,train,bafd07c65099a0c91c5617d099fae28d75456b1b36e53c0f9c9b3b74d457e904,368.0,346.0,RGBA,na_1.png,.png
/home/manvith/Desktop/Projects/Tulu Dataset/Tulu-Dtatset-V2/na/na_35.png,Tulu-Dtatset-V2,na,train,351332e2bc8fee1222f6fb0b386c8873dbd817c6b7aa74fe062947c87f2abb03,367.0,356.0,RGBA,na_35.png,.png
/home/manvith/Desktop/Projects/Tulu Dataset/Tulu-Dtatset-V2/na/na_51.png,Tulu-Dtatset-V2,na,train,9b5b4f4e50cb15f83ced1c60e53327ff63f5ba6a209132c820dc529f92a22508,368.0,346.0,RGBA,na_51.png,.png
/home/manvith/Desktop/Projects/Tulu Dataset/Tulu-Dtatset-V2/na/na_89.png,Tulu-Dtatset-V2,na,train,984fdbf7bc0288548c9c9b5ab49a614a96297980dc8872c7bdb368d72f6a2ddc,368.0,346.0,RGBA,na_89.png,.png
/home/manvith/Desktop/Projects/Tulu Dataset/Tulu-Dtatset-V2/na/na_79.png,Tulu-Dtatset-V2,na,train,7f16d303b360d6250f77108c2b2a1c0102e9edd2ba899a5a36bb000edc70b3c7,368.0,346.0,RGBA,na_79.png,.png
/home/manvith/Desktop/Projects/Tulu Dataset/Tulu-Dtatset-V2/na/na_41.png,Tulu-Dtatset-V2,na,train,39d192cf98e21b2b5abfab54ab01f6bacf885a38d51c8a45d8440f748f1aafaf,367.0,356.0,RGBA,na_41.png,.png
/home/manvith/Desktop/Projects/Tulu Dataset/Tulu-Dtatset-V2/na/na_71.png,Tulu-Dtatset-V2,na,train,66d9395acb9098b6f5add56589f6ce94f0d6a813c8e5b02365506cccc03aa5a3,368.0,346.0,RGBA,na_71.png,.png
/home/manvith/Desktop/Projects/Tulu Dataset/Tulu-Dtatset-V2/na/na_86.png,Tulu-Dtatset-V2,na,train,37113571f19185cb1d020ff8a53052b97d123fc2e3aa0f103a309e7c0f43ac31,368.0,346.0,RGBA,na_86.png,.png
/home/manvith/Desktop/Projects/Tulu Dataset/Tulu-Dtatset-V2/na/na_72.png,Tulu-Dtatset-V2,na,train,a560f730ec268f647c1724d606ff81f21343bb140cc899ac92dce6fe6cb0a1f6,368.0,346.0,RGBA,na_72.png,.png
/home/manvith/Desktop/Projects/Tulu Dataset/Tulu-Dtatset-V2/na/na_5.png,Tulu-Dtatset-V2,na,train,e1c486083680965d5f52d54ef1c3b7be2188246d5a6164e07fdaa4e66c469cfa,356.0,346.0,RGBA,na_5.png,.png
/home/manvith/Desktop/Projects/Tulu Dataset/Tulu-Dtatset-V2/na/na_12.png,Tulu-Dtatset-V2,na,train,c4c59901e6271c4dcd4c8bcaaaefd25fb9038ebadf4fd698d079891e4dc533ed,368.0,338.0,RGBA,na_12.png,.png
/home/manvith/Desktop/Projects/Tulu Dataset/Tulu-Dtatset-V2/na/na_100.png,Tulu-Dtatset-V2,na,train,664e7483b11340e30fdf20e1623c8728b91ad31dcd40efef999ec9b87dc25f4c,368.0,346.0,RGBA,na_100.png,.png
/home/manvith/Desktop/Projects/Tulu Dataset/Tulu-Dtatset-V2/na/na_84.png,Tulu-Dtatset-V2,na,train,1f520b5ed67e2a55929761047aea7f41691f419f65863bc44eade60fbd49aa6e,368.0,346.0,RGBA,na_84.png,.png
/home/manvith/Desktop/Projects/Tulu Dataset/Tulu-Dtatset-V2/na/na_80.png,Tulu-Dtatset-V2,na,train,2d9e8d8ed468d726116782665684345ec08ba64afb44869eca2270489fb9ea36,368.0,346.0,RGBA,na_80.png,.png
/home/manvith/Desktop/Projects/Tulu Dataset/Tulu-Dtatset-V2/na/na_60.png,Tulu-Dtatset-V2,na,train,12a935ec823d22082a4be60c25f8a7c0217b8b9fd95ee26d1c2c92b2b0445d39,368.0,346.0,RGBA,na_60.png,.png
/home/manvith/Desktop/Projects/Tulu Dataset/Tulu-Dtatset-V2/na/na_24.png,Tulu-Dtatset-V2,na,train,caf5192cd57a1f8a9658c02e4ff1f1a58e067da959c43dc8fabbd0c30997092e,368.0,346.0,RGBA,na_24.png,.png
/home/manvith/Desktop/Projects/Tulu Dataset/Tulu-Dtatset-V2/na/na_11.png,Tulu-Dtatset-V2,na,train,c9b7ea5385c5267ae544fcd5d2597d4d5a91f5114d99b88f83af24fcd70bfcb1,356.0,348.0,RGBA,na_11.png,.png
/home/manvith/Desktop/Projects/Tulu Dataset/Tulu-Dtatset-V2/na/na_2.png,Tulu-Dtatset-V2,na,train,86bc91ff5c8aae284d0a94781d7f82cd4bd78492590ad401e9a5d1bdf36c4dad,367.0,355.0,RGBA,na_2.png,.png
/home/manvith/Desktop/Projects/Tulu Dataset/Tulu-Dtatset-V2/na/na_50.png,Tulu-Dtatset-V2,na,train,590d41dee33df97e6a8f1301367b687dd0ae188be8ccaaa4734caebd5053be19,367.0,356.0,RGBA,na_50.png,.png
/home/manvith/Desktop/Projects/Tulu Dataset/Tulu-Dtatset-V2/na/na_4.png,Tulu-Dtatset-V2,na,train,dd357a4a616d66f67c4fc9acda68875cf22217b252dd9deecc8ed3c0be54997d,361.0,350.0,RGBA,na_4.png,.png
/home/manvith/Desktop/Projects/Tulu Dataset/Tulu-Dtatset-V2/na/na_55.png,Tulu-Dtatset-V2,na,train,9f60f36938d76c9f65a8e9fdee4e00e706247083d0cdcedec0a155bb8b6ebdb4,368.0,346.0,RGBA,na_55.png,.png
/home/manvith/Desktop/Projects/Tulu Dataset/Tulu-Dtatset-V2/na/na_74.png,Tulu-Dtatset-V2,na,train,7025d4c49fe21800eeeb87bec6397f0998055be737afa8a04a9bc8b0de70acb2,368.0,346.0,RGBA,na_74.png,.png
/home/manvith/Desktop/Projects/Tulu Dataset/Tulu-Dtatset-V2/na/na_96.png,Tulu-Dtatset-V2,na,train,f3f5671d46d4e098dca59c36bca96b1846c524e2b27a85729c37267a0d1e56d7,368.0,346.0,RGBA,na_96.png,.png
/home/manvith/Desktop/Projects/Tulu Dataset/Tulu-Dtatset-V2/na/na_13.png,Tulu-Dtatset-V2,na,train,f106ed6da33cefa79e1b9856447e63c10399cd528deb6aee36d7f099e3b64cb6,355.0,341.0,RGBA,na_13.png,.png
/home/manvith/Desktop/Projects/Tulu Dataset/Tulu-Dtatset-V2/na/na_46.png,Tulu-Dtatset-V2,na,train,81938a66a88a55e46e8ce8cc69914e21e0f2759fd665c61ed1bab3171ffbbf36,367.0,356.0,RGBA,na_46.png,.png
/home/manvith/Desktop/Projects/Tulu Dataset/Tulu-Dtatset-V2/na/na_28.png,Tulu-Dtatset-V2,na,train,bd3b5f536f133d3e36e91b669b232f867496c1025d99509dbd022e2635aee668,368.0,346.0,RGBA,na_28.png,.png
/home/manvith/Desktop/Projects/Tulu Dataset/Tulu-Dtatset-V2/na/na_20.png,Tulu-Dtatset-V2,na,train,c85226781e0262617d09aa16b5e4805f2ab0b0feb02cfce912e182e1d08181bc,368.0,346.0,RGBA,na_20.png,.png
/home/manvith/Desktop/Projects/Tulu Dataset/Tulu-Dtatset-V2/na/na_23.png,Tulu-Dtatset-V2,na,train,aa5e3d36c2df69d7d83d874b581cebb31ad4694a774efc31932e14ac6ddc6460,368.0,346.0,RGBA,na_23.png,.png
/home/manvith/Desktop/Projects/Tulu Dataset/Tulu-Dtatset-V2/na/na_22.png,Tulu-Dtatset-V2,na,train,2105b93cfe921b23ed05f0016bd79acf09552fd5d9e464621ebbfb7cb1680aac,368.0,346.0,RGBA,na_22.png,.png
/home/manvith/Desktop/Projects/Tulu Dataset/Tulu-Dtatset-V2/na/na_30.png,Tulu-Dtatset-V2,na,train,b0ac667df4083d433551397c0a9f82870db6494923f08949a9ca93d531697cf5,368.0,346.0,RGBA,na_30.png,.png
/home/manvith/Desktop/Projects/Tulu Dataset/Tulu-Dtatset-V2/na/na_16.png,Tulu-Dtatset-V2,na,train,1cf13dcd656231ef7ba5dab1e67c1c6893561baed0edd8ff232afcf93d736640,368.0,346.0,RGBA,na_16.png,.png
/home/manvith/Desktop/Projects/Tulu Dataset/Tulu-Dtatset-V2/na/na_39.png,Tulu-Dtatset-V2,na,train,aaae1f8d7769c9f040dd08c8d4ad2c42e57a6fcd5402f5f0687705406b83d939,367.0,356.0,RGBA,na_39.png,.png
/home/manvith/Desktop/Projects/Tulu Dataset/Tulu-Dtatset-V2/na/na_91.png,Tulu-Dtatset-V2,na,train,bc96124a930197ed566af00679792ce6c6f0efeedd440726a51416253d357cf3,368.0,346.0,RGBA,na_91.png,.png
/home/manvith/Desktop/Projects/Tulu Dataset/Tulu-Dtatset-V2/na/na_32.png,Tulu-Dtatset-V2,na,train,7a7e4b57a33990d4d99b09e156d1489ffbd5798926b7930db03346abb37e891f,367.0,356.0,RGBA,na_32.png,.png
/home/manvith/Desktop/Projects/Tulu Dataset/Tulu-Dtatset-V2/na/na_64.png,Tulu-Dtatset-V2,na,train,a5f7fbf6f3c661d8458542929a2a8e10c911a7cb520e4f18876ddc83f8d45804,368.0,346.0,RGBA,na_64.png,.png
/home/manvith/Desktop/Projects/Tulu Dataset/Tulu-Dtatset-V2/na/na_78.png,Tulu-Dtatset-V2,na,train,851581070b022c3cc79412d61db1f3751832a966991bbcce4e24b4aa05fb45bf,368.0,346.0,RGBA,na_78.png,.png
/home/manvith/Desktop/Projects/Tulu Dataset/Tulu-Dtatset-V2/na/na_90.png,Tulu-Dtatset-V2,na,train,573079fc9ad99ac29f9b298d5420dd16fbc8f447381dc30b4dbc8ca768cb9f32,368.0,346.0,RGBA,na_90.png,.png
/home/manvith/Desktop/Projects/Tulu Dataset/Tulu-Dtatset-V2/na/na_62.png,Tulu-Dtatset-V2,na,train,da92607ffb0087a45a0dacd7b166d137fcfc8179102b1b1fadb7cf4bae65c3d6,368.0,346.0,RGBA,na_62.png,.png
/home/manvith/Desktop/Projects/Tulu Dataset/Tulu-Dtatset-V2/na/na_97.png,Tulu-Dtatset-V2,na,train,e5299a28eee935dad03fead0f81a2893c0e4441ca5bbb84c17e75080f09e1324,368.0,346.0,RGBA,na_97.png,.png
/home/manvith/Desktop/Projects/Tulu Dataset/Tulu-Dtatset-V2/na/na_76.png,Tulu-Dtatset-V2,na,train,34ba9900b13bf5ae332204997876110842fa0304fff2e0ce66cafab6482bf68f,368.0,346.0,RGBA,na_76.png,.png
/home/manvith/Desktop/Projects/Tulu Dataset/Tulu-Dtatset-V2/na/na_94.png,Tulu-Dtatset-V2,na,train,806061d5298b2367d861f92806749f07a6f6a450fcdcde47ca99d9a02cd56ecf,368.0,346.0,RGBA,na_94.png,.png
/home/manvith/Desktop/Projects/Tulu Dataset/Tulu-Dtatset-V2/na/na_99.png,Tulu-Dtatset-V2,na,train,c986af1178acb271bbbede5398ffe818f813d8a4a5bdae9f422fb322b09ba4f0,368.0,346.0,RGBA,na_99.png,.png
/home/manvith/Desktop/Projects/Tulu Dataset/Tulu-Dtatset-V2/na/na_63.png,Tulu-Dtatset-V2,na,train,b7910808a23157e97c9a612b06d1a9324d1f228b545eab4682e0265b5fe192a8,368.0,346.0,RGBA,na_63.png,.png
/home/manvith/Desktop/Projects/Tulu Dataset/Tulu-Dtatset-V2/na/na_70.png,Tulu-Dtatset-V2,na,train,4d33c0eac75b6d8707d5bdac50d40d02e792009e9a24a69eb350ab13b45b5d34,368.0,346.0,RGBA,na_70.png,.png
/home/manvith/Desktop/Projects/Tulu Dataset/Tulu-Dtatset-V2/na/na_3.png,Tulu-Dtatset-V2,na,train,2a9981900d1dcf9f247219438506e9cf24af25ed275cd55a3d4bd0cc28d5982e,367.0,356.0,RGBA,na_3.png,.png
/home/manvith/Desktop/Projects/Tulu Dataset/Tulu-Dtatset-V2/na/na_87.png,Tulu-Dtatset-V2,na,train,8fe6e39006885d264aaac68e5e7a7eec6e8b536500b38c4bd2c3d7bf5049233f,368.0,346.0,RGBA,na_87.png,.png
/home/manvith/Desktop/Projects/Tulu Dataset/Tulu-Dtatset-V2/na/na_92.png,Tulu-Dtatset-V2,na,train,0e7fda4c1f1e2caeb1220238c897b27b921f8eae5776b7d23ff6bc18579b5406,368.0,346.0,RGBA,na_92.png,.png
/home/manvith/Desktop/Projects/Tulu Dataset/Tulu-Dtatset-V2/na/na_26.png,Tulu-Dtatset-V2,na,train,ddc5bae48c5d219590c71ea4d9fcd84b0d0c4d897506f6a022075b2f669e8c4f,368.0,346.0,RGBA,na_26.png,.png
/home/manvith/Desktop/Projects/Tulu Dataset/Tulu-Dtatset-V2/na/na_93.png,Tulu-Dtatset-V2,na,train,5129aa2f2c84a5d6b0f1ab667d83c6fc663250be7258e0f6a105bf724a114475,368.0,346.0,RGBA,na_93.png,.png
/home/manvith/Desktop/Projects/Tulu Dataset/Tulu-Dtatset-V2/na/na_57.png,Tulu-Dtatset-V2,na,train,15be0bdfc540751d1996c59d0b1d20076ad0dad1da5163b6c2c89d6edb8e4dd4,368.0,346.0,RGBA,na_57.png,.png
/home/manvith/Desktop/Projects/Tulu Dataset/Tulu-Dtatset-V2/na/na_45.png,Tulu-Dtatset-V2,na,train,3be4543bb86e4a75df3bd448065d3fbd1ced275327c0d86e6c4b90fdc9a99293,367.0,356.0,RGBA,na_45.png,.png
/home/manvith/Desktop/Projects/Tulu Dataset/Tulu-Dtatset-V2/na/na_7.png,Tulu-Dtatset-V2,na,train,b78b6ae524a8c9348d3583606512464e2e0db5bfb617bdd418b8b2658144e88f,364.0,348.0,RGBA,na_7.png,.png
/home/manvith/Desktop/Projects/Tulu Dataset/Tulu-Dtatset-V2/nna/nna_60.png,Tulu-Dtatset-V2,nna,train,959843c1de22c8d0c0e058e648ad135ebdb7499a6cb938c110c8025aa5f77496,364.0,346.0,RGBA,nna_60.png,.png
/home/manvith/Desktop/Projects/Tulu Dataset/Tulu-Dtatset-V2/nna/nna_15.png,Tulu-Dtatset-V2,nna,train,9cbe0faa117c1723a123c164b0bf5f38ef58e806a4b4a7c494889bc4ce503852,366.0,342.0,RGBA,nna_15.png,.png
/home/manvith/Desktop/Projects/Tulu Dataset/Tulu-Dtatset-V2/nna/nna_2.png,Tulu-Dtatset-V2,nna,train,3dfa2091ea20e9aa9fa32ed2247053469c9990fe2da06aaaea3b71364d087ec2,362.0,346.0,RGBA,nna_2.png,.png
/home/manvith/Desktop/Projects/Tulu Dataset/Tulu-Dtatset-V2/nna/nna_19.png,Tulu-Dtatset-V2,nna,train,5cdf2d27bb0b3cbb264207694d78bf0f916819873850f1e317a9d1675e36fbac,362.0,346.0,RGBA,nna_19.png,.png
/home/manvith/Desktop/Projects/Tulu Dataset/Tulu-Dtatset-V2/nna/nna_27.png,Tulu-Dtatset-V2,nna,train,975d2f617f330f9e8cc5b366e4d9c3ad7c4e08cd251ed61566ac129f858b996f,362.0,346.0,RGBA,nna_27.png,.png
/home/manvith/Desktop/Projects/Tulu Dataset/Tulu-Dtatset-V2/nna/nna_64.png,Tulu-Dtatset-V2,nna,train,cac2a5f6e75ab8ed68b750c8bee77a77e18c8e9ef6b48a27dd9a988f76d1a3b8,365.0,348.0,RGBA,nna_64.png,.png
/home/manvith/Desktop/Projects/Tulu Dataset/Tulu-Dtatset-V2/nna/nna_33.png,Tulu-Dtatset-V2,nna,train,9d13848b2f3ac84ce041ea04696cc193cfadb2ef7009153557d8892d40620296,362.0,346.0,RGBA,nna_33.png,.png
/home/manvith/Desktop/Projects/Tulu Dataset/Tulu-Dtatset-V2/nna/nna_14.png,Tulu-Dtatset-V2,nna,train,53ef72f24957df63ba283f847eeb82e344276ae345893da46d0067140b196146,358.0,341.0,RGBA,nna_14.png,.png
/home/manvith/Desktop/Projects/Tulu Dataset/Tulu-Dtatset-V2/nna/nna_18.png,Tulu-Dtatset-V2,nna,train,77a95db6f66004ffffd0cbcb3625d311fb9992978b8af0f3325a9d86b272eda7,362.0,346.0,RGBA,nna_18.png,.png
/home/manvith/Desktop/Projects/Tulu Dataset/Tulu-Dtatset-V2/nna/nna_83.png,Tulu-Dtatset-V2,nna,train,adf0ce0045acfbcb0c070be9f0632e05cf49659cfe47a47c3d99e0821ad62eb4,365.0,348.0,RGBA,nna_83.png,.png
/home/manvith/Desktop/Projects/Tulu Dataset/Tulu-Dtatset-V2/nna/nna_22.png,Tulu-Dtatset-V2,nna,train,7077453a5eebad12583ef34c8cdcb6606f44fa987db53a57bd94a42bf5458669,362.0,346.0,RGBA,nna_22.png,.png
/home/manvith/Desktop/Projects/Tulu Dataset/Tulu-Dtatset-V2/nna/nna_63.png,Tulu-Dtatset-V2,nna,train,c6f46396934b306255cf0f9558097799e171518ae670c76cfa8f7127408255ea,365.0,348.0,RGBA,nna_63.png,.png
/home/manvith/Desktop/Projects/Tulu Dataset/Tulu-Dtatset-V2/nna/nna_30.png,Tulu-Dtatset-V2,nna,train,dd73ec9f769b159c00a15c35ca688d20455e25a3500592534e3d6c247342f563,362.0,346.0,RGBA,nna_30.png,.png
/home/manvith/Desktop/Projects/Tulu Dataset/Tulu-Dtatset-V2/nna/nna_49.png,Tulu-Dtatset-V2,nna,train,9e6493231b4fdb2215bdae5257f5521d564254a52e2f4a1b551e3ec3eb936009,362.0,346.0,RGBA,nna_49.png,.png
/home/manvith/Desktop/Projects/Tulu Dataset/Tulu-Dtatset-V2/nna/nna_82.png,Tulu-Dtatset-V2,nna,train,3565efcc1104ff3afc7cd2545a7b324e0a9db4918a76f6bff9ba346b578cac6f,365.0,348.0,RGBA,nna_82.png,.png
/home/manvith/Desktop/Projects/Tulu Dataset/Tulu-Dtatset-V2/nna/nna_75.png,Tulu-Dtatset-V2,nna,train,1c0d0ef32acef0d483d069b8d12f0169a42dcd1da5eaa80dda7a1e832000bcd9,365.0,348.0,RGBA,nna_75.png,.png
/home/manvith/Desktop/Projects/Tulu Dataset/Tulu-Dtatset-V2/nna/nna_29.png,Tulu-Dtatset-V2,nna,train,300c19711b207813ed38d81829a4979f204c6d34cfc37bdcae0a44b6fe585eba,362.0,346.0,RGBA,nna_29.png,.png
/home/manvith/Desktop/Projects/Tulu Dataset/Tulu-Dtatset-V2/nna/nna_90.png,Tulu-Dtatset-V2,nna,train,d93b9368912961348c20b194128ac57d8dd6d55f6ab3c60844ec96827666e4bf,365.0,348.0,RGBA,nna_90.png,.png
/home/manvith/Desktop/Projects/Tulu Dataset/Tulu-Dtatset-V2/nna/nna_41.png,Tulu-Dtatset-V2,nna,train,bdd98e34066fd23754af0400788e79a6fd245d907452875c3e37e1a505ed3743,362.0,346.0,RGBA,nna_41.png,.png
/home/manvith/Desktop/Projects/Tulu Dataset/Tulu-Dtatset-V2/nna/nna_93.png,Tulu-Dtatset-V2,nna,train,dfc7de1c7b460810bdc92e1ec209d0d17ea51f50647a641d39713218e26cf7b8,365.0,348.0,RGBA,nna_93.png,.png
/home/manvith/Desktop/Projects/Tulu Dataset/Tulu-Dtatset-V2/nna/nna_7.png,Tulu-Dtatset-V2,nna,train,804077be5b952873cb10ffb0ccd7742d7c63d22cb936cd54e3d0d17813ae306a,367.0,343.0,RGBA,nna_7.png,.png
/home/manvith/Desktop/Projects/Tulu Dataset/Tulu-Dtatset-V2/nna/nna_69.png,Tulu-Dtatset-V2,nna,train,945b989dbeea8967a8b6c757bac708ea3ac9b6e49969795ce76e67bf6b4630b1,365.0,348.0,RGBA,nna_69.png,.png
/home/manvith/Desktop/Projects/Tulu Dataset/Tulu-Dtatset-V2/nna/nna_91.png,Tulu-Dtatset-V2,nna,train,8e4e37b645ac405c4a007f1678775710d57f2ad807f2a55d9050446d104a328b,365.0,348.0,RGBA,nna_91.png,.png
/home/manvith/Desktop/Projects/Tulu Dataset/Tulu-Dtatset-V2/nna/nna_43.png,Tulu-Dtatset-V2,nna,train,ca9be448da2a365a8836984e4e26de406f6e6aef9453e3fa3cfc9fd601d638a0,362.0,346.0,RGBA,nna_43.png,.png
/home/manvith/Desktop/Projects/Tulu Dataset/Tulu-Dtatset-V2/nna/nna_55.png,Tulu-Dtatset-V2,nna,train,51bebade6a2143126069f9d2765c227d7da81bb1fd175c1118ab943d4fd3b8bb,364.0,346.0,RGBA,nna_55.png,.png
/home/manvith/Desktop/Projects/Tulu Dataset/Tulu-Dtatset-V2/nna/nna_68.png,Tulu-Dtatset-V2,nna,train,9caaab9ac1f09ccac0c26335582ed9937626f043a1c98937317f1cb64ac76b8f,365.0,348.0,RGBA,nna_68.png,.png
/home/manvith/Desktop/Projects/Tulu Dataset/Tulu-Dtatset-V2/nna/nna_50.png,Tulu-Dtatset-V2,nna,train,839e0c8bd4f848db2d525ae6b1a8f78c39ad8dbe8255f475c5a9d9fa4c3b1510,362.0,346.0,RGBA,nna_50.png,.png
/home/manvith/Desktop/Projects/Tulu Dataset/Tulu-Dtatset-V2/nna/nna_84.png,Tulu-Dtatset-V2,nna,train,348f70b75b481deb6110cd751347180e9f7f18eeb6e2a75b7b8080b47cb9d292,365.0,348.0,RGBA,nna_84.png,.png
/home/manvith/Desktop/Projects/Tulu Dataset/Tulu-Dtatset-V2/nna/nna_23.png,Tulu-Dtatset-V2,nna,train,0907751d0285c4a56a1a40526c19b7d3798adb86ed2ff1680c676c7d70aaf27d,362.0,346.0,RGBA,nna_23.png,.png
/home/manvith/Desktop/Projects/Tulu Dataset/Tulu-Dtatset-V2/nna/nna_40.png,Tulu-Dtatset-V2,nna,train,532403feba8f442813d0a7ad17d999ddfd166fba172527a2762f8a8ff3c19a7a,362.0,346.0,RGBA,nna_40.png,.png
/home/manvith/Desktop/Projects/Tulu Dataset/Tulu-Dtatset-V2/nna/nna_44.png,Tulu-Dtatset-V2,nna,train,7c9c27b7b588857433fae4e0b595f7aea811625f2eb73fec1d6991a6c7f04df9,362.0,346.0,RGBA,nna_44.png,.png
/home/manvith/Desktop/Projects/Tulu Dataset/Tulu-Dtatset-V2/nna/nna_96.png,Tulu-Dtatset-V2,nna,train,271d06cd00f9e10b1afed49b091fb8c7941c7a20d4d4440262694ab820a6bff9,365.0,348.0,RGBA,nna_96.png,.png
/home/manvith/Desktop/Projects/Tulu Dataset/Tulu-Dtatset-V2/nna/nna_62.png,Tulu-Dtatset-V2,nna,train,a88227e43fbc389e6d63ffd5929a2d2673c188dc5921ef3ab244b418042f2499,365.0,348.0,RGBA,nna_62.png,.png
/home/manvith/Desktop/Projects/Tulu Dataset/Tulu-Dtatset-V2/nna/nna_10.png,Tulu-Dtatset-V2,nna,train,975b9f430e96eccd477ca97dabb2ba5821f38df0b7cd6adfd4a5a1c31e51a3f2,364.0,346.0,RGBA,nna_10.png,.png
/home/manvith/Desktop/Projects/Tulu Dataset/Tulu-Dtatset-V2/nna/nna_78.png,Tulu-Dtatset-V2,nna,train,2cf0259ad7cd97af66960d78d34bef1adbbb427395d31641a0f16610ab44d1ba,365.0,348.0,RGBA,nna_78.png,.png
/home/manvith/Desktop/Projects/Tulu Dataset/Tulu-Dtatset-V2/nna/nna_36.png,Tulu-Dtatset-V2,nna,train,5d01615fcc0920709783a5362dc0e65bd4135b8f38bbec5a1002dd27fca9947e,362.0,346.0,RGBA,nna_36.png,.png
/home/manvith/Desktop/Projects/Tulu Dataset/Tulu-Dtatset-V2/nna/nna_54.png,Tulu-Dtatset-V2,nna,train,4bb80252ed6b4f8a6432a59714a2a89a545a350fe0dab2511d63b803ad56082e,364.0,346.0,RGBA,nna_54.png,.png
/home/manvith/Desktop/Projects/Tulu Dataset/Tulu-Dtatset-V2/nna/nna_77.png,Tulu-Dtatset-V2,nna,train,c80b403dad164b1408a862f454901f5794fb07c34c97c593801021ee5fa582a0,365.0,348.0,RGBA,nna_77.png,.png
/home/manvith/Desktop/Projects/Tulu Dataset/Tulu-Dtatset-V2/nna/nna_80.png,Tulu-Dtatset-V2,nna,train,68776c24d0979d1620a5a252797448edc3750eeaa8ac34a2e9716f14afc2fe49,365.0,348.0,RGBA,nna_80.png,.png
/home/manvith/Desktop/Projects/Tulu Dataset/Tulu-Dtatset-V2/nna/nna_79.png,Tulu-Dtatset-V2,nna,train,3954127474ba1147e4d2f1e57920b0b58f74602ee933f17d9a11b7a5787fb3e1,365.0,348.0,RGBA,nna_79.png,.png
/home/manvith/Desktop/Projects/Tulu Dataset/Tulu-Dtatset-V2/nna/nna_20.png,Tulu-Dtatset-V2,nna,train,2eaeb83b412f8bef66015f43a1b27e6d28e715e235cbb730bb7b4ae7a2e9699a,362.0,346.0,RGBA,nna_20.png,.png
/home/manvith/Desktop/Projects/Tulu Dataset/Tulu-Dtatset-V2/nna/nna_53.png,Tulu-Dtatset-V2,nna,train,b486a5dce4523f2d70890307c99fe74e8ad7317e78fea67275856406ce1881e7,364.0,346.0,RGBA,nna_53.png,.png
/home/manvith/Desktop/Projects/Tulu Dataset/Tulu-Dtatset-V2/nna/nna_17.png,Tulu-Dtatset-V2,nna,train,baaeaf325c0dde10df6af95f0af43897d0df470357ff99f5062d9bf7dd0e52d2,362.0,346.0,RGBA,nna_17.png,.png
/home/manvith/Desktop/Projects/Tulu Dataset/Tulu-Dtatset-V2/nna/nna_59.png,Tulu-Dtatset-V2,nna,train,2d37a602d0b0e21804ba2f8d958008a457b385c571d2d23884bb0ca1dc690782,364.0,346.0,RGBA,nna_59.png,.png
/home/manvith/Desktop/Projects/Tulu Dataset/Tulu-Dtatset-V2/nna/nna_21.png,Tulu-Dtatset-V2,nna,train,035f1cb15242e5884cbf78c92632676cb84a4d1879b4cca1ea4c78bec1cea352,362.0,346.0,RGBA,nna_21.png,.png
/home/manvith/Desktop/Projects/Tulu Dataset/Tulu-Dtatset-V2/nna/nna_95.png,Tulu-Dtatset-V2,nna,train,06cd347a538b6e8ba456cce4bf50c73b685a1fcf11eb4e536c785c98dcb4cb6d,365.0,348.0,RGBA,nna_95.png,.png
/home/manvith/Desktop/Projects/Tulu Dataset/Tulu-Dtatset-V2/nna/nna_16.png,Tulu-Dtatset-V2,nna,train,19f8067438161e33ddd6ec385a963a3658b8a88ec11c072c4288d9ba1c606e2c,362.0,346.0,RGBA,nna_16.png,.png
/home/manvith/Desktop/Projects/Tulu Dataset/Tulu-Dtatset-V2/nna/nna_99.png,Tulu-Dtatset-V2,nna,train,57e739a87ec2ba899ffd27491e390fb3cc0eb3981a75ad5bafd3e9e80e751495,365.0,348.0,RGBA,nna_99.png,.png
/home/manvith/Desktop/Projects/Tulu Dataset/Tulu-Dtatset-V2/nna/nna_1.png,Tulu-Dtatset-V2,nna,train,7ae664e847f44bf39f228587a31c925d992b6ef48f2f8bc73853a845b0ce1903,365.0,348.0,RGBA,nna_1.png,.png
/home/manvith/Desktop/Projects/Tulu Dataset/Tulu-Dtatset-V2/nna/nna_8.png,Tulu-Dtatset-V2,nna,train,5ca71a39e07fd578f5a25c9d8e01de2b6c6840044b06df542b90eea1d33f9ee1,365.0,349.0,RGBA,nna_8.png,.png
/home/manvith/Desktop/Projects/Tulu Dataset/Tulu-Dtatset-V2/nna/nna_67.png,Tulu-Dtatset-V2,nna,train,e99a068837b18d4ff7de59d1ac1582a00fa41f4b82b8b656565bd623e84010fe,365.0,348.0,RGBA,nna_67.png,.png
/home/manvith/Desktop/Projects/Tulu Dataset/Tulu-Dtatset-V2/nna/nna_81.png,Tulu-Dtatset-V2,nna,train,2b7487d4a9ae891f8de038970ff06cbc9f90f0690f4c8a9a05f5bee537a43391,365.0,348.0,RGBA,nna_81.png,.png
/home/manvith/Desktop/Projects/Tulu Dataset/Tulu-Dtatset-V2/nna/nna_94.png,Tulu-Dtatset-V2,nna,train,73c9e99e38b7c6f063050584360453e1c457d879238dcffb9c5bf06425014c4e,365.0,348.0,RGBA,nna_94.png,.png
/home/manvith/Desktop/Projects/Tulu Dataset/Tulu-Dtatset-V2/nna/nna_12.png,Tulu-Dtatset-V2,nna,train,180dc75cefe65dc7518e081f40998e91d016d94c0556946e4d2ba4a25b7eb75f,365.0,337.0,RGBA,nna_12.png,.png
/home/manvith/Desktop/Projects/Tulu Dataset/Tulu-Dtatset-V2/nna/nna_58.png,Tulu-Dtatset-V2,nna,train,e6960fa3ee7ad046c90fa2590d3221b3402cd957814ed7fa6ce9584214f50be8,364.0,346.0,RGBA,nna_58.png,.png
/home/manvith/Desktop/Projects/Tulu Dataset/Tulu-Dtatset-V2/nna/nna_85.png,Tulu-Dtatset-V2,nna,train,18b63ddf56eae58240ad70313c341d2b3ab46a2433e25c4d8897b276f4ee55a8,365.0,348.0,RGBA,nna_85.png,.png
/home/manvith/Desktop/Projects/Tulu Dataset/Tulu-Dtatset-V2/nna/nna_9.png,Tulu-Dtatset-V2,nna,train,50b8e74cc17bc9fa8917c6823897aba9fdc69697ea53fd418faf59255b789e84,363.0,350.0,RGBA,nna_9.png,.png
/home/manvith/Desktop/Projects/Tulu Dataset/Tulu-Dtatset-V2/nna/nna_89.png,Tulu-Dtatset-V2,nna,train,68c36bd38d5d4ff82e78cc6c188e76ed2671c4ccde427e06e562c33e58234f17,365.0,348.0,RGBA,nna_89.png,.png
/home/manvith/Desktop/Projects/Tulu Dataset/Tulu-Dtatset-V2/nna/nna_11.png,Tulu-Dtatset-V2,nna,train,cbcf80000b4ba9221ba878f5ede6605eef767ea0c82bb0444ca245488c79ccb1,365.0,348.0,RGBA,nna_11.png,.png
/home/manvith/Desktop/Projects/Tulu Dataset/Tulu-Dtatset-V2/nna/nna_46.png,Tulu-Dtatset-V2,nna,train,4e5dac1327697bf24ae1cd4f2c3dbd7c3e98f9c9e9f2e4d7786656eddfc06b20,362.0,346.0,RGBA,nna_46.png,.png
/home/manvith/Desktop/Projects/Tulu Dataset/Tulu-Dtatset-V2/nna/nna_4.png,Tulu-Dtatset-V2,nna,train,b66fb91569f4719c2b62f75a02e42d02d32af46692070488beda5b5dca9c3de0,358.0,347.0,RGBA,nna_4.png,.png
/home/manvith/Desktop/Projects/Tulu Dataset/Tulu-Dtatset-V2/nna/nna_6.png,Tulu-Dtatset-V2,nna,train,eb26ae75ad784642b5e3ee0410db2a17c6cf9b4d409a9ec892d1cf32582cbddc,359.0,347.0,RGBA,nna_6.png,.png
/home/manvith/Desktop/Projects/Tulu Dataset/Tulu-Dtatset-V2/nna/nna_71.png,Tulu-Dtatset-V2,nna,train,82d30457189348dc5d45199b771aebdd3852021c962c2e35a33f2b289e3eb142,365.0,348.0,RGBA,nna_71.png,.png
/home/manvith/Desktop/Projects/Tulu Dataset/Tulu-Dtatset-V2/nna/nna_3.png,Tulu-Dtatset-V2,nna,train,d15929a331ff19653c8ee6edb29dba6f7483c0059f8ffdbd878282d62c855564,363.0,351.0,RGBA,nna_3.png,.png
/home/manvith/Desktop/Projects/Tulu Dataset/Tulu-Dtatset-V2/nna/nna_86.png,Tulu-Dtatset-V2,nna,train,bcb1dfa6403ab4f8b44a51d7a4ccf7c28861268e58eb21064481b882aa4a605e,365.0,348.0,RGBA,nna_86.png,.png
/home/manvith/Desktop/Projects/Tulu Dataset/Tulu-Dtatset-V2/nna/nna_24.png,Tulu-Dtatset-V2,nna,train,b7703f9f0ff35a8a28d07c06e8a10c31636e90488144bf0ce8fc484a185f53b3,362.0,346.0,RGBA,nna_24.png,.png
/home/manvith/Desktop/Projects/Tulu Dataset/Tulu-Dtatset-V2/nna/nna_70.png,Tulu-Dtatset-V2,nna,train,d7b65035c662dcde9d5d9a55f6f5487243cfe98875066de0020cb15bdd35c72b,365.0,348.0,RGBA,nna_70.png,.png
/home/manvith/Desktop/Projects/Tulu Dataset/Tulu-Dtatset-V2/nna/nna_5.png,Tulu-Dtatset-V2,nna,train,c3af64dfd03c366be6a758db7a32b28caa7105c7cb6eb5869d7baa93546cf420,364.0,345.0,RGBA,nna_5.png,.png
/home/manvith/Desktop/Projects/Tulu Dataset/Tulu-Dtatset-V2/nna/nna_28.png,Tulu-Dtatset-V2,nna,train,b6d8a9a6ab31d97d56fd8fd49143825af2b47108c8f99ebe32b49fcec6c8ad79,362.0,346.0,RGBA,nna_28.png,.png
/home/manvith/Desktop/Projects/Tulu Dataset/Tulu-Dtatset-V2/nna/nna_61.png,Tulu-Dtatset-V2,nna,train,7e71a94ba3c96da0385a0dde28e41eb50ecdb3c64af9f7490096bbda55ef80df,365.0,348.0,RGBA,nna_61.png,.png
/home/manvith/Desktop/Projects/Tulu Dataset/Tulu-Dtatset-V2/nna/nna_73.png,Tulu-Dtatset-V2,nna,train,ec4e03768d31cc9ef59f79378689264e0a8f192a460d99c44139d0fa93750bb4,365.0,348.0,RGBA,nna_73.png,.png
/home/manvith/Desktop/Projects/Tulu Dataset/Tulu-Dtatset-V2/nna/nna_65.png,Tulu-Dtatset-V2,nna,train,4dcdba9b86940d91f8694c4ee51371e0df7970ff4cd5d00e86dfebe36c55509e,365.0,348.0,RGBA,nna_65.png,.png
/home/manvith/Desktop/Projects/Tulu Dataset/Tulu-Dtatset-V2/nna/nna_38.png,Tulu-Dtatset-V2,nna,train,6808cc1b5d43f466d4bcba66d34740d14e55b5deb4fe55f4de60dd5278ff905b,362.0,346.0,RGBA,nna_38.png,.png
/home/manvith/Desktop/Projects/Tulu Dataset/Tulu-Dtatset-V2/nna/nna_48.png,Tulu-Dtatset-V2,nna,train,009eb6864c50e9f9ab7d1def8b6a71bc55642f5be824ae6c5c33b00e18a2d8f5,362.0,346.0,RGBA,nna_48.png,.png
/home/manvith/Desktop/Projects/Tulu Dataset/Tulu-Dtatset-V2/nna/nna_88.png,Tulu-Dtatset-V2,nna,train,925dba67533107c9a58d50956373d58eaea916fb2d49e839298d99cb115874eb,365.0,348.0,RGBA,nna_88.png,.png
/home/manvith/Desktop/Projects/Tulu Dataset/Tulu-Dtatset-V2/nna/nna_66.png,Tulu-Dtatset-V2,nna,train,86734705a2d77cd690d0c0ff78f6c534c26af9b652369a425457834ad4b4f6b7,365.0,348.0,RGBA,nna_66.png,.png
/home/manvith/Desktop/Projects/Tulu Dataset/Tulu-Dtatset-V2/nna/nna_37.png,Tulu-Dtatset-V2,nna,train,0b8ce00fcc98c31040b221c3fb13311b21db1b918b4e8de83debf9016cfaeb8e,362.0,346.0,RGBA,nna_37.png,.png
/home/manvith/Desktop/Projects/Tulu Dataset/Tulu-Dtatset-V2/nna/nna_92.png,Tulu-Dtatset-V2,nna,train,f257235c0dae938580c1e3f9cf0d0c187c00a7d8fe515892c45e00eb4eaa2a5d,365.0,348.0,RGBA,nna_92.png,.png
/home/manvith/Desktop/Projects/Tulu Dataset/Tulu-Dtatset-V2/nna/nna_52.png,Tulu-Dtatset-V2,nna,train,e7fd75adfa4ee810a76a04989b3082686754875f42af31206df5448f99aff646,364.0,346.0,RGBA,nna_52.png,.png
/home/manvith/Desktop/Projects/Tulu Dataset/Tulu-Dtatset-V2/nna/nna_35.png,Tulu-Dtatset-V2,nna,train,8ecdb183e3e36f4b2244af72d89e09a104bea53f6b3ebf2a0d2d36ad424a7996,362.0,346.0,RGBA,nna_35.png,.png
/home/manvith/Desktop/Projects/Tulu Dataset/Tulu-Dtatset-V2/nya/nya_63.png,Tulu-Dtatset-V2,nya,train,630d7f998eb34d072e5d285f61816a374212ac6eff2873b81b557c7c04d40cfe,364.0,347.0,RGBA,nya_63.png,.png
/home/manvith/Desktop/Projects/Tulu Dataset/Tulu-Dtatset-V2/nya/nya_7.png,Tulu-Dtatset-V2,nya,train,640658089dc48fcb8722cf086877f333ffc64819793f46c08ee7d2196feab85b,360.0,348.0,RGBA,nya_7.png,.png
/home/manvith/Desktop/Projects/Tulu Dataset/Tulu-Dtatset-V2/nya/nya_97.png,Tulu-Dtatset-V2,nya,train,719e5a55e88323a518089eb34ae3e1a8d527a5f1fb3aff1035b255bb29f921a5,358.0,345.0,RGBA,nya_97.png,.png
/home/manvith/Desktop/Projects/Tulu Dataset/Tulu-Dtatset-V2/nya/nya_24.png,Tulu-Dtatset-V2,nya,train,3710524df16061d742991fd86712f5b03008f4eb1d6a5590663d8dd70800424f,363.0,345.0,RGBA,nya_24.png,.png
/home/manvith/Desktop/Projects/Tulu Dataset/Tulu-Dtatset-V2/nya/nya_59.png,Tulu-Dtatset-V2,nya,train,d7f8fe4523e5ad8bf39d58dde963bec286ba4a6f31023ddf09896743958a3882,364.0,347.0,RGBA,nya_59.png,.png
/home/manvith/Desktop/Projects/Tulu Dataset/Tulu-Dtatset-V2/nya/nya_47.png,Tulu-Dtatset-V2,nya,train,39ceac6d621011dcc826ad4ee96368b8ff5b620e9fa42591be4ecbd29410eda4,363.0,345.0,RGBA,nya_47.png,.png
/home/manvith/Desktop/Projects/Tulu Dataset/Tulu-Dtatset-V2/nya/nya_23.png,Tulu-Dtatset-V2,nya,train,ecc68d424be3659124b629269b38b323ac7e1801e1506c46dac728ef4718b6ca,363.0,345.0,RGBA,nya_23.png,.png
/home/manvith/Desktop/Projects/Tulu Dataset/Tulu-Dtatset-V2/nya/nya_37.png,Tulu-Dtatset-V2,nya,train,926c705659b61e0bcd2f2c4f6fb97c7b2aa863f7a0b974d97a2a3748e9461de5,363.0,345.0,RGBA,nya_37.png,.png
/home/manvith/Desktop/Projects/Tulu Dataset/Tulu-Dtatset-V2/nya/nya_67.png,Tulu-Dtatset-V2,nya,train,b5985b11b4c24b8eb285f81545f0b2f5e11ef8c405bb2679b36c38887b60e2e8,364.0,347.0,RGBA,nya_67.png,.png
/home/manvith/Desktop/Projects/Tulu Dataset/Tulu-Dtatset-V2/nya/nya_32.png,Tulu-Dtatset-V2,nya,train,b6f84a51956a211f140d4974ce54343267abe6f1ea094bc9de2eb8f8494664d9,363.0,345.0,RGBA,nya_32.png,.png
/home/manvith/Desktop/Projects/Tulu Dataset/Tulu-Dtatset-V2/nya/nya_25.png,Tulu-Dtatset-V2,nya,train,5217546d0781e3f8d1ff5386468c347810f17e0fa2885890892428efb87c72f2,363.0,345.0,RGBA,nya_25.png,.png
/home/manvith/Desktop/Projects/Tulu Dataset/Tulu-Dtatset-V2/nya/nya_61.png,Tulu-Dtatset-V2,nya,train,bc311d5843fd13d1e68feb3e7f475037fd71af3adc417656744cf2dc72c4ed35,364.0,347.0,RGBA,nya_61.png,.png
/home/manvith/Desktop/Projects/Tulu Dataset/Tulu-Dtatset-V2/nya/nya_3.png,Tulu-Dtatset-V2,nya,train,6df4cc130348c7e222c044a7a4244921507f36401ce82439beede7c1cac44f42,358.0,345.0,RGBA,nya_3.png,.png
/home/manvith/Desktop/Projects/Tulu Dataset/Tulu-Dtatset-V2/nya/nya_100.png,Tulu-Dtatset-V2,nya,train,3d04950f046652acaaa5af778b451d5c94a3fd37261a1d5a9a64cb16935f1366,358.0,345.0,RGBA,nya_100.png,.png
/home/manvith/Desktop/Projects/Tulu Dataset/Tulu-Dtatset-V2/nya/nya_8.png,Tulu-Dtatset-V2,nya,train,b3bdcd65f1246f578e3317815cc0fd5e55457b6ce72d65a65ddd63ea61c0b763,364.0,347.0,RGBA,nya_8.png,.png
/home/manvith/Desktop/Projects/Tulu Dataset/Tulu-Dtatset-V2/nya/nya_90.png,Tulu-Dtatset-V2,nya,train,29bf629d14f2b04ae6ee5490c7b3cae164ce876404564c9bdfb7d3f1e5fb3f37,358.0,345.0,RGBA,nya_90.png,.png
/home/manvith/Desktop/Projects/Tulu Dataset/Tulu-Dtatset-V2/nya/nya_99.png,Tulu-Dtatset-V2,nya,train,0c202f54ecf80a51aff7e701048d9eb1e8295b646f8ffbd2c893677804b3dc41,358.0,345.0,RGBA,nya_99.png,.png
/home/manvith/Desktop/Projects/Tulu Dataset/Tulu-Dtatset-V2/nya/nya_93.png,Tulu-Dtatset-V2,nya,train,dd534cc208834324c1a8db9261a8fa20cfdb64fc4697924bae90c845e6f40003,358.0,345.0,RGBA,nya_93.png,.png
/home/manvith/Desktop/Projects/Tulu Dataset/Tulu-Dtatset-V2/nya/nya_52.png,Tulu-Dtatset-V2,nya,train,3019d617ca21450f84041028189b0a5e55123670afb24451e2c0b7ef1a25dede,364.0,347.0,RGBA,nya_52.png,.png
/home/manvith/Desktop/Projects/Tulu Dataset/Tulu-Dtatset-V2/nya/nya_62.png,Tulu-Dtatset-V2,nya,train,43a16db68fd22f3615432687ae06a6baab35a5daf205f7c924230d0efdd96b22,364.0,347.0,RGBA,nya_62.png,.png
/home/manvith/Desktop/Projects/Tulu Dataset/Tulu-Dtatset-V2/nya/nya_45.png,Tulu-Dtatset-V2,nya,train,51864212b021c2a936f05f3127e50e65b57340b73d56baa0dc984c0ad170b4c7,363.0,345.0,RGBA,nya_45.png,.png
/home/manvith/Desktop/Projects/Tulu Dataset/Tulu-Dtatset-V2/nya/nya_73.png,Tulu-Dtatset-V2,nya,train,c05e188bab46b8ba762bd4db7e99b22f8c12096887acc4d7170f1aa68a53b5a4,358.0,345.0,RGBA,nya_73.png,.png
/home/manvith/Desktop/Projects/Tulu Dataset/Tulu-Dtatset-V2/nya/nya_1.png,Tulu-Dtatset-V2,nya,train,2416c110d92d4bacf9c19cb73cd93afdea4333f2fb1b6f42d151b307c3e6868b,363.0,345.0,RGBA,nya_1.png,.png
/home/manvith/Desktop/Projects/Tulu Dataset/Tulu-Dtatset-V2/nya/nya_36.png,Tulu-Dtatset-V2,nya,train,039b95ff37621d97d8fe86c47e6742a60e7a762fbc55a235bc247da2be4e920b,363.0,345.0,RGBA,nya_36.png,.png
/home/manvith/Desktop/Projects/Tulu Dataset/Tulu-Dtatset-V2/nya/nya_98.png,Tulu-Dtatset-V2,nya,train,4f198cf2ce936020f3c441b744ea07cea82dbda6ec86a416774a133d91f75bf3,358.0,345.0,RGBA,nya_98.png,.png
/home/manvith/Desktop/Projects/Tulu Dataset/Tulu-Dtatset-V2/nya/nya_78.png,Tulu-Dtatset-V2,nya,train,bd70d965dbbe2e02bf5378978b2dff97ab5800d759a16d672b24f363a0807e6c,358.0,345.0,RGBA,nya_78.png,.png
/home/manvith/Desktop/Projects/Tulu Dataset/Tulu-Dtatset-V2/nya/nya_39.png,Tulu-Dtatset-V2,nya,train,440e8a759c83ecc3e0113fcd657357cabc7ed0834ecd06dddf462e04a08112c3,363.0,345.0,RGBA,nya_39.png,.png
/home/manvith/Desktop/Projects/Tulu Dataset/Tulu-Dtatset-V2/nya/nya_75.png,Tulu-Dtatset-V2,nya,train,8f18f4a095f73111833e0495f17de44a3875aa4b0adfcd23e16735b19e243faa,358.0,345.0,RGBA,nya_75.png,.png
/home/manvith/Desktop/Projects/Tulu Dataset/Tulu-Dtatset-V2/nya/nya_46.png,Tulu-Dtatset-V2,nya,train,3e6ee6945946417e218d4e9e4e6b3e52e399a3d4b3c2168953abeae4e982147c,363.0,345.0,RGBA,nya_46.png,.png
/home/manvith/Desktop/Projects/Tulu Dataset/Tulu-Dtatset-V2/nya/nya_55.png,Tulu-Dtatset-V2,nya,train,35ca17a531d3aab3aac40f82793beb7f0e309f19761e4fec01c2134d6b72b629,364.0,347.0,RGBA,nya_55.png,.png
/home/manvith/Desktop/Projects/Tulu Dataset/Tulu-Dtatset-V2/nya/nya_80.png,Tulu-Dtatset-V2,nya,train,dbe01b1b2a2a8ea0c130dc1a4b26b2fedb8da42476c294d93b1c0c84d3133adb,358.0,345.0,RGBA,nya_80.png,.png
/home/manvith/Desktop/Projects/Tulu Dataset/Tulu-Dtatset-V2/nya/nya_56.png,Tulu-Dtatset-V2,nya,train,82a8f193b05a8c1f5569a8d11bdcaa0b79f26dc7fc222a2f6822025908111d1e,364.0,347.0,RGBA,nya_56.png,.png
/home/manvith/Desktop/Projects/Tulu Dataset/Tulu-Dtatset-V2/nya/nya_21.png,Tulu-Dtatset-V2,nya,train,7ea2ccda4b02f4e047f9e0b0b1987b16f67d460e2347021bab66b0ba214a841c,363.0,345.0,RGBA,nya_21.png,.png
/home/manvith/Desktop/Projects/Tulu Dataset/Tulu-Dtatset-V2/nya/nya_88.png,Tulu-Dtatset-V2,nya,train,952dba3d3193fd5cd938ee3924b5346c82299c2a73acd0ff8274e3e03fa5e317,358.0,345.0,RGBA,nya_88.png,.png
/home/manvith/Desktop/Projects/Tulu Dataset/Tulu-Dtatset-V2/nya/nya_14.png,Tulu-Dtatset-V2,nya,train,8018a5da460953eaff65fe7d1a16df94c2ead71a1c2844faf85c9b2aa960365a,363.0,341.0,RGBA,nya_14.png,.png
/home/manvith/Desktop/Projects/Tulu Dataset/Tulu-Dtatset-V2/nya/nya_11.png,Tulu-Dtatset-V2,nya,train,688e57909532b29a1fbd334763678701cd10e5ba04cd646831570f40beabfa7f,364.0,346.0,RGBA,nya_11.png,.png
/home/manvith/Desktop/Projects/Tulu Dataset/Tulu-Dtatset-V2/nya/nya_81.png,Tulu-Dtatset-V2,nya,train,11f420b483a6ba08274ded66fb334708a24298b6558c1ae92f35032eb0adc9ca,358.0,345.0,RGBA,nya_81.png,.png
/home/manvith/Desktop/Projects/Tulu Dataset/Tulu-Dtatset-V2/nya/nya_38.png,Tulu-Dtatset-V2,nya,train,8490d157d3045dcdcf098dcda23892934aa450e5a15800fcc0519907d4142712,363.0,345.0,RGBA,nya_38.png,.png
/home/manvith/Desktop/Projects/Tulu Dataset/Tulu-Dtatset-V2/nya/nya_77.png,Tulu-Dtatset-V2,nya,train,e0fbfe865be1ba6098a9eb567c741bb68ef7d3466a5f7299216eb9236b2ad1b7,358.0,345.0,RGBA,nya_77.png,.png
/home/manvith/Desktop/Projects/Tulu Dataset/Tulu-Dtatset-V2/nya/nya_16.png,Tulu-Dtatset-V2,nya,train,29d7efde33085a79f09aba2e7b4e9dd0a6d3699f2424d9cf0e1d993302709954,363.0,345.0,RGBA,nya_16.png,.png
/home/manvith/Desktop/Projects/Tulu Dataset/Tulu-Dtatset-V2/nya/nya_50.png,Tulu-Dtatset-V2,nya,train,a4236c57564dadd36d17c8fa2405d5f23f8d54489775ccac4db3c1cb63d6c4cb,363.0,345.0,RGBA,nya_50.png,.png
/home/manvith/Desktop/Projects/Tulu Dataset/Tulu-Dtatset-V2/nya/nya_83.png,Tulu-Dtatset-V2,nya,train,d58eeab1525be05d8abbe847e82687dce74fd28742a6a9577aabdfa63d5ba039,358.0,345.0,RGBA,nya_83.png,.png
/home/manvith/Desktop/Projects/Tulu Dataset/Tulu-Dtatset-V2/nya/nya_72.png,Tulu-Dtatset-V2,nya,train,716b4c8199a5d4b06c0e62555bbd844ef5a57453cb394379569a7a6c3f3201cd,358.0,345.0,RGBA,nya_72.png,.png
/home/manvith/Desktop/Projects/Tulu Dataset/Tulu-Dtatset-V2/nya/nya_49.png,Tulu-Dtatset-V2,nya,train,ff58092ea9906d2c1e95e10e0dc6175f462cbb5800ffcf14afd6e3462080af3e,363.0,345.0,RGBA,nya_49.png,.png
/home/manvith/Desktop/Projects/Tulu Dataset/Tulu-Dtatset-V2/nya/nya_30.png,Tulu-Dtatset-V2,nya,train,516ddfca1a573f55251d8fc6dfce35f2687f329f209bbb85b84b24bba7186ecc,363.0,345.0,RGBA,nya_30.png,.png
/home/manvith/Desktop/Projects/Tulu Dataset/Tulu-Dtatset-V2/nya/nya_53.png,Tulu-Dtatset-V2,nya,train,e65cf84b402046ac4cfb2a34c727e21c3c5edeb20456422f5b75dbd3b9958582,364.0,347.0,RGBA,nya_53.png,.png
/home/manvith/Desktop/Projects/Tulu Dataset/Tulu-Dtatset-V2/nya/nya_22.png,Tulu-Dtatset-V2,nya,train,45f58490129d633236a4853cf9fedf09aeab19284e24ec8ef04790228f19b403,363.0,345.0,RGBA,nya_22.png,.png
/home/manvith/Desktop/Projects/Tulu Dataset/Tulu-Dtatset-V2/nya/nya_42.png,Tulu-Dtatset-V2,nya,train,02944b1fc6db7c6dfeb802d62b18c55bb8a0d0fe607f9417255a29a9cc1c4339,363.0,345.0,RGBA,nya_42.png,.png
/home/manvith/Desktop/Projects/Tulu Dataset/Tulu-Dtatset-V2/nya/nya_82.png,Tulu-Dtatset-V2,nya,train,0cc25aa78c1c840e5d9eb51dfaec68c512d7bf675bfa890621c0893d9d238ab8,358.0,345.0,RGBA,nya_82.png,.png
/home/manvith/Desktop/Projects/Tulu Dataset/Tulu-Dtatset-V2/nya/nya_26.png,Tulu-Dtatset-V2,nya,train,f70c71b1e7a538757ec39a24b0a46262d1bf3e3a8a6d734709e462286747f5cd,363.0,345.0,RGBA,nya_26.png,.png
/home/manvith/Desktop/Projects/Tulu Dataset/Tulu-Dtatset-V2/nya/nya_69.png,Tulu-Dtatset-V2,nya,train,5841eb61f112605797a78b680df83d8be0a6dfefe42e1cce74e1c3ff82b71375,364.0,347.0,RGBA,nya_69.png,.png
/home/manvith/Desktop/Projects/Tulu Dataset/Tulu-Dtatset-V2/nya/nya_31.png,Tulu-Dtatset-V2,nya,train,426703ed2c18a022223a665a5a8e6b70f9af2ed1602793db2c79c320eea28a8a,363.0,345.0,RGBA,nya_31.png,.png
/home/manvith/Desktop/Projects/Tulu Dataset/Tulu-Dtatset-V2/nya/nya_66.png,Tulu-Dtatset-V2,nya,train,d61431979a33eba241c36f50bfec3bf41f8c10d0655f0c4e131e32ed93bad246,364.0,347.0,RGBA,nya_66.png,.png
/home/manvith/Desktop/Projects/Tulu Dataset/Tulu-Dtatset-V2/nya/nya_51.png,Tulu-Dtatset-V2,nya,train,41e3c08a2625c5e1635c74f89b02046fd31b41072623ec5ed138490c614a828a,364.0,347.0,RGBA,nya_51.png,.png
/home/manvith/Desktop/Projects/Tulu Dataset/Tulu-Dtatset-V2/nya/nya_58.png,Tulu-Dtatset-V2,nya,train,291006d5ec396a0e042bc39b2b21414693db8ecfe3adbffeacf4ce00b7101bea,364.0,347.0,RGBA,nya_58.png,.png
/home/manvith/Desktop/Projects/Tulu Dataset/Tulu-Dtatset-V2/nya/nya_89.png,Tulu-Dtatset-V2,nya,train,6fbbd4ac84640e2491decf877b650001bca193ab6c636440f6b904f9e1512856,358.0,345.0,RGBA,nya_89.png,.png
/home/manvith/Desktop/Projects/Tulu Dataset/Tulu-Dtatset-V2/nya/nya_70.png,Tulu-Dtatset-V2,nya,train,b09ab3cb3ea1bf243cbf4ed78ef39c3493249318455a77449ad4c7efefbd4bef,364.0,347.0,RGBA,nya_70.png,.png
/home/manvith/Desktop/Projects/Tulu Dataset/Tulu-Dtatset-V2/nya/nya_43.png,Tulu-Dtatset-V2,nya,train,7e635ceff848e974448f396be5f83c5bc8a3af9abdd5f9801453c1f03d8d79e7,363.0,345.0,RGBA,nya_43.png,.png
/home/manvith/Desktop/Projects/Tulu Dataset/Tulu-Dtatset-V2/nya/nya_20.png,Tulu-Dtatset-V2,nya,train,1156b1599b7dd7fd6ef67f9398998b5aa5faa9f7109c9229aef307fad7514ec8,363.0,345.0,RGBA,nya_20.png,.png
/home/manvith/Desktop/Projects/Tulu Dataset/Tulu-Dtatset-V2/nya/nya_85.png,Tulu-Dtatset-V2,nya,train,850bea6d71a74a7bb76fd10fbc31191d6e5eb4d7cac5a95fdb7b361f1fd1ef18,358.0,345.0,RGBA,nya_85.png,.png
/home/manvith/Desktop/Projects/Tulu Dataset/Tulu-Dtatset-V2/nya/nya_27.png,Tulu-Dtatset-V2,nya,train,7c72237f62cb3a35f8fcac0e50a7187d9fd2180599d045fab7c6cbbd82c35062,363.0,345.0,RGBA,nya_27.png,.png
/home/manvith/Desktop/Projects/Tulu Dataset/Tulu-Dtatset-V2/nya/nya_6.png,Tulu-Dtatset-V2,nya,train,2b6c16abb966453342d756a4edca312cec458516a0cb55843e9e73f7cb4c6c98,363.0,344.0,RGBA,nya_6.png,.png
/home/manvith/Desktop/Projects/Tulu Dataset/Tulu-Dtatset-V2/nya/nya_64.png,Tulu-Dtatset-V2,nya,train,8b70059754f87b74493b6c4ddd9ad84b755ffc6ef842359667c44c0245fb6190,364.0,347.0,RGBA,nya_64.png,.png
/home/manvith/Desktop/Projects/Tulu Dataset/Tulu-Dtatset-V2/nya/nya_29.png,Tulu-Dtatset-V2,nya,train,4436ef508e5186b82885b29a7b59b4c0dc969395769bb5a651224fdd9f4f81e9,363.0,345.0,RGBA,nya_29.png,.png
/home/manvith/Desktop/Projects/Tulu Dataset/Tulu-Dtatset-V2/nya/nya_92.png,Tulu-Dtatset-V2,nya,train,43e74760e4e9c9f88738b1ededc5369c1aef015acfe99d246e01d5f8fc3b230d,358.0,345.0,RGBA,nya_92.png,.png
/home/manvith/Desktop/Projects/Tulu Dataset/Tulu-Dtatset-V2/nya/nya_41.png,Tulu-Dtatset-V2,nya,train,bf68a849a95949fd629a1f28d67292ff7d83660d74d245017d328094c1024e24,363.0,345.0,RGBA,nya_41.png,.png
/home/manvith/Desktop/Projects/Tulu Dataset/Tulu-Dtatset-V2/nya/nya_17.png,Tulu-Dtatset-V2,nya,train,588f02894a5926ad92e07c9b3d7299553e5f06fad554278215caa1c338678f96,363.0,345.0,RGBA,nya_17.png,.png
/home/manvith/Desktop/Projects/Tulu Dataset/Tulu-Dtatset-V2/nya/nya_79.png,Tulu-Dtatset-V2,nya,train,8f6c6575f1fc14e016125b400b1825323f2531a1631088e59c95afcde8edbc19,358.0,345.0,RGBA,nya_79.png,.png
/home/manvith/Desktop/Projects/Tulu Dataset/Tulu-Dtatset-V2/nya/nya_40.png,Tulu-Dtatset-V2,nya,train,d9f9ac04b1d5ff95d355ecbfe17b3902ed94256ca74dafbd68e13b3147b7ac27,363.0,345.0,RGBA,nya_40.png,.png
/home/manvith/Desktop/Projects/Tulu Dataset/Tulu-Dtatset-V2/nya/nya_87.png,Tulu-Dtatset-V2,nya,train,bf0f78f5261c2b275cbfc7bc322815e2b20a5efb8612e251b44a6b21f4edf4a4,358.0,345.0,RGBA,nya_87.png,.png
/home/manvith/Desktop/Projects/Tulu Dataset/Tulu-Dtatset-V2/nya/nya_33.png,Tulu-Dtatset-V2,nya,train,221692ee7255c0374adcf2bc88297491bf22f97721a774240d648b9b60ea78b7,363.0,345.0,RGBA,nya_33.png,.png
/home/manvith/Desktop/Projects/Tulu Dataset/Tulu-Dtatset-V2/nya/nya_35.png,Tulu-Dtatset-V2,nya,train,873123a03521f4e3952a4c63d5e73591c6040e408a1de0c0259b0b5f27ebe38d,363.0,345.0,RGBA,nya_35.png,.png
/home/manvith/Desktop/Projects/Tulu Dataset/Tulu-Dtatset-V2/nya/nya_13.png,Tulu-Dtatset-V2,nya,train,13e030a089a8628d6d01d39791adcd14ee64156d788bd546e8d2f3cd1dae9b99,359.0,344.0,RGBA,nya_13.png,.png
/home/manvith/Desktop/Projects/Tulu Dataset/Tulu-Dtatset-V2/nya/nya_71.png,Tulu-Dtatset-V2,nya,train,510b8677dfc02130c5a2e60c2d5669af677f47f305e37e3a1e6a68be518cea55,358.0,345.0,RGBA,nya_71.png,.png
/home/manvith/Desktop/Projects/Tulu Dataset/Tulu-Dtatset-V2/nya/nya_2.png,Tulu-Dtatset-V2,nya,train,92c63e65e3f39c368e08b174517a642ae61bb98e8619ab0b869bc33a507935e2,367.0,355.0,RGBA,nya_2.png,.png
/home/manvith/Desktop/Projects/Tulu Dataset/Tulu-Dtatset-V2/nya/nya_76.png,Tulu-Dtatset-V2,nya,train,8aeec95e23fdb7108aed38f1f38d5c4991f74c2598d9ca2e81090ff372e31cc4,358.0,345.0,RGBA,nya_76.png,.png
/home/manvith/Desktop/Projects/Tulu Dataset/Tulu-Dtatset-V2/nya/nya_48.png,Tulu-Dtatset-V2,nya,train,3e1f201a16be5139b07321f10eadb35c57e230f78415bb882b0840719629a1f7,363.0,345.0,RGBA,nya_48.png,.png
/home/manvith/Desktop/Projects/Tulu Dataset/Tulu-Dtatset-V2/nya/nya_60.png,Tulu-Dtatset-V2,nya,train,827853e593b4130314e1be941780bd668394a015e73f133b80c46c0f5301c300,364.0,347.0,RGBA,nya_60.png,.png
/home/manvith/Desktop/Projects/Tulu Dataset/Tulu-Dtatset-V2/nza/nza_89.png,Tulu-Dtatset-V2,nza,train,ad301a161584fa38bc94ec495607dd0d2233845332a7036e58c49e7c01137bd4,365.0,342.0,RGBA,nza_89.png,.png
/home/manvith/Desktop/Projects/Tulu Dataset/Tulu-Dtatset-V2/nza/nza_65.png,Tulu-Dtatset-V2,nza,train,15de5b239af0b8cb24f15d6b8c3246cb1d84c8236f7522378dd3c1538b95cd84,365.0,343.0,RGBA,nza_65.png,.png
/home/manvith/Desktop/Projects/Tulu Dataset/Tulu-Dtatset-V2/nza/nza_93.png,Tulu-Dtatset-V2,nza,train,d29ef7ae890d17063e44d39d2fe9e4341570ba1dd087fc01c26890d04674e2bb,365.0,342.0,RGBA,nza_93.png,.png
/home/manvith/Desktop/Projects/Tulu Dataset/Tulu-Dtatset-V2/nza/nza_69.png,Tulu-Dtatset-V2,nza,train,8c26c7b0ac9edf2b42a1cf565a424df28c45a962a70c7a15c27988cff616fc1c,365.0,343.0,RGBA,nza_69.png,.png
/home/manvith/Desktop/Projects/Tulu Dataset/Tulu-Dtatset-V2/nza/nza_29.png,Tulu-Dtatset-V2,nza,train,af8fc693216b9904c6829312b8055983acd531078d89dd7f9cd297009e802a61,358.0,345.0,RGBA,nza_29.png,.png
/home/manvith/Desktop/Projects/Tulu Dataset/Tulu-Dtatset-V2/nza/nza_25.png,Tulu-Dtatset-V2,nza,train,bcef08fff20f6f5be639579a8175d683ff2d812f71a621a0c49b1eac20accd07,358.0,345.0,RGBA,nza_25.png,.png
/home/manvith/Desktop/Projects/Tulu Dataset/Tulu-Dtatset-V2/nza/nza_27.png,Tulu-Dtatset-V2,nza,train,462af6248bcc648aafa8086162f2a3ea291661cd73110f77a6f6789a69b7eca8,358.0,345.0,RGBA,nza_27.png,.png
/home/manvith/Desktop/Projects/Tulu Dataset/Tulu-Dtatset-V2/nza/nza_58.png,Tulu-Dtatset-V2,nza,train,d78b01009d50a0be297a268ae613a0f0235e300394fe5539130293d0610891e7,365.0,343.0,RGBA,nza_58.png,.png
/home/manvith/Desktop/Projects/Tulu Dataset/Tulu-Dtatset-V2/nza/nza_14.png,Tulu-Dtatset-V2,nza,train,df2debef7c1c43fa6812749b3417fc2c3781c2bfc6f8218053f9d7885903856f,364.0,342.0,RGBA,nza_14.png,.png
/home/manvith/Desktop/Projects/Tulu Dataset/Tulu-Dtatset-V2/nza/nza_100.png,Tulu-Dtatset-V2,nza,train,9101db910df5102437570558368e45c20bee753725f62c490c15cd193d92a155,365.0,342.0,RGBA,nza_100.png,.png
/home/manvith/Desktop/Projects/Tulu Dataset/Tulu-Dtatset-V2/nza/nza_64.png,Tulu-Dtatset-V2,nza,train,4a6d1ebfb9f636474dc5d40507704318e465d1bf751fab655135157d09c4e407,365.0,343.0,RGBA,nza_64.png,.png
/home/manvith/Desktop/Projects/Tulu Dataset/Tulu-Dtatset-V2/nza/nza_15.png,Tulu-Dtatset-V2,nza,train,39ad06cc617e8a5830376f3b039c7f484f6128a891e04adff7889625595c3ee9,365.0,344.0,RGBA,nza_15.png,.png
/home/manvith/Desktop/Projects/Tulu Dataset/Tulu-Dtatset-V2/nza/nza_35.png,Tulu-Dtatset-V2,nza,train,ec1faca0871a4a1cc45a6daa60b24261e9e075e45036ab6d74930ecc918ac317,358.0,345.0,RGBA,nza_35.png,.png
/home/manvith/Desktop/Projects/Tulu Dataset/Tulu-Dtatset-V2/nza/nza_71.png,Tulu-Dtatset-V2,nza,train,a609d398d8c97467e130ccaaf0cc0b3b821d59f4320d740c94d3816eab3daa28,365.0,342.0,RGBA,nza_71.png,.png
/home/manvith/Desktop/Projects/Tulu Dataset/Tulu-Dtatset-V2/nza/nza_86.png,Tulu-Dtatset-V2,nza,train,16d511a1251fa91426b25044b0983fe010ae7ee3dc856558105796b2b5078583,365.0,342.0,RGBA,nza_86.png,.png
/home/manvith/Desktop/Projects/Tulu Dataset/Tulu-Dtatset-V2/nza/nza_61.png,Tulu-Dtatset-V2,nza,train,22c8fec504e03c56a6a7a0751b6e214ddf97c4c6a8047a07a1f2a23394e338b6,365.0,343.0,RGBA,nza_61.png,.png
/home/manvith/Desktop/Projects/Tulu Dataset/Tulu-Dtatset-V2/nza/nza_70.png,Tulu-Dtatset-V2,nza,train,f50c1f0b98c77d2df1a9aafd624f404510d0622b9f108948f6a0d4394d0f97c6,365.0,343.0,RGBA,nza_70.png,.png
/home/manvith/Desktop/Projects/Tulu Dataset/Tulu-Dtatset-V2/nza/nza_34.png,Tulu-Dtatset-V2,nza,train,8fb218e1b3db28caf520f4727c0752d841e7ea662a43dc073de86b33a8366858,358.0,345.0,RGBA,nza_34.png,.png
/home/manvith/Desktop/Projects/Tulu Dataset/Tulu-Dtatset-V2/nza/nza_76.png,Tulu-Dtatset-V2,nza,train,6e13d77de3ab99e7beb98725c4dff4b746837850dea42722dedbe3155c46bc08,365.0,342.0,RGBA,nza_76.png,.png
/home/manvith/Desktop/Projects/Tulu Dataset/Tulu-Dtatset-V2/nza/nza_28.png,Tulu-Dtatset-V2,nza,train,cbc9ae42039e440c6fd9592a41457122ab126e8105d1dc85feeb3408b1ebf5e6,358.0,345.0,RGBA,nza_28.png,.png
/home/manvith/Desktop/Projects/Tulu Dataset/Tulu-Dtatset-V2/nza/nza_78.png,Tulu-Dtatset-V2,nza,train,f0163f2a403ab4922eff233d63f44d393dbb2d7b17299fcde6eecb4b447c8291,365.0,342.0,RGBA,nza_78.png,.png
/home/manvith/Desktop/Projects/Tulu Dataset/Tulu-Dtatset-V2/nza/nza_55.png,Tulu-Dtatset-V2,nza,train,8300c453fa6566b352eae0968f4ddf144c1acda5bfe5103c0ed01b5d3156dd2f,365.0,343.0,RGBA,nza_55.png,.png
/home/manvith/Desktop/Projects/Tulu Dataset/Tulu-Dtatset-V2/nza/nza_31.png,Tulu-Dtatset-V2,nza,train,6f67de9654642d59b50c3f10f46c90422684ebb34d2fba551d008686d0b299d8,358.0,345.0,RGBA,nza_31.png,.png
/home/manvith/Desktop/Projects/Tulu Dataset/Tulu-Dtatset-V2/nza/nza_43.png,Tulu-Dtatset-V2,nza,train,d15696563d6f932d172fcaa0b6c8b87737b7aa857eeb4c0a72f28717e4eb9c50,358.0,345.0,RGBA,nza_43.png,.png
/home/manvith/Desktop/Projects/Tulu Dataset/Tulu-Dtatset-V2/nza/nza_47.png,Tulu-Dtatset-V2,nza,train,1f1f0e48779e14a3dd87227929f9f30d24da33e746c583604fc91e5c9e74a591,358.0,345.0,RGBA,nza_47.png,.png
/home/manvith/Desktop/Projects/Tulu Dataset/Tulu-Dtatset-V2/nza/nza_38.png,Tulu-Dtatset-V2,nza,train,76b036db15e365f4d8de9f5e37725630d132a2cfffcf154179922289db6d1e9b,358.0,345.0,RGBA,nza_38.png,.png
/home/manvith/Desktop/Projects/Tulu Dataset/Tulu-Dtatset-V2/nza/nza_9.png,Tulu-Dtatset-V2,nza,train,f246740d1247f60d091b847f5ab3571870f87a791bdd78e83ad6b14a5a439614,363.0,347.0,RGBA,nza_9.png,.png
/home/manvith/Desktop/Projects/Tulu Dataset/Tulu-Dtatset-V2/nza/nza_49.png,Tulu-Dtatset-V2,nza,train,0d10ea8e63f27cf8d18047bcc5297d751dea38bc780fbfac97b715f60d4d11a9,358.0,345.0,RGBA,nza_49.png,.png
/home/manvith/Desktop/Projects/Tulu Dataset/Tulu-Dtatset-V2/nza/nza_81.png,Tulu-Dtatset-V2,nza,train,26abab4e7a5cda38608cf17a8ed4d501666d89103f635bcb1eb5fdbc7d2d18cd,365.0,342.0,RGBA,nza_81.png,.png
/home/manvith/Desktop/Projects/Tulu Dataset/Tulu-Dtatset-V2/nza/nza_75.png,Tulu-Dtatset-V2,nza,train,85988d78854bb6ad2470047e7afa2219a82332964d1d23af5a77e6eb98487ac7,365.0,342.0,RGBA,nza_75.png,.png
/home/manvith/Desktop/Projects/Tulu Dataset/Tulu-Dtatset-V2/nza/nza_21.png,Tulu-Dtatset-V2,nza,train,9c2ef5338d6a94369355cf8dab3635cccebb5df1a15221cdace35fd33a7630ba,358.0,345.0,RGBA,nza_21.png,.png
/home/manvith/Desktop/Projects/Tulu Dataset/Tulu-Dtatset-V2/nza/nza_2.png,Tulu-Dtatset-V2,nza,train,ced5374ace6649873e6ba225850fd9d2f8a60d524fae5b47f2e3325d13168aa6,367.0,346.0,RGBA,nza_2.png,.png
/home/manvith/Desktop/Projects/Tulu Dataset/Tulu-Dtatset-V2/nza/nza_79.png,Tulu-Dtatset-V2,nza,train,0aade44498bc204c8d826b2f468a4053147cf0917d1e6f341000374964c03659,365.0,342.0,RGBA,nza_79.png,.png
/home/manvith/Desktop/Projects/Tulu Dataset/Tulu-Dtatset-V2/nza/nza_88.png,Tulu-Dtatset-V2,nza,train,b725188e52bacade03eda6d244f1f3183246af4963e9a7ad16b1cc056f6a89c4,365.0,342.0,RGBA,nza_88.png,.png
/home/manvith/Desktop/Projects/Tulu Dataset/Tulu-Dtatset-V2/nza/nza_84.png,Tulu-Dtatset-V2,nza,train,872cfef6a07ee57fe0d6e0c508698e96689086fb869a01ba1d4fa3a1266cb3fe,365.0,342.0,RGBA,nza_84.png,.png
/home/manvith/Desktop/Projects/Tulu Dataset/Tulu-Dtatset-V2/nza/nza_97.png,Tulu-Dtatset-V2,nza,train,cac9913b7951c4ec2becb0e172a6fbba5b1276d96112eeb1b2193c6d4573f452,365.0,342.0,RGBA,nza_97.png,.png
/home/manvith/Desktop/Projects/Tulu Dataset/Tulu-Dtatset-V2/nza/nza_67.png,Tulu-Dtatset-V2,nza,train,db73a7443a2e8d54c95ff25ea69a775d18742a931729502608fe59e0f45d9630,365.0,343.0,RGBA,nza_67.png,.png
/home/manvith/Desktop/Projects/Tulu Dataset/Tulu-Dtatset-V2/nza/nza_36.png,Tulu-Dtatset-V2,nza,train,62f0fc503184cdc785e05f18799cfe1726b2138be83a12045d063339532d53f1,358.0,345.0,RGBA,nza_36.png,.png
/home/manvith/Desktop/Projects/Tulu Dataset/Tulu-Dtatset-V2/nza/nza_51.png,Tulu-Dtatset-V2,nza,train,959e0031c608ca8f0d8dd0e2b47ae25d883acbf3004527aab146b6c409166295,365.0,343.0,RGBA,nza_51.png,.png
/home/manvith/Desktop/Projects/Tulu Dataset/Tulu-Dtatset-V2/nza/nza_32.png,Tulu-Dtatset-V2,nza,train,a0cac3b335e0d5302fd9cf13509a76a2089c5ffaac65134d23e7558130f8ac89,358.0,345.0,RGBA,nza_32.png,.png
/home/manvith/Desktop/Projects/Tulu Dataset/Tulu-Dtatset-V2/nza/nza_63.png,Tulu-Dtatset-V2,nza,train,70f5dcc96d4127d4c3b4e0f03782da4d00454470d46234bfcc86c520d0c0391f,365.0,343.0,RGBA,nza_63.png,.png
/home/manvith/Desktop/Projects/Tulu Dataset/Tulu-Dtatset-V2/nza/nza_33.png,Tulu-Dtatset-V2,nza,train,3ca2c3dfd9c1f2301b196da4ad064781e723eeb544b6f90c5831585f8376f065,358.0,345.0,RGBA,nza_33.png,.png
/home/manvith/Desktop/Projects/Tulu Dataset/Tulu-Dtatset-V2/nza/nza_54.png,Tulu-Dtatset-V2,nza,train,4e55762fb056d79edf0cf0a3413bc1ae24a031d2526c13da0d7439716cc627a8,365.0,343.0,RGBA,nza_54.png,.png
/home/manvith/Desktop/Projects/Tulu Dataset/Tulu-Dtatset-V2/nza/nza_12.png,Tulu-Dtatset-V2,nza,train,279d9024761f3b07440bcf48eaf734b489e4b302096a2b18faf30a3a4eb71b9e,367.0,337.0,RGBA,nza_12.png,.png
/home/manvith/Desktop/Projects/Tulu Dataset/Tulu-Dtatset-V2/nza/nza_17.png,Tulu-Dtatset-V2,nza,train,3609bd7940238c7837ac767900fec58975a7e574af85fa88146b60e1e2c1c180,358.0,345.0,RGBA,nza_17.png,.png
/home/manvith/Desktop/Projects/Tulu Dataset/Tulu-Dtatset-V2/nza/nza_37.png,Tulu-Dtatset-V2,nza,train,6b13e0aedd3307775b3b89ca36d0338dee9c5ce22474de39bf7b825f0999a1ae,358.0,345.0,RGBA,nza_37.png,.png
/home/manvith/Desktop/Projects/Tulu Dataset/Tulu-Dtatset-V2/nza/nza_99.png,Tulu-Dtatset-V2,nza,train,662f1736f00fc8d47ecaf6e420909bb9258ff22bd4da6b54c4a39032e34b4127,365.0,342.0,RGBA,nza_99.png,.png
/home/manvith/Desktop/Projects/Tulu Dataset/Tulu-Dtatset-V2/nza/nza_96.png,Tulu-Dtatset-V2,nza,train,21c01c449a5fe9fbaa7d6365562236d402117fa4820dc08d012f490472f84e78,365.0,342.0,RGBA,nza_96.png,.png
/home/manvith/Desktop/Projects/Tulu Dataset/Tulu-Dtatset-V2/nza/nza_24.png,Tulu-Dtatset-V2,nza,train,ae95623dd3e873a939240c1bb7ebbe07c87aa3b6dffb4b7cba1c7cd81e4c44a9,358.0,345.0,RGBA,nza_24.png,.png
/home/manvith/Desktop/Projects/Tulu Dataset/Tulu-Dtatset-V2/nza/nza_16.png,Tulu-Dtatset-V2,nza,train,08b2a0581b886fa2e08eb1024b0a643f52fd91e60d825442015fa0fda677b2ce,358.0,345.0,RGBA,nza_16.png,.png
/home/manvith/Desktop/Projects/Tulu Dataset/Tulu-Dtatset-V2/nza/nza_57.png,Tulu-Dtatset-V2,nza,train,beb68c0c030d067f7f9a75718c2f375d1580e2de992c2fcccb226aed22d9a0ba,365.0,343.0,RGBA,nza_57.png,.png
/home/manvith/Desktop/Projects/Tulu Dataset/Tulu-Dtatset-V2/nza/nza_30.png,Tulu-Dtatset-V2,nza,train,063d1c2ff617ab8c88de329796d506851f473393582fe4fca3087696d1c8e72a,358.0,345.0,RGBA,nza_30.png,.png
/home/manvith/Desktop/Projects/Tulu Dataset/Tulu-Dtatset-V2/nza/nza_48.png,Tulu-Dtatset-V2,nza,train,8c3aa043ac3a7347cc30c5cdca8465a371a6df16b292fbfc207293a29ee35092,358.0,345.0,RGBA,nza_48.png,.png
/home/manvith/Desktop/Projects/Tulu Dataset/Tulu-Dtatset-V2/nza/nza_18.png,Tulu-Dtatset-V2,nza,train,b99b23ff593bdafa2f474298f6c241b2e02cdccf07f81ed3644dd0534e545f66,358.0,345.0,RGBA,nza_18.png,.png
/home/manvith/Desktop/Projects/Tulu Dataset/Tulu-Dtatset-V2/nza/nza_39.png,Tulu-Dtatset-V2,nza,train,156dd32fe63378d01e324cca0678ecf96593a0a31c9d844dd15ec0f91789e4ec,358.0,345.0,RGBA,nza_39.png,.png
/home/manvith/Desktop/Projects/Tulu Dataset/Tulu-Dtatset-V2/nza/nza_41.png,Tulu-Dtatset-V2,nza,train,c0d00cbdf25a8047f73b0929052f7e8eb419bc03260621fefb94419a6c59b29e,358.0,345.0,RGBA,nza_41.png,.png
/home/manvith/Desktop/Projects/Tulu Dataset/Tulu-Dtatset-V2/nza/nza_22.png,Tulu-Dtatset-V2,nza,train,024753e83763e89e72d05cd79f8a20197bbb8d0502ada172e9afcfdffa3980e3,358.0,345.0,RGBA,nza_22.png,.png
/home/manvith/Desktop/Projects/Tulu Dataset/Tulu-Dtatset-V2/nza/nza_62.png,Tulu-Dtatset-V2,nza,train,e5654fa14893c6eab9f597fa3807d91e980435b712417e9fba537e2bbbbc6959,365.0,343.0,RGBA,nza_62.png,.png
/home/manvith/Desktop/Projects/Tulu Dataset/Tulu-Dtatset-V2/nza/nza_40.png,Tulu-Dtatset-V2,nza,train,dae38027bc770cd84d2d752ade6ee15defc939ff2b03a06944678414cd886262,358.0,345.0,RGBA,nza_40.png,.png
/home/manvith/Desktop/Projects/Tulu Dataset/Tulu-Dtatset-V2/nza/nza_80.png,Tulu-Dtatset-V2,nza,train,7e80a71634074dad9fcc138c56797c5cbc81a2af07f519a760318a2c2dd9313f,365.0,342.0,RGBA,nza_80.png,.png
/home/manvith/Desktop/Projects/Tulu Dataset/Tulu-Dtatset-V2/nza/nza_87.png,Tulu-Dtatset-V2,nza,train,4e3e38c62ce608ca1d06ecae6f20fdbdac3613a9dd8213532e86e801a5c8fd38,365.0,342.0,RGBA,nza_87.png,.png
/home/manvith/Desktop/Projects/Tulu Dataset/Tulu-Dtatset-V2/nza/nza_13.png,Tulu-Dtatset-V2,nza,train,58642f448f8768ef040b8267db90d7e5911b68cabee5efd52bd89dff444ef5d0,359.0,348.0,RGBA,nza_13.png,.png
/home/manvith/Desktop/Projects/Tulu Dataset/Tulu-Dtatset-V2/nza/nza_66.png,Tulu-Dtatset-V2,nza,train,b19df6bc147c5384e62fc21081bdbd0427a73a59a39a353e9b8326a157a745a1,365.0,343.0,RGBA,nza_66.png,.png
/home/manvith/Desktop/Projects/Tulu Dataset/Tulu-Dtatset-V2/nza/nza_7.png,Tulu-Dtatset-V2,nza,train,cef3287c17cf6d45ef55ccb2a23b62e46a82133088f1de07de6d4550bb573744,364.0,347.0,RGBA,nza_7.png,.png
/home/manvith/Desktop/Projects/Tulu Dataset/Tulu-Dtatset-V2/nza/nza_77.png,Tulu-Dtatset-V2,nza,train,31e01491ac3844efa2d6372789700d52656d47843d6778634ebc982ebf46d763,365.0,342.0,RGBA,nza_77.png,.png
/home/manvith/Desktop/Projects/Tulu Dataset/Tulu-Dtatset-V2/nza/nza_42.png,Tulu-Dtatset-V2,nza,train,4f31f2c34f3f8ad941b9ebe8b7a88722c078d19b6195445b07b12d695a7cdb7a,358.0,345.0,RGBA,nza_42.png,.png
/home/manvith/Desktop/Projects/Tulu Dataset/Tulu-Dtatset-V2/nza/nza_10.png,Tulu-Dtatset-V2,nza,train,48a586b33035aecf9dc012057f60358b471ca01aa6565ea52f7784d94e44ec24,365.0,342.0,RGBA,nza_10.png,.png
/home/manvith/Desktop/Projects/Tulu Dataset/Tulu-Dtatset-V2/nza/nza_95.png,Tulu-Dtatset-V2,nza,train,a20210ad5ab796d038e742b713f33cc6de510115d13fad44febcc2777f6f7202,365.0,342.0,RGBA,nza_95.png,.png
/home/manvith/Desktop/Projects/Tulu Dataset/Tulu-Dtatset-V2/nza/nza_46.png,Tulu-Dtatset-V2,nza,train,aa21f07dc82349cc589b3ba8b34580f290f42c735634071051bc14b5d1df2241,358.0,345.0,RGBA,nza_46.png,.png
/home/manvith/Desktop/Projects/Tulu Dataset/Tulu-Dtatset-V2/nza/nza_74.png,Tulu-Dtatset-V2,nza,train,3c9ad0fc13831dc59b4e5a3df426a5f61b32b1bff459d3cb9253c447289bf4a6,365.0,342.0,RGBA,nza_74.png,.png
/home/manvith/Desktop/Projects/Tulu Dataset/Tulu-Dtatset-V2/nza/nza_72.png,Tulu-Dtatset-V2,nza,train,6fde722c6da92c02bdebf56ce6e5ca93856453ae794e1eb097abc267dff27d87,365.0,342.0,RGBA,nza_72.png,.png
/home/manvith/Desktop/Projects/Tulu Dataset/Tulu-Dtatset-V2/nza/nza_5.png,Tulu-Dtatset-V2,nza,train,2e58dada1723ac36a10f03992a475d524c31e06315b46c7b230fb732ea325fdd,365.0,343.0,RGBA,nza_5.png,.png
/home/manvith/Desktop/Projects/Tulu Dataset/Tulu-Dtatset-V2/nza/nza_83.png,Tulu-Dtatset-V2,nza,train,f1bcf2a03dee2f360fabdad22248ff5e72c1ad98361b0d04419e06c76e7dd2e5,365.0,342.0,RGBA,nza_83.png,.png
/home/manvith/Desktop/Projects/Tulu Dataset/Tulu-Dtatset-V2/nza/nza_11.png,Tulu-Dtatset-V2,nza,train,8824bfc0717ce65d5293772249e16fff41a28869ee840630164b8fe720a962be,366.0,343.0,RGBA,nza_11.png,.png
/home/manvith/Desktop/Projects/Tulu Dataset/Tulu-Dtatset-V2/nza/nza_85.png,Tulu-Dtatset-V2,nza,train,5610db3a92e384605d7752566ba0bdb125c0ed32b8964c6b664a053a8a274e6f,365.0,342.0,RGBA,nza_85.png,.png
/home/manvith/Desktop/Projects/Tulu Dataset/Tulu-Dtatset-V2/nza/nza_56.png,Tulu-Dtatset-V2,nza,train,acce49000dfe0c1fe06cab76ccbbf758c12e5c3db6c00717995e72856b376fdf,365.0,343.0,RGBA,nza_56.png,.png
/home/manvith/Desktop/Projects/Tulu Dataset/Tulu-Dtatset-V2/nza/nza_68.png,Tulu-Dtatset-V2,nza,train,8a81ae94b21a941e7dfa819e9c5a51c94427ccbb9ed0736a0ca099eed67f63e9,365.0,343.0,RGBA,nza_68.png,.png
/home/manvith/Desktop/Projects/Tulu Dataset/Tulu-Dtatset-V2/nza/nza_8.png,Tulu-Dtatset-V2,nza,train,76d62dbb716e1114447f5e7673f632c1c9b360b030aaf71a3771d93df2384325,364.0,344.0,RGBA,nza_8.png,.png
/home/manvith/Desktop/Projects/Tulu Dataset/Tulu-Dtatset-V2/nza/nza_73.png,Tulu-Dtatset-V2,nza,train,16c733d0d41ddd85e6f89df1bea6373bcd41beacfb1e7d14a896c09721a869ab,365.0,342.0,RGBA,nza_73.png,.png
/home/manvith/Desktop/Projects/Tulu Dataset/Tulu-Dtatset-V2/nza/nza_60.png,Tulu-Dtatset-V2,nza,train,0ccc0692d975d0d403cab23d690e438d57101bf57ae5cf6b601e1573311a54f2,365.0,343.0,RGBA,nza_60.png,.png
/home/manvith/Desktop/Projects/Tulu Dataset/Tulu-Dtatset-V2/o/o_80.png,Tulu-Dtatset-V2,o,train,e91a558176b03a3ec98d3e43fd40e3e46a424dcf34a87ae2b33b97084493136d,363.0,347.0,RGBA,o_80.png,.png
/home/manvith/Desktop/Projects/Tulu Dataset/Tulu-Dtatset-V2/o/o_10.png,Tulu-Dtatset-V2,o,train,27e8681cea32e323811bbff57047b4ac5a0b00b454a3f60665ed13907a8b914a,364.0,347.0,RGBA,o_10.png,.png
/home/manvith/Desktop/Projects/Tulu Dataset/Tulu-Dtatset-V2/o/o_98.png,Tulu-Dtatset-V2,o,train,38571a600b0def556cc300602cb557f0ecbab1508374ed61956302d2dbdde9f0,363.0,347.0,RGBA,o_98.png,.png
/home/manvith/Desktop/Projects/Tulu Dataset/Tulu-Dtatset-V2/o/o_40.png,Tulu-Dtatset-V2,o,train,d9ac88bb9e8e3c042d8b267558b7a6f6580d18572e2e725db2de964038282764,364.0,347.0,RGBA,o_40.png,.png
/home/manvith/Desktop/Projects/Tulu Dataset/Tulu-Dtatset-V2/o/o_86.png,Tulu-Dtatset-V2,o,train,62248bffc89060c94ede190d11cf51660ec47b702bd9d4ec104ee6c83119f638,363.0,347.0,RGBA,o_86.png,.png
/home/manvith/Desktop/Projects/Tulu Dataset/Tulu-Dtatset-V2/o/o_70.png,Tulu-Dtatset-V2,o,train,34560547afb8f36ad6791a0a5afbb10cae1b3094fb02d5de8816f6ae4b284589,367.0,356.0,RGBA,o_70.png,.png
/home/manvith/Desktop/Projects/Tulu Dataset/Tulu-Dtatset-V2/o/o_77.png,Tulu-Dtatset-V2,o,train,bbe16bb7ac4a0a08bce453498228db2a1ea6593e04f0557fe12c5547969bd941,363.0,347.0,RGBA,o_77.png,.png
/home/manvith/Desktop/Projects/Tulu Dataset/Tulu-Dtatset-V2/o/o_28.png,Tulu-Dtatset-V2,o,train,a5d3691abd95d18eaca6b6958e2da312b8c87e0496a536710371eaac63e090e4,364.0,347.0,RGBA,o_28.png,.png
/home/manvith/Desktop/Projects/Tulu Dataset/Tulu-Dtatset-V2/o/o_93.png,Tulu-Dtatset-V2,o,train,ca4707c26a69b4bc62210bf654593bb30d96751b6ce311ed5fcb5e41bbc5e3b7,363.0,347.0,RGBA,o_93.png,.png
/home/manvith/Desktop/Projects/Tulu Dataset/Tulu-Dtatset-V2/o/o_20.png,Tulu-Dtatset-V2,o,train,f988f7878a6214efcae77b62e57b51164e75dbe6be7d63d424b52b16f1d63a19,364.0,347.0,RGBA,o_20.png,.png
/home/manvith/Desktop/Projects/Tulu Dataset/Tulu-Dtatset-V2/o/o_84.png,Tulu-Dtatset-V2,o,train,bea3b5f6536ee33abc427c6e6738107da8d6c3540264e912e5662a6259f09f8a,363.0,347.0,RGBA,o_84.png,.png
/home/manvith/Desktop/Projects/Tulu Dataset/Tulu-Dtatset-V2/o/o_81.png,Tulu-Dtatset-V2,o,train,f50f95377cb997215f4037fb8182b5013584c1e44b39b4318d714dd138d0ea31,363.0,347.0,RGBA,o_81.png,.png
/home/manvith/Desktop/Projects/Tulu Dataset/Tulu-Dtatset-V2/o/o_16.png,Tulu-Dtatset-V2,o,train,4b5da902300755a8b23ed89a6b96bf2129468d6f944dbf358b62c0211aa93a7e,364.0,347.0,RGBA,o_16.png,.png
/home/manvith/Desktop/Projects/Tulu Dataset/Tulu-Dtatset-V2/o/o_14.png,Tulu-Dtatset-V2,o,train,6d1c3dd663e4e1659ceb391d8b8bc434b0687d6a41c451e673aceb70dbb01876,362.0,356.0,RGBA,o_14.png,.png
/home/manvith/Desktop/Projects/Tulu Dataset/Tulu-Dtatset-V2/o/o_87.png,Tulu-Dtatset-V2,o,train,b1be46a54c5a4a33e421b47039c2e5937fb2e2ab7b785c73e4e2d8680fdfb596,363.0,347.0,RGBA,o_87.png,.png
/home/manvith/Desktop/Projects/Tulu Dataset/Tulu-Dtatset-V2/o/o_8.png,Tulu-Dtatset-V2,o,train,25aa781b4e749d4de88bfa0c1e85105150617c85247e929b7f7e21147ab376d9,356.0,353.0,RGBA,o_8.png,.png
/home/manvith/Desktop/Projects/Tulu Dataset/Tulu-Dtatset-V2/o/o_46.png,Tulu-Dtatset-V2,o,train,3cf99c173ec62e354cc2ee41988a5617cd31b24ed16e38e28dd39979d67d0766,364.0,347.0,RGBA,o_46.png,.png
/home/manvith/Desktop/Projects/Tulu Dataset/Tulu-Dtatset-V2/o/o_38.png,Tulu-Dtatset-V2,o,train,ef56253d610b97d4fb9d7176b803636fc24b15fbb1c14027adcccf6008677de2,364.0,347.0,RGBA,o_38.png,.png
/home/manvith/Desktop/Projects/Tulu Dataset/Tulu-Dtatset-V2/o/o_7.png,Tulu-Dtatset-V2,o,train,2f9f2f10e04e4481e007caac9e6ce825cdf25cb7226fee9485811fd06f249221,370.0,356.0,RGBA,o_7.png,.png
/home/manvith/Desktop/Projects/Tulu Dataset/Tulu-Dtatset-V2/o/o_21.png,Tulu-Dtatset-V2,o,train,76a9406bebdb25864929ce8a2fba3e6fe4287f9e8b431b36cd212f3ed43aa55e,364.0,347.0,RGBA,o_21.png,.png
/home/manvith/Desktop/Projects/Tulu Dataset/Tulu-Dtatset-V2/o/o_95.png,Tulu-Dtatset-V2,o,train,90ea77690e22beeafdb523de262df6458c65ad1f3db6e6f9cec6f559ddb1a09a,363.0,347.0,RGBA,o_95.png,.png
/home/manvith/Desktop/Projects/Tulu Dataset/Tulu-Dtatset-V2/o/o_90.png,Tulu-Dtatset-V2,o,train,9371fc0164a74feb70c7f0758d48b1daa31d1ea899ace386f755e8fa813d4db7,363.0,347.0,RGBA,o_90.png,.png
/home/manvith/Desktop/Projects/Tulu Dataset/Tulu-Dtatset-V2/o/o_64.png,Tulu-Dtatset-V2,o,train,bdf180c773f64a0e038ac6b9a2af94b5627e1e27f51a6a352ff9729b2daafb22,367.0,356.0,RGBA,o_64.png,.png
/home/manvith/Desktop/Projects/Tulu Dataset/Tulu-Dtatset-V2/o/o_5.png,Tulu-Dtatset-V2,o,train,66a6e5fa120546b03a3ffbb638ebbd354fda924bf5de722a7b6738ed0ffcb3f7,363.0,347.0,RGBA,o_5.png,.png
/home/manvith/Desktop/Projects/Tulu Dataset/Tulu-Dtatset-V2/o/o_2.png,Tulu-Dtatset-V2,o,train,fbfeadfd49ec7261117d4a81bdbd1ad0333b03be6b0ae7ba1cec30d102c43eac,350.0,347.0,RGBA,o_2.png,.png
/home/manvith/Desktop/Projects/Tulu Dataset/Tulu-Dtatset-V2/o/o_69.png,Tulu-Dtatset-V2,o,train,71b61ee9bc2944e8326789460c3f651efb8084313367ef014b861d399ca32266,367.0,356.0,RGBA,o_69.png,.png
/home/manvith/Desktop/Projects/Tulu Dataset/Tulu-Dtatset-V2/o/o_62.png,Tulu-Dtatset-V2,o,train,33ac86662a7500d5d3a333f6dc77ae47eb35557608eec5adbbe12abefb2f428a,367.0,356.0,RGBA,o_62.png,.png
/home/manvith/Desktop/Projects/Tulu Dataset/Tulu-Dtatset-V2/o/o_74.png,Tulu-Dtatset-V2,o,train,97708279686bb1be18bf7502786f6a2393363a1a0afe19d51ba748c462a4426c,363.0,347.0,RGBA,o_74.png,.png
/home/manvith/Desktop/Projects/Tulu Dataset/Tulu-Dtatset-V2/o/o_26.png,Tulu-Dtatset-V2,o,train,83c6434e72654f078eba8958e565e66c17d08ef410cb54710f83e82792b0d924,364.0,347.0,RGBA,o_26.png,.png
/home/manvith/Desktop/Projects/Tulu Dataset/Tulu-Dtatset-V2/o/o_52.png,Tulu-Dtatset-V2,o,train,c42e37a8b7031fb7d95a14cd8810dfece32acfe46ce9309c35ff280d92983ef6,367.0,356.0,RGBA,o_52.png,.png
/home/manvith/Desktop/Projects/Tulu Dataset/Tulu-Dtatset-V2/o/o_31.png,Tulu-Dtatset-V2,o,train,387123cef14bb528862db362e04d818e566b295dc644eec53c6436fbc05f0d83,364.0,347.0,RGBA,o_31.png,.png
/home/manvith/Desktop/Projects/Tulu Dataset/Tulu-Dtatset-V2/o/o_36.png,Tulu-Dtatset-V2,o,train,82a445138bdb4ec82bce1c3516d45760b83ea332beee3e450c0bdf33d97eee6e,364.0,347.0,RGBA,o_36.png,.png
/home/manvith/Desktop/Projects/Tulu Dataset/Tulu-Dtatset-V2/o/o_76.png,Tulu-Dtatset-V2,o,train,6319faab359672da79bb9f94ca84155919bd05174e32bf28962033f3bfa45cce,363.0,347.0,RGBA,o_76.png,.png
/home/manvith/Desktop/Projects/Tulu Dataset/Tulu-Dtatset-V2/o/o_91.png,Tulu-Dtatset-V2,o,train,5aac72557c7b00c5ef1c6223b11a632a14a86b9712539ff4858efeddeba57321,363.0,347.0,RGBA,o_91.png,.png
/home/manvith/Desktop/Projects/Tulu Dataset/Tulu-Dtatset-V2/o/o_35.png,Tulu-Dtatset-V2,o,train,69890ca82c968315ed8d53b3ea0d4daf0be7970a6a73a68003f0f19a3928acb7,364.0,347.0,RGBA,o_35.png,.png
/home/manvith/Desktop/Projects/Tulu Dataset/Tulu-Dtatset-V2/o/o_9.png,Tulu-Dtatset-V2,o,train,b9212d4848f2387c70ed9e93be0edbc771baee45f38d6c06938198e6f5ebc447,362.0,340.0,RGBA,o_9.png,.png
/home/manvith/Desktop/Projects/Tulu Dataset/Tulu-Dtatset-V2/o/o_83.png,Tulu-Dtatset-V2,o,train,a47cc53748aeb228cf59e0b03a7f8e019ee540b83f5a3a034c9ba4b13ae27855,363.0,347.0,RGBA,o_83.png,.png
/home/manvith/Desktop/Projects/Tulu Dataset/Tulu-Dtatset-V2/o/o_85.png,Tulu-Dtatset-V2,o,train,9b10ddee6ac40cdc098f3e8e425e5bb6726ce439099639fcec74804d2b85e5f5,363.0,347.0,RGBA,o_85.png,.png
/home/manvith/Desktop/Projects/Tulu Dataset/Tulu-Dtatset-V2/o/o_99.png,Tulu-Dtatset-V2,o,train,71d18a3eaeb172ebd200bfa40fb61567a2a4ebe249f3aebd315977d214fc37a6,363.0,347.0,RGBA,o_99.png,.png
/home/manvith/Desktop/Projects/Tulu Dataset/Tulu-Dtatset-V2/o/o_4.png,Tulu-Dtatset-V2,o,train,30180542c5438be328ff9c276dfe4a70ff9bfbeb1ff3e2baca0e0d158d2a193d,367.0,357.0,RGBA,o_4.png,.png
/home/manvith/Desktop/Projects/Tulu Dataset/Tulu-Dtatset-V2/o/o_79.png,Tulu-Dtatset-V2,o,train,e288c84e7141597e6ace0cb0c6045c7ad5239e765b1116b047cd8b9f342ee77e,363.0,347.0,RGBA,o_79.png,.png
/home/manvith/Desktop/Projects/Tulu Dataset/Tulu-Dtatset-V2/o/o_96.png,Tulu-Dtatset-V2,o,train,5b636519a85eb090a3f233d99af950ace5a26a36259e9efca94200609e2445fc,363.0,347.0,RGBA,o_96.png,.png
/home/manvith/Desktop/Projects/Tulu Dataset/Tulu-Dtatset-V2/o/o_24.png,Tulu-Dtatset-V2,o,train,c41190ac2e012b247a05f05797a94945d09580bad1673a663a7519492816016d,364.0,347.0,RGBA,o_24.png,.png
/home/manvith/Desktop/Projects/Tulu Dataset/Tulu-Dtatset-V2/o/o_50.png,Tulu-Dtatset-V2,o,train,3ca8af6c36de3a0bd86a8bdccb641a904882b59d9d63c5619bbd176e7f976380,364.0,347.0,RGBA,o_50.png,.png
/home/manvith/Desktop/Projects/Tulu Dataset/Tulu-Dtatset-V2/o/o_1.png,Tulu-Dtatset-V2,o,train,07068dcb8362f9a83451fb0a07f38c671c4343f2e1c7511451fd074843b7971c,370.0,357.0,RGBA,o_1.png,.png
/home/manvith/Desktop/Projects/Tulu Dataset/Tulu-Dtatset-V2/o/o_66.png,Tulu-Dtatset-V2,o,train,1a957f0f6ce648ebc577b460b91e6d05e8b27b92f03b8b9cf69d610f2e74f5e0,367.0,356.0,RGBA,o_66.png,.png
/home/manvith/Desktop/Projects/Tulu Dataset/Tulu-Dtatset-V2/o/o_34.png,Tulu-Dtatset-V2,o,train,2c9f96ea32c68932f3deed29bb32003a5b8ee52541aa7e8175f605d2a4505bcd,364.0,347.0,RGBA,o_34.png,.png
/home/manvith/Desktop/Projects/Tulu Dataset/Tulu-Dtatset-V2/o/o_29.png,Tulu-Dtatset-V2,o,train,354c883b3c9448217b913c23f34bae86eb28bda00fcfd98c1108902d66276650,364.0,347.0,RGBA,o_29.png,.png
/home/manvith/Desktop/Projects/Tulu Dataset/Tulu-Dtatset-V2/o/o_94.png,Tulu-Dtatset-V2,o,train,f9ab7f947cd7995521d8b8bb804a4f27cf6a730f66cbb051c9d80576187e4539,363.0,347.0,RGBA,o_94.png,.png
/home/manvith/Desktop/Projects/Tulu Dataset/Tulu-Dtatset-V2/o/o_92.png,Tulu-Dtatset-V2,o,train,8f60e26c5b8f4cb3fea8a1fcbd8c58d4ee846ea98a9e4612d6994fded083f058,363.0,347.0,RGBA,o_92.png,.png
/home/manvith/Desktop/Projects/Tulu Dataset/Tulu-Dtatset-V2/o/o_49.png,Tulu-Dtatset-V2,o,train,a1d6ce3dbcbdbb18d450615eefbf05aa3b5bfe4e1ad18de50149573e46b876f6,364.0,347.0,RGBA,o_49.png,.png
/home/manvith/Desktop/Projects/Tulu Dataset/Tulu-Dtatset-V2/o/o_6.png,Tulu-Dtatset-V2,o,train,a746ca79f7538a988384fc236e06963956fa5336a5adf4da5f7c40ca30e60fbc,365.0,347.0,RGBA,o_6.png,.png
/home/manvith/Desktop/Projects/Tulu Dataset/Tulu-Dtatset-V2/o/o_42.png,Tulu-Dtatset-V2,o,train,f19f2a631c3c7810ad095f189cd5174ec73f2fef3344a9814d7ea7ce7b20a513,364.0,347.0,RGBA,o_42.png,.png
/home/manvith/Desktop/Projects/Tulu Dataset/Tulu-Dtatset-V2/o/o_100.png,Tulu-Dtatset-V2,o,train,1aaed7412067489bf9c6c20d6684d362160112940b0194983821c219fa7fb7d5,363.0,347.0,RGBA,o_100.png,.png
/home/manvith/Desktop/Projects/Tulu Dataset/Tulu-Dtatset-V2/o/o_45.png,Tulu-Dtatset-V2,o,train,bc0d89b586cd204d1df6323705bd146a6a51a7623467c7d9c97e404d2425f139,364.0,347.0,RGBA,o_45.png,.png
/home/manvith/Desktop/Projects/Tulu Dataset/Tulu-Dtatset-V2/o/o_47.png,Tulu-Dtatset-V2,o,train,64830fcc3ccd62dd4713a4906c06bfb0df7d4b26220dfa2909838a3c68cf8486,364.0,347.0,RGBA,o_47.png,.png
/home/manvith/Desktop/Projects/Tulu Dataset/Tulu-Dtatset-V2/o/o_82.png,Tulu-Dtatset-V2,o,train,034c1a93e29abe34385f118bf2fff7d0fda255d52a2a7eb0cdb0dab04d604b36,363.0,347.0,RGBA,o_82.png,.png
/home/manvith/Desktop/Projects/Tulu Dataset/Tulu-Dtatset-V2/o/o_3.png,Tulu-Dtatset-V2,o,train,ff8380782cafbdc2cf37dbbfe5db2ae8558a93a9a3c41fef2607d888461b5c0a,367.0,356.0,RGBA,o_3.png,.png
/home/manvith/Desktop/Projects/Tulu Dataset/Tulu-Dtatset-V2/o/o_88.png,Tulu-Dtatset-V2,o,train,d06fbe246778d46d329cbb0d54010c8f8bbc1de5139a2e41dd3ec30d255a8ded,363.0,347.0,RGBA,o_88.png,.png
/home/manvith/Desktop/Projects/Tulu Dataset/Tulu-Dtatset-V2/o/o_48.png,Tulu-Dtatset-V2,o,train,a9c6913436b8a1d6fb7fa3a09e0d7ee05b3684fd83da9e30ac75c8b0e9718632,364.0,347.0,RGBA,o_48.png,.png
/home/manvith/Desktop/Projects/Tulu Dataset/Tulu-Dtatset-V2/o/o_23.png,Tulu-Dtatset-V2,o,train,05d809d1f159c98a0253064f8426197d79adedc6aa41da18312cb077dc318b39,364.0,347.0,RGBA,o_23.png,.png
/home/manvith/Desktop/Projects/Tulu Dataset/Tulu-Dtatset-V2/o/o_54.png,Tulu-Dtatset-V2,o,train,0eb94f9205167420fcb31f6bb796ddd1fcaa94e9dfaee1256a29218418640f9a,367.0,356.0,RGBA,o_54.png,.png
/home/manvith/Desktop/Projects/Tulu Dataset/Tulu-Dtatset-V2/o/o_15.png,Tulu-Dtatset-V2,o,train,7d7ac28a72f0c97a506dcef0b24815c1d0883e708965b607d725c577a88172a0,362.0,357.0,RGBA,o_15.png,.png
/home/manvith/Desktop/Projects/Tulu Dataset/Tulu-Dtatset-V2/o/o_19.png,Tulu-Dtatset-V2,o,train,e2a97ee13ab6c1f46c929279f213d513e31b9c8373a613118d7e92e622b0103b,364.0,347.0,RGBA,o_19.png,.png
/home/manvith/Desktop/Projects/Tulu Dataset/Tulu-Dtatset-V2/o/o_97.png,Tulu-Dtatset-V2,o,train,52c6de946ee33be6db233866aa70f88a3f1794ab16dab52ab5d7b80d0441807a,363.0,347.0,RGBA,o_97.png,.png
/home/manvith/Desktop/Projects/Tulu Dataset/Tulu-Dtatset-V2/o/o_13.png,Tulu-Dtatset-V2,o,train,b2db115f055cf38b55c8932f99f7eaae3a5bdc990edbc67ba5dd351dbbacab51,358.0,337.0,RGBA,o_13.png,.png
/home/manvith/Desktop/Projects/Tulu Dataset/Tulu-Dtatset-V2/o/o_58.png,Tulu-Dtatset-V2,o,train,1f7275dd309f85db749b48c6f9c3ab9ed5c6c353b96fdfc228fbe3b0f07f9dbc,367.0,356.0,RGBA,o_58.png,.png
/home/manvith/Desktop/Projects/Tulu Dataset/Tulu-Dtatset-V2/o/o_68.png,Tulu-Dtatset-V2,o,train,ede820e10db456e7433bf9f7f787be6cf1b7dc5948c7650f8bf1d105c3a9cb14,367.0,356.0,RGBA,o_68.png,.png
/home/manvith/Desktop/Projects/Tulu Dataset/Tulu-Dtatset-V2/o/o_71.png,Tulu-Dtatset-V2,o,train,94b9cee06f2f8f539b0e8faa93a6921e29417a64cb7d36cba1041868b2e7778b,363.0,347.0,RGBA,o_71.png,.png
/home/manvith/Desktop/Projects/Tulu Dataset/Tulu-Dtatset-V2/o/o_56.png,Tulu-Dtatset-V2,o,train,27fa2486ac7fd232ee40bff66bfbfccbd9b7d5efa6ad4dafcbae769abb274586,367.0,356.0,RGBA,o_56.png,.png
/home/manvith/Desktop/Projects/Tulu Dataset/Tulu-Dtatset-V2/o/o_65.png,Tulu-Dtatset-V2,o,train,65819e7be90ac412e51c35075b51ecd80f53e7640f27009c5834a666c1119f6c,367.0,356.0,RGBA,o_65.png,.png
/home/manvith/Desktop/Projects/Tulu Dataset/Tulu-Dtatset-V2/o/o_61.png,Tulu-Dtatset-V2,o,train,da5318806b166d6fe7dc94ea5fb1d2e5d9077bdc6c890f529396517388df7758,367.0,356.0,RGBA,o_61.png,.png
/home/manvith/Desktop/Projects/Tulu Dataset/Tulu-Dtatset-V2/o/o_18.png,Tulu-Dtatset-V2,o,train,f056b667d435abdc838a659ed640f89333bc27522e0cc1e18caf6d7b178438de,364.0,347.0,RGBA,o_18.png,.png
/home/manvith/Desktop/Projects/Tulu Dataset/Tulu-Dtatset-V2/o/o_53.png,Tulu-Dtatset-V2,o,train,73c6d29310f37b2765c183a2af5aa076285d8404d6842dd65735fe750b81f82a,367.0,356.0,RGBA,o_53.png,.png
/home/manvith/Desktop/Projects/Tulu Dataset/Tulu-Dtatset-V2/o/o_59.png,Tulu-Dtatset-V2,o,train,255871d8128d16237c23c0ccc985dafbdb2de75014a659635391dcafbf32f849,367.0,356.0,RGBA,o_59.png,.png
/home/manvith/Desktop/Projects/Tulu Dataset/Tulu-Dtatset-V2/o/o_27.png,Tulu-Dtatset-V2,o,train,93d83df75c2d02d50a0b03cf50819f55e9b53023b8120068a375bc16df65dfd6,364.0,347.0,RGBA,o_27.png,.png
/home/manvith/Desktop/Projects/Tulu Dataset/Tulu-Dtatset-V2/o/o_39.png,Tulu-Dtatset-V2,o,train,94bbee97cbd632b9cbbafe75971b6f981c8dda812c8e701fd72f7d80241b3b48,364.0,347.0,RGBA,o_39.png,.png
/home/manvith/Desktop/Projects/Tulu Dataset/Tulu-Dtatset-V2/o/o_37.png,Tulu-Dtatset-V2,o,train,3ec99f5e5c70ec478d8894c334aa2e13a501afe196ab2966d7fc14198bd719fb,364.0,347.0,RGBA,o_37.png,.png
/home/manvith/Desktop/Projects/Tulu Dataset/Tulu-Dtatset-V2/o/o_44.png,Tulu-Dtatset-V2,o,train,6b4ae3193deda7763cf7ed84c4caff24545cd88ea1e9f1466141f529c147334d,364.0,347.0,RGBA,o_44.png,.png
/home/manvith/Desktop/Projects/Tulu Dataset/Tulu-Dtatset-V2/oo/oo_15.png,Tulu-Dtatset-V2,oo,train,0558322de5316e65166b20eea22b45c96764a3395c6fb9962b7709ea1e221b80,359.0,345.0,RGBA,oo_15.png,.png
/home/manvith/Desktop/Projects/Tulu Dataset/Tulu-Dtatset-V2/oo/oo_60.png,Tulu-Dtatset-V2,oo,train,949a599f5fe155b000f66d71dd67eead51430a00196fbdd95888df7c5b6a6fba,362.0,332.0,RGBA,oo_60.png,.png
/home/manvith/Desktop/Projects/Tulu Dataset/Tulu-Dtatset-V2/oo/oo_18.png,Tulu-Dtatset-V2,oo,train,bff772c016fcf81703c6a4291908d34402bf3bc6fb4ca8c1402e2d593f52c543,363.0,352.0,RGBA,oo_18.png,.png
/home/manvith/Desktop/Projects/Tulu Dataset/Tulu-Dtatset-V2/oo/oo_66.png,Tulu-Dtatset-V2,oo,train,1ffe1203a5c8a37b080a070935d7073b4f39104a0bbb5132cf647ebb2e97690e,362.0,332.0,RGBA,oo_66.png,.png
/home/manvith/Desktop/Projects/Tulu Dataset/Tulu-Dtatset-V2/oo/oo_10.png,Tulu-Dtatset-V2,oo,train,fce5ce74e61ccd8d91727f488ff1294ff812233dbe8fbd3ffd54538d3cf26d5d,369.0,357.0,RGBA,oo_10.png,.png
/home/manvith/Desktop/Projects/Tulu Dataset/Tulu-Dtatset-V2/oo/oo_77.png,Tulu-Dtatset-V2,oo,train,f9ba41ff9f9e13911a317f448690878a186b9859229bf12b430468547c3e6eb1,367.0,356.0,RGBA,oo_77.png,.png
/home/manvith/Desktop/Projects/Tulu Dataset/Tulu-Dtatset-V2/oo/oo_42.png,Tulu-Dtatset-V2,oo,train,43083d9d8132847f28978e913333df3a4434e5a9718e31bba1192797676045ec,363.0,352.0,RGBA,oo_42.png,.png
/home/manvith/Desktop/Projects/Tulu Dataset/Tulu-Dtatset-V2/oo/oo_19.png,Tulu-Dtatset-V2,oo,train,ba3e65283b3b87ddb4477fffa3aedde071badf5b8a5cdb4895680f639eaf65f3,363.0,352.0,RGBA,oo_19.png,.png
/home/manvith/Desktop/Projects/Tulu Dataset/Tulu-Dtatset-V2/oo/oo_72.png,Tulu-Dtatset-V2,oo,train,34030277773a349dc6c23cd748938e414419e7b1eb19b1a75d67895015c36d4b,367.0,356.0,RGBA,oo_72.png,.png
/home/manvith/Desktop/Projects/Tulu Dataset/Tulu-Dtatset-V2/oo/oo_97.png,Tulu-Dtatset-V2,oo,train,7f4b331956e145afb6c6e862e9f1f781dabbc5e40df62d39baf187cfb169fc86,367.0,356.0,RGBA,oo_97.png,.png
/home/manvith/Desktop/Projects/Tulu Dataset/Tulu-Dtatset-V2/oo/oo_25.png,Tulu-Dtatset-V2,oo,train,db9b7e29c5baefbb4f4791f344eebee3c3a7aa1da0e78df72477876c56d97ed1,363.0,352.0,RGBA,oo_25.png,.png
/home/manvith/Desktop/Projects/Tulu Dataset/Tulu-Dtatset-V2/oo/oo_9.png,Tulu-Dtatset-V2,oo,train,4d3b4960dd39964f36bbe6532e42545e1b430aa4fd5952b64b5f90156b1c11a1,363.0,356.0,RGBA,oo_9.png,.png
/home/manvith/Desktop/Projects/Tulu Dataset/Tulu-Dtatset-V2/oo/oo_96.png,Tulu-Dtatset-V2,oo,train,4d897da4036984c47d967a3fb82a9a2a56affcd63808be619d4d324276305cca,367.0,356.0,RGBA,oo_96.png,.png
/home/manvith/Desktop/Projects/Tulu Dataset/Tulu-Dtatset-V2/oo/oo_35.png,Tulu-Dtatset-V2,oo,train,b8706003e7e410df7a110ffb60e2efe472b326cf3656bde4740dfedcb08f15df,363.0,352.0,RGBA,oo_35.png,.png
/home/manvith/Desktop/Projects/Tulu Dataset/Tulu-Dtatset-V2/oo/oo_85.png,Tulu-Dtatset-V2,oo,train,154e952fbe92250c4839077e56c093d9fdd9ef1325236c27078e4f1813f55fea,367.0,356.0,RGBA,oo_85.png,.png
/home/manvith/Desktop/Projects/Tulu Dataset/Tulu-Dtatset-V2/oo/oo_70.png,Tulu-Dtatset-V2,oo,train,658e72fd1871edfa2b97de904a096e86b9d70f36ea296560489bcf8ca7d651d9,362.0,332.0,RGBA,oo_70.png,.png
/home/manvith/Desktop/Projects/Tulu Dataset/Tulu-Dtatset-V2/oo/oo_98.png,Tulu-Dtatset-V2,oo,train,2de8569aac35a45eca688beddd12e0ce2babdbcb2213b0906565f3c3dfee4e47,367.0,356.0,RGBA,oo_98.png,.png
/home/manvith/Desktop/Projects/Tulu Dataset/Tulu-Dtatset-V2/oo/oo_58.png,Tulu-Dtatset-V2,oo,train,978f5e2b0834bf64038736ff2c4f1ac06eba25d4f9799a4ca9ae11adae9ef28e,362.0,332.0,RGBA,oo_58.png,.png
/home/manvith/Desktop/Projects/Tulu Dataset/Tulu-Dtatset-V2/oo/oo_37.png,Tulu-Dtatset-V2,oo,train,8a17cb0d6d15a265a0d276c5004edabc6406cd47dd0ae0a9877987c534a863b7,363.0,352.0,RGBA,oo_37.png,.png
/home/manvith/Desktop/Projects/Tulu Dataset/Tulu-Dtatset-V2/oo/oo_92.png,Tulu-Dtatset-V2,oo,train,557cb9c46285d1a1406566cffc87458e706b432a938a7e0a8254085fd8f7b47b,367.0,356.0,RGBA,oo_92.png,.png
/home/manvith/Desktop/Projects/Tulu Dataset/Tulu-Dtatset-V2/oo/oo_52.png,Tulu-Dtatset-V2,oo,train,9458a5ab4ad16cce395c1703bf878c6787aa5090f7d0d0b5a701feebbe12e407,362.0,332.0,RGBA,oo_52.png,.png
/home/manvith/Desktop/Projects/Tulu Dataset/Tulu-Dtatset-V2/oo/oo_26.png,Tulu-Dtatset-V2,oo,train,c1d17270d17a1e15c46be931891d66edb47c935f890f99a8da1bea4369e64f19,363.0,352.0,RGBA,oo_26.png,.png
/home/manvith/Desktop/Projects/Tulu Dataset/Tulu-Dtatset-V2/oo/oo_71.png,Tulu-Dtatset-V2,oo,train,e29973ed681bf2f5a8ab1750f20d59420cb4bf67b7fe6c6afaf9a6a72548747d,367.0,356.0,RGBA,oo_71.png,.png
/home/manvith/Desktop/Projects/Tulu Dataset/Tulu-Dtatset-V2/oo/oo_39.png,Tulu-Dtatset-V2,oo,train,1871feba800522e60fff52148600c943b45beff1374163cebf3816a2ec80993e,363.0,352.0,RGBA,oo_39.png,.png
/home/manvith/Desktop/Projects/Tulu Dataset/Tulu-Dtatset-V2/oo/oo_68.png,Tulu-Dtatset-V2,oo,train,da9697330a304d55dd7443ff00ff42e494dc62ddc365afc9873b85dfd6324641,362.0,332.0,RGBA,oo_68.png,.png
/home/manvith/Desktop/Projects/Tulu Dataset/Tulu-Dtatset-V2/oo/oo_64.png,Tulu-Dtatset-V2,oo,train,ea8c9d5e066d5fce72602428d7dd156f7990d03ec18fe24c9d3b1cd631651ee1,362.0,332.0,RGBA,oo_64.png,.png
/home/manvith/Desktop/Projects/Tulu Dataset/Tulu-Dtatset-V2/oo/oo_75.png,Tulu-Dtatset-V2,oo,train,37a9e68001ddc4b17a034d51070982d860f8a929ce5c8ea6a427cac28a8b4a2d,367.0,356.0,RGBA,oo_75.png,.png
/home/manvith/Desktop/Projects/Tulu Dataset/Tulu-Dtatset-V2/oo/oo_13.png,Tulu-Dtatset-V2,oo,train,5b3585ab8133c69c5f15a84c2d2a5cba6b8c32e9aeb3c744230f1362708b25e9,353.0,357.0,RGBA,oo_13.png,.png
/home/manvith/Desktop/Projects/Tulu Dataset/Tulu-Dtatset-V2/oo/oo_95.png,Tulu-Dtatset-V2,oo,train,e184d3052dbfa382ef4326103d80e0388d971d0a55d2e4174fd1f9ae3e3563df,367.0,356.0,RGBA,oo_95.png,.png
/home/manvith/Desktop/Projects/Tulu Dataset/Tulu-Dtatset-V2/oo/oo_57.png,Tulu-Dtatset-V2,oo,train,96d24884c5f81828c31e2230c4ad3619452997a333fbc1ffe6d8f22a788f8b79,362.0,332.0,RGBA,oo_57.png,.png
/home/manvith/Desktop/Projects/Tulu Dataset/Tulu-Dtatset-V2/oo/oo_78.png,Tulu-Dtatset-V2,oo,train,e60d5e5bb03748b21d2084d122712e243732a6421f65f83c7b0b5319f959f972,367.0,356.0,RGBA,oo_78.png,.png
/home/manvith/Desktop/Projects/Tulu Dataset/Tulu-Dtatset-V2/oo/oo_40.png,Tulu-Dtatset-V2,oo,train,dc79a1fc58b8212b1cd542eb6864c2fa18ce26911333b0f143011dbf067a0cfc,363.0,352.0,RGBA,oo_40.png,.png
/home/manvith/Desktop/Projects/Tulu Dataset/Tulu-Dtatset-V2/oo/oo_47.png,Tulu-Dtatset-V2,oo,train,ee34a7a47c39dbc0c27e581772cc8c8bf6fe0947a87205ef140c71e358e9fe9f,363.0,352.0,RGBA,oo_47.png,.png
/home/manvith/Desktop/Projects/Tulu Dataset/Tulu-Dtatset-V2/oo/oo_23.png,Tulu-Dtatset-V2,oo,train,5ebf8fa02749861b1d27980b328dd6a084f5c1650ad4461e3b193572e1401e0f,363.0,352.0,RGBA,oo_23.png,.png
/home/manvith/Desktop/Projects/Tulu Dataset/Tulu-Dtatset-V2/oo/oo_50.png,Tulu-Dtatset-V2,oo,train,15b49841d727f526a5dfa891569de17fbbdaa7bd874279cfefab3c1453d483ee,363.0,352.0,RGBA,oo_50.png,.png
/home/manvith/Desktop/Projects/Tulu Dataset/Tulu-Dtatset-V2/oo/oo_81.png,Tulu-Dtatset-V2,oo,train,8b1fc92e3c571ae657a100346db4362ca6f61290f3dc4ff480a62733fdb2734b,367.0,356.0,RGBA,oo_81.png,.png
/home/manvith/Desktop/Projects/Tulu Dataset/Tulu-Dtatset-V2/oo/oo_69.png,Tulu-Dtatset-V2,oo,train,0b7c74027ef290cefc16baaba89edd17235b4433daa97ba4a55140c3ddc92ffe,362.0,332.0,RGBA,oo_69.png,.png
/home/manvith/Desktop/Projects/Tulu Dataset/Tulu-Dtatset-V2/oo/oo_99.png,Tulu-Dtatset-V2,oo,train,ae79f23105498669070d1235f7aab1034a7dfcbeb27f867c09183a767bbbc621,367.0,356.0,RGBA,oo_99.png,.png
/home/manvith/Desktop/Projects/Tulu Dataset/Tulu-Dtatset-V2/oo/oo_51.png,Tulu-Dtatset-V2,oo,train,a1debe97f38df0756cc1daecbc80e4b50f6711c4fb41fc6394702b37e50975f2,362.0,332.0,RGBA,oo_51.png,.png
/home/manvith/Desktop/Projects/Tulu Dataset/Tulu-Dtatset-V2/oo/oo_27.png,Tulu-Dtatset-V2,oo,train,ec83e6788d0d33168990b3b18e2bc7db244abfcc2db6308447b61f3bc5a28d5f,363.0,352.0,RGBA,oo_27.png,.png
/home/manvith/Desktop/Projects/Tulu Dataset/Tulu-Dtatset-V2/oo/oo_2.png,Tulu-Dtatset-V2,oo,train,9ad46db10dcadcb41a7cc0b77f8490cd31c1bf42aa37f45cb7b28d22052aa061,355.0,350.0,RGBA,oo_2.png,.png
/home/manvith/Desktop/Projects/Tulu Dataset/Tulu-Dtatset-V2/oo/oo_53.png,Tulu-Dtatset-V2,oo,train,e4ba129795f38bea5ea8babae218ace5c5b7a50bc48b113ecc4abf30020486c3,362.0,332.0,RGBA,oo_53.png,.png
/home/manvith/Desktop/Projects/Tulu Dataset/Tulu-Dtatset-V2/oo/oo_83.png,Tulu-Dtatset-V2,oo,train,796696f30e2fa0a226c6f764c8001a313d4f44140f0f39a37fc951c708ac4b3d,367.0,356.0,RGBA,oo_83.png,.png
/home/manvith/Desktop/Projects/Tulu Dataset/Tulu-Dtatset-V2/oo/oo_5.png,Tulu-Dtatset-V2,oo,train,b381e5e35c65968fac6008ef31064f000226491782a3a2703d6ac15631a929b1,363.0,352.0,RGBA,oo_5.png,.png
/home/manvith/Desktop/Projects/Tulu Dataset/Tulu-Dtatset-V2/oo/oo_89.png,Tulu-Dtatset-V2,oo,train,174b1d862177afb9185343c00ca489d79ff485f06ddce57257ce1a6c532d396d,367.0,356.0,RGBA,oo_89.png,.png
/home/manvith/Desktop/Projects/Tulu Dataset/Tulu-Dtatset-V2/oo/oo_62.png,Tulu-Dtatset-V2,oo,train,9a2bb9c762d7dce259a23eb0529e39ffd4caea1a2189c08f132af8ddf2f73872,362.0,332.0,RGBA,oo_62.png,.png
/home/manvith/Desktop/Projects/Tulu Dataset/Tulu-Dtatset-V2/oo/oo_43.png,Tulu-Dtatset-V2,oo,train,ab46e3622b551644ff88c213c8c2d98214072c06fecb05936ca3b671e66f254e,363.0,352.0,RGBA,oo_43.png,.png
/home/manvith/Desktop/Projects/Tulu Dataset/Tulu-Dtatset-V2/oo/oo_76.png,Tulu-Dtatset-V2,oo,train,78164652dc25e1f425b1f4e08a1ea8d8eacbffa22215c1eed77fc4df596984e3,367.0,356.0,RGBA,oo_76.png,.png
/home/manvith/Desktop/Projects/Tulu Dataset/Tulu-Dtatset-V2/oo/oo_45.png,Tulu-Dtatset-V2,oo,train,21f86264cb92fa77047ba4124d467124da984a477a623fbb37990c16880426c6,363.0,352.0,RGBA,oo_45.png,.png
/home/manvith/Desktop/Projects/Tulu Dataset/Tulu-Dtatset-V2/oo/oo_31.png,Tulu-Dtatset-V2,oo,train,ad2c4f573a93af06f47062a42689d16a0653877b65374fca887d94b74c199e1a,363.0,352.0,RGBA,oo_31.png,.png
/home/manvith/Desktop/Projects/Tulu Dataset/Tulu-Dtatset-V2/oo/oo_44.png,Tulu-Dtatset-V2,oo,train,852c52a24a0c5fa2d8bf0a6214501f6ee866a541ce5d96469908dff707ad1e22,363.0,352.0,RGBA,oo_44.png,.png
/home/manvith/Desktop/Projects/Tulu Dataset/Tulu-Dtatset-V2/oo/oo_65.png,Tulu-Dtatset-V2,oo,train,4b85771a33cc381015f9728eef4f6f37bffd5b8225fbeacd365a57a7d2a4d8c5,362.0,332.0,RGBA,oo_65.png,.png
/home/manvith/Desktop/Projects/Tulu Dataset/Tulu-Dtatset-V2/oo/oo_46.png,Tulu-Dtatset-V2,oo,train,b2dc34dfed2f6a9fdc7caa67f90297cdaf82117ba892c2e06a070fb020b8d2c7,363.0,352.0,RGBA,oo_46.png,.png
/home/manvith/Desktop/Projects/Tulu Dataset/Tulu-Dtatset-V2/oo/oo_4.png,Tulu-Dtatset-V2,oo,train,11104b185862dddbdfc9b673a9d35b0ff3e4fe6c820e97cf403631c884373cb5,345.0,335.0,RGBA,oo_4.png,.png
/home/manvith/Desktop/Projects/Tulu Dataset/Tulu-Dtatset-V2/oo/oo_90.png,Tulu-Dtatset-V2,oo,train,c1914384454726446725eb4292a5e350a814f258ab9796b1838b863113152d12,367.0,356.0,RGBA,oo_90.png,.png
/home/manvith/Desktop/Projects/Tulu Dataset/Tulu-Dtatset-V2/oo/oo_79.png,Tulu-Dtatset-V2,oo,train,0211ab4435125afe3b56f501bb2a2cbce2f81efc90a24a20a3993e056197aa7b,367.0,356.0,RGBA,oo_79.png,.png
/home/manvith/Desktop/Projects/Tulu Dataset/Tulu-Dtatset-V2/oo/oo_86.png,Tulu-Dtatset-V2,oo,train,47b485399de2c2ae3a2474153442f336a4d4587f6b614eec19fd4dc68651c032,367.0,356.0,RGBA,oo_86.png,.png
/home/manvith/Desktop/Projects/Tulu Dataset/Tulu-Dtatset-V2/oo/oo_24.png,Tulu-Dtatset-V2,oo,train,092e7e6d2c55ddabc8406edc91e7aee00236f2ce87da955f4d13d7551f25bb3c,363.0,352.0,RGBA,oo_24.png,.png
/home/manvith/Desktop/Projects/Tulu Dataset/Tulu-Dtatset-V2/oo/oo_16.png,Tulu-Dtatset-V2,oo,train,73b3241039fd36e1e678c1fa57b15a56a8ca78c4d1ef9f29204e4065ed842a61,363.0,352.0,RGBA,oo_16.png,.png
/home/manvith/Desktop/Projects/Tulu Dataset/Tulu-Dtatset-V2/oo/oo_82.png,Tulu-Dtatset-V2,oo,train,65d5bb8d5d470a89bf17b71876ee1c5243348952bfea066cfb448375a14dc458,367.0,356.0,RGBA,oo_82.png,.png
/home/manvith/Desktop/Projects/Tulu Dataset/Tulu-Dtatset-V2/oo/oo_20.png,Tulu-Dtatset-V2,oo,train,073ff5a8fa0fe39275ab2fd5d031dc5b641b796301a3773159c51bb3476e59f9,363.0,352.0,RGBA,oo_20.png,.png
/home/manvith/Desktop/Projects/Tulu Dataset/Tulu-Dtatset-V2/oo/oo_87.png,Tulu-Dtatset-V2,oo,train,2875c09cf25b348a401d1f81382751a401b2519e50230f68e126c84bf299c222,367.0,356.0,RGBA,oo_87.png,.png
/home/manvith/Desktop/Projects/Tulu Dataset/Tulu-Dtatset-V2/oo/oo_67.png,Tulu-Dtatset-V2,oo,train,c7bfa86622f48b9bf5088ff5e91886166cecb3be43d67c078cea64f6565eab2c,362.0,332.0,RGBA,oo_67.png,.png
/home/manvith/Desktop/Projects/Tulu Dataset/Tulu-Dtatset-V2/oo/oo_8.png,Tulu-Dtatset-V2,oo,train,ec5ca84cae33cc858d295769e03820f750559ece0cc3d5df9fa7aad2c4bce99a,357.0,335.0,RGBA,oo_8.png,.png
/home/manvith/Desktop/Projects/Tulu Dataset/Tulu-Dtatset-V2/oo/oo_93.png,Tulu-Dtatset-V2,oo,train,3bc135649392832674acbc962f3b24421fe8c479c6f77b203ada08af0939808f,367.0,356.0,RGBA,oo_93.png,.png
/home/manvith/Desktop/Projects/Tulu Dataset/Tulu-Dtatset-V2/oo/oo_17.png,Tulu-Dtatset-V2,oo,train,74d3e0dc3a9311eebc1d7e7412a7b6933457054bbda5c8690400e1246e98e248,363.0,352.0,RGBA,oo_17.png,.png
/home/manvith/Desktop/Projects/Tulu Dataset/Tulu-Dtatset-V2/oo/oo_41.png,Tulu-Dtatset-V2,oo,train,c713e82545722903cb2842fff867aecd4fb81506d07f3216f284bacc86feeb50,363.0,352.0,RGBA,oo_41.png,.png
/home/manvith/Desktop/Projects/Tulu Dataset/Tulu-Dtatset-V2/oo/oo_33.png,Tulu-Dtatset-V2,oo,train,ffa78b4440b4a8a8a8120ae572cb59f78872f87d4768753178368b9538310f9c,363.0,352.0,RGBA,oo_33.png,.png
/home/manvith/Desktop/Projects/Tulu Dataset/Tulu-Dtatset-V2/oo/oo_34.png,Tulu-Dtatset-V2,oo,train,cb246326558a381dc2ba89661d6a7c0b7df6453a10fffb209e95247c18696914,363.0,352.0,RGBA,oo_34.png,.png
/home/manvith/Desktop/Projects/Tulu Dataset/Tulu-Dtatset-V2/oo/oo_1.png,Tulu-Dtatset-V2,oo,train,9b1c1c193590fdcbe70dd3f9c6841310cce31d6fc634796c178558521b56f971,365.0,357.0,RGBA,oo_1.png,.png
/home/manvith/Desktop/Projects/Tulu Dataset/Tulu-Dtatset-V2/oo/oo_54.png,Tulu-Dtatset-V2,oo,train,2151abed93bd38f64f94449374deb95ddc13c9e36d93153ce3226d62c5b2e567,362.0,332.0,RGBA,oo_54.png,.png
/home/manvith/Desktop/Projects/Tulu Dataset/Tulu-Dtatset-V2/oo/oo_94.png,Tulu-Dtatset-V2,oo,train,837ea391724727fd791e23f62ab54771f7c56eb8adb94f00d1c1470b65b6fe33,367.0,356.0,RGBA,oo_94.png,.png
/home/manvith/Desktop/Projects/Tulu Dataset/Tulu-Dtatset-V2/oo/oo_61.png,Tulu-Dtatset-V2,oo,train,b9e345a93e0d612a238552635aa9137facb107b9c5c07735ddc523e69df3b300,362.0,332.0,RGBA,oo_61.png,.png
/home/manvith/Desktop/Projects/Tulu Dataset/Tulu-Dtatset-V2/oo/oo_32.png,Tulu-Dtatset-V2,oo,train,bfddd29492fe0fd47faa4a1d90f2a6ac2fd7fe9ee1c2dd2f074d393630d21fdb,363.0,352.0,RGBA,oo_32.png,.png
/home/manvith/Desktop/Projects/Tulu Dataset/Tulu-Dtatset-V2/oo/oo_12.png,Tulu-Dtatset-V2,oo,train,02ed82f924ad15db888271e74328a831cd86ae20d241fa70f89a6527f22dfc1c,362.0,332.0,RGBA,oo_12.png,.png
/home/manvith/Desktop/Projects/Tulu Dataset/Tulu-Dtatset-V2/oo/oo_55.png,Tulu-Dtatset-V2,oo,train,a4f355490425df375ec431f869c493f9f9ec181ca57ef7245363c0e815a6a271,362.0,332.0,RGBA,oo_55.png,.png
/home/manvith/Desktop/Projects/Tulu Dataset/Tulu-Dtatset-V2/oo/oo_6.png,Tulu-Dtatset-V2,oo,train,a981d67a386d69f42231ca28d938ca56d40e57ab20a0f7e89c1948b6158c1999,359.0,355.0,RGBA,oo_6.png,.png
/home/manvith/Desktop/Projects/Tulu Dataset/Tulu-Dtatset-V2/oo/oo_80.png,Tulu-Dtatset-V2,oo,train,3384e79db36cac3198ca2063a7ef457ccb50952c9e5142d142590c438037fa55,367.0,356.0,RGBA,oo_80.png,.png
/home/manvith/Desktop/Projects/Tulu Dataset/Tulu-Dtatset-V2/oo/oo_30.png,Tulu-Dtatset-V2,oo,train,52bc72d794eb6f3cbf77e112017706afa825a9b5e4df1485e8c9cd8ebc0a14cd,363.0,352.0,RGBA,oo_30.png,.png
/home/manvith/Desktop/Projects/Tulu Dataset/Tulu-Dtatset-V2/ou/ou_8.png,Tulu-Dtatset-V2,ou,train,b3a39a92993f246c466d545b63e44103baba8c85659d42f0a9edb59ce95641a9,362.0,338.0,RGBA,ou_8.png,.png
/home/manvith/Desktop/Projects/Tulu Dataset/Tulu-Dtatset-V2/ou/ou_93.png,Tulu-Dtatset-V2,ou,train,6b6e306e0395a5dc469026e0020cd47ba4e6ed6a951b980d8d52ff8ce16f0e37,362.0,338.0,RGBA,ou_93.png,.png
/home/manvith/Desktop/Projects/Tulu Dataset/Tulu-Dtatset-V2/ou/ou_1.png,Tulu-Dtatset-V2,ou,train,7e8978670c071c8c8ab9fbd78b32edb2a1919769778a498998fa10d940dbdcc9,360.0,353.0,RGBA,ou_1.png,.png
/home/manvith/Desktop/Projects/Tulu Dataset/Tulu-Dtatset-V2/ou/ou_96.png,Tulu-Dtatset-V2,ou,train,01551e759b794654cd00b9903ca1e40f54457954b48b0feadc291c3e91539b41,362.0,338.0,RGBA,ou_96.png,.png
/home/manvith/Desktop/Projects/Tulu Dataset/Tulu-Dtatset-V2/ou/ou_80.png,Tulu-Dtatset-V2,ou,train,c0e1bd497e9ee112b60c19ef9d0cda2e1d8b459b063a233fe50fdfebe8011d34,362.0,338.0,RGBA,ou_80.png,.png
/home/manvith/Desktop/Projects/Tulu Dataset/Tulu-Dtatset-V2/ou/ou_20.png,Tulu-Dtatset-V2,ou,train,ac241540a8b4144e731ce59e2fb57c85657e9851a009cd8dd5c09244fb0314cf,360.0,356.0,RGBA,ou_20.png,.png
/home/manvith/Desktop/Projects/Tulu Dataset/Tulu-Dtatset-V2/ou/ou_31.png,Tulu-Dtatset-V2,ou,train,fdb12cf8e1069498d569538f66d80bd9daf55f14056d22fd6136022841035c97,360.0,356.0,RGBA,ou_31.png,.png
/home/manvith/Desktop/Projects/Tulu Dataset/Tulu-Dtatset-V2/ou/ou_55.png,Tulu-Dtatset-V2,ou,train,1a6fcab961aace22efb38a06f5ea99863fbe750edeec5802e60ceef61d87577a,361.0,355.0,RGBA,ou_55.png,.png
/home/manvith/Desktop/Projects/Tulu Dataset/Tulu-Dtatset-V2/ou/ou_64.png,Tulu-Dtatset-V2,ou,train,969d1d07461743ffae0c11463e773dd0588f8479eba6daa3c840314dc9bb1733,361.0,355.0,RGBA,ou_64.png,.png
/home/manvith/Desktop/Projects/Tulu Dataset/Tulu-Dtatset-V2/ou/ou_32.png,Tulu-Dtatset-V2,ou,train,111192e7435c90a313fd9695a9cef6815841f19894fff9c6fb7d522f0a528661,360.0,356.0,RGBA,ou_32.png,.png
/home/manvith/Desktop/Projects/Tulu Dataset/Tulu-Dtatset-V2/ou/ou_15.png,Tulu-Dtatset-V2,ou,train,65bff2296b4f40e332d9510411d2ab83197bcf0e90e46a0440206c29e2fa0084,360.0,347.0,RGBA,ou_15.png,.png
/home/manvith/Desktop/Projects/Tulu Dataset/Tulu-Dtatset-V2/ou/ou_39.png,Tulu-Dtatset-V2,ou,train,2441b4197391a1c52e84445c0b75c8d22b73dbdc42b212c0a2eb122ba44c3b99,360.0,356.0,RGBA,ou_39.png,.png
/home/manvith/Desktop/Projects/Tulu Dataset/Tulu-Dtatset-V2/ou/ou_30.png,Tulu-Dtatset-V2,ou,train,0a5e4cd30c92de48de2bf73bddfc698ae5f457f190d99d51a38275950dd4dc1d,360.0,356.0,RGBA,ou_30.png,.png
/home/manvith/Desktop/Projects/Tulu Dataset/Tulu-Dtatset-V2/ou/ou_78.png,Tulu-Dtatset-V2,ou,train,934efcc7b3bcb9d6147b38e35eb6afeac21ed9db014eb395ba4a1e308f6dce81,362.0,338.0,RGBA,ou_78.png,.png
/home/manvith/Desktop/Projects/Tulu Dataset/Tulu-Dtatset-V2/ou/ou_2.png,Tulu-Dtatset-V2,ou,train,9bac2f18f2700bc0f56ce9e9e70f2281e64a012cc24ff958eeb74d4a755030ad,361.0,350.0,RGBA,ou_2.png,.png
/home/manvith/Desktop/Projects/Tulu Dataset/Tulu-Dtatset-V2/ou/ou_4.png,Tulu-Dtatset-V2,ou,train,767ae387200e542931b2dfcd2de8a453b0338ac8ee04a40b76a06f2d5e9925b0,351.0,337.0,RGBA,ou_4.png,.png
/home/manvith/Desktop/Projects/Tulu Dataset/Tulu-Dtatset-V2/ou/ou_70.png,Tulu-Dtatset-V2,ou,train,698aad3b999767e22781a96eef5ebc8ebd5e8314e7a5f309473fb27c191a5e22,361.0,355.0,RGBA,ou_70.png,.png
/home/manvith/Desktop/Projects/Tulu Dataset/Tulu-Dtatset-V2/ou/ou_48.png,Tulu-Dtatset-V2,ou,train,2f46d1c49e193bf8287330ce4cc19b9c3834d7935f924cee0a26e42181ef7de4,360.0,356.0,RGBA,ou_48.png,.png
/home/manvith/Desktop/Projects/Tulu Dataset/Tulu-Dtatset-V2/ou/ou_37.png,Tulu-Dtatset-V2,ou,train,89309be264bc55b37acb71fd05ac242c5aaf22ff35573507f9133d330fcd8fa0,360.0,356.0,RGBA,ou_37.png,.png
/home/manvith/Desktop/Projects/Tulu Dataset/Tulu-Dtatset-V2/ou/ou_33.png,Tulu-Dtatset-V2,ou,train,8d3991a2869a3c2a043d410d326f245ff318adca972ac12ab65042de89857fcf,360.0,356.0,RGBA,ou_33.png,.png
/home/manvith/Desktop/Projects/Tulu Dataset/Tulu-Dtatset-V2/ou/ou_10.png,Tulu-Dtatset-V2,ou,train,55f96f8cdfcbc631f0c90ca6709ef27345f1558954b608e154f1bebbc9304937,369.0,357.0,RGBA,ou_10.png,.png
/home/manvith/Desktop/Projects/Tulu Dataset/Tulu-Dtatset-V2/ou/ou_53.png,Tulu-Dtatset-V2,ou,train,eaffa241229293f3a8988c84aa7fdeb6cf029c7b65c280760d607ea7891399c8,361.0,355.0,RGBA,ou_53.png,.png
/home/manvith/Desktop/Projects/Tulu Dataset/Tulu-Dtatset-V2/ou/ou_87.png,Tulu-Dtatset-V2,ou,train,b4b58de1edbdab91c98e8dae00cb35a4eea9e0848971ff5c401368943006f777,362.0,338.0,RGBA,ou_87.png,.png
/home/manvith/Desktop/Projects/Tulu Dataset/Tulu-Dtatset-V2/ou/ou_83.png,Tulu-Dtatset-V2,ou,train,9c0d436bc17db488757b105280eed2d4c254dfd35924b4bcf416d02254ad449c,362.0,338.0,RGBA,ou_83.png,.png
/home/manvith/Desktop/Projects/Tulu Dataset/Tulu-Dtatset-V2/ou/ou_82.png,Tulu-Dtatset-V2,ou,train,669f83ee581d676b17763df6ad9d6b416ae3cef5f26c5a66b3aca60baf999feb,362.0,338.0,RGBA,ou_82.png,.png
/home/manvith/Desktop/Projects/Tulu Dataset/Tulu-Dtatset-V2/ou/ou_81.png,Tulu-Dtatset-V2,ou,train,fc5b6c29bc59cccf64e5784b001918347795b0dbb37849412bed0aa88781d750,362.0,338.0,RGBA,ou_81.png,.png
/home/manvith/Desktop/Projects/Tulu Dataset/Tulu-Dtatset-V2/ou/ou_49.png,Tulu-Dtatset-V2,ou,train,06a926f0a562810bcdca3d297677b6d127efc3d74b5dcf1d8db59cfa0110932f,360.0,356.0,RGBA,ou_49.png,.png
/home/manvith/Desktop/Projects/Tulu Dataset/Tulu-Dtatset-V2/ou/ou_26.png,Tulu-Dtatset-V2,ou,train,b5b367e16c24e8578502f665af9044252643d195e4f1c2580205822f4ee71d1e,360.0,356.0,RGBA,ou_26.png,.png
/home/manvith/Desktop/Projects/Tulu Dataset/Tulu-Dtatset-V2/ou/ou_36.png,Tulu-Dtatset-V2,ou,train,08fdb7627a82db4c774675329bf6d0f173746a7282923a69a2d538f41bed1081,360.0,356.0,RGBA,ou_36.png,.png
/home/manvith/Desktop/Projects/Tulu Dataset/Tulu-Dtatset-V2/ou/ou_18.png,Tulu-Dtatset-V2,ou,train,9261a9fb6845de5672a12df74cb83b0607f6d8673ba1b3c92509a5f431ce17b2,360.0,356.0,RGBA,ou_18.png,.png
/home/manvith/Desktop/Projects/Tulu Dataset/Tulu-Dtatset-V2/ou/ou_86.png,Tulu-Dtatset-V2,ou,train,5d93c1bf114e5fdcf17a8e85f1bf92811bdfc82798a2f9e23377aa5ac5378bd0,362.0,338.0,RGBA,ou_86.png,.png
/home/manvith/Desktop/Projects/Tulu Dataset/Tulu-Dtatset-V2/ou/ou_28.png,Tulu-Dtatset-V2,ou,train,7b399af5b64cb417bf0c28e933f0e3573b7617b5a9dd0ebf7bc421b0abc6e580,360.0,356.0,RGBA,ou_28.png,.png
/home/manvith/Desktop/Projects/Tulu Dataset/Tulu-Dtatset-V2/ou/ou_47.png,Tulu-Dtatset-V2,ou,train,c08e37a399c5cba6d75af2abcd0f77f876929b8331bdf5727638e5868f1c3eea,360.0,356.0,RGBA,ou_47.png,.png
/home/manvith/Desktop/Projects/Tulu Dataset/Tulu-Dtatset-V2/ou/ou_25.png,Tulu-Dtatset-V2,ou,train,dc24f3c9e601d6c0acf8a6f45b1748ab259ba6d1b06723847650431ffabff843,360.0,356.0,RGBA,ou_25.png,.png
/home/manvith/Desktop/Projects/Tulu Dataset/Tulu-Dtatset-V2/ou/ou_74.png,Tulu-Dtatset-V2,ou,train,350901e8a819e5b93154034d94d7a8c569fbd4b9f3d99bdd8329683946621f20,362.0,338.0,RGBA,ou_74.png,.png
/home/manvith/Desktop/Projects/Tulu Dataset/Tulu-Dtatset-V2/ou/ou_50.png,Tulu-Dtatset-V2,ou,train,c969b89d467722d5847c281d55f19f6dea607ba4d684defb4ceac1af8e6577e3,360.0,356.0,RGBA,ou_50.png,.png
/home/manvith/Desktop/Projects/Tulu Dataset/Tulu-Dtatset-V2/ou/ou_9.png,Tulu-Dtatset-V2,ou,train,850b5b8d4d690eda2391d0285bab14082cbcd88bcbe998cdb2b999a5b6e38092,362.0,356.0,RGBA,ou_9.png,.png
/home/manvith/Desktop/Projects/Tulu Dataset/Tulu-Dtatset-V2/ou/ou_44.png,Tulu-Dtatset-V2,ou,train,32888f8c7acf6d1ea20d8566e6d9ce09dacae4dddb9189c717a9f8ac32d5a05e,360.0,356.0,RGBA,ou_44.png,.png
/home/manvith/Desktop/Projects/Tulu Dataset/Tulu-Dtatset-V2/ou/ou_56.png,Tulu-Dtatset-V2,ou,train,e4b500e339a451f7eb3c6c661c17621e0b006744618d9801e1cf4118c813549f,361.0,355.0,RGBA,ou_56.png,.png
/home/manvith/Desktop/Projects/Tulu Dataset/Tulu-Dtatset-V2/ou/ou_17.png,Tulu-Dtatset-V2,ou,train,e903805f138cae1dc6989f74f787b3b6f9a3aa085982a75a7531e005e4515e03,360.0,356.0,RGBA,ou_17.png,.png
/home/manvith/Desktop/Projects/Tulu Dataset/Tulu-Dtatset-V2/ou/ou_79.png,Tulu-Dtatset-V2,ou,train,f44b0a34c35341d098fa2aa15d69b6de58d930e0e3265e4559b988b9e359e756,362.0,338.0,RGBA,ou_79.png,.png
/home/manvith/Desktop/Projects/Tulu Dataset/Tulu-Dtatset-V2/ou/ou_95.png,Tulu-Dtatset-V2,ou,train,6493a204fd16a77a842ebea18a0a4c62081a08f286160928dc954076567713e3,362.0,338.0,RGBA,ou_95.png,.png
/home/manvith/Desktop/Projects/Tulu Dataset/Tulu-Dtatset-V2/ou/ou_7.png,Tulu-Dtatset-V2,ou,train,9337ac259801dea421b9ee2ffa4c67d23268d173a2a8867684a441fc0a301516,362.0,346.0,RGBA,ou_7.png,.png
/home/manvith/Desktop/Projects/Tulu Dataset/Tulu-Dtatset-V2/ou/ou_46.png,Tulu-Dtatset-V2,ou,train,99a6857dc0ee53e2e04525583dcf90333d662f1c76f66212d6cde9bd6dd8e3f4,360.0,356.0,RGBA,ou_46.png,.png
/home/manvith/Desktop/Projects/Tulu Dataset/Tulu-Dtatset-V2/ou/ou_45.png,Tulu-Dtatset-V2,ou,train,a7285425d0a62e030e406a955b8f2736ef8bd3cbdd4839752ff21e774bef9866,360.0,356.0,RGBA,ou_45.png,.png
/home/manvith/Desktop/Projects/Tulu Dataset/Tulu-Dtatset-V2/ou/ou_61.png,Tulu-Dtatset-V2,ou,train,6260f8548f608327be5bb762047a0e573df059c81da3dfa455b7c183ee18667d,361.0,355.0,RGBA,ou_61.png,.png
/home/manvith/Desktop/Projects/Tulu Dataset/Tulu-Dtatset-V2/ou/ou_5.png,Tulu-Dtatset-V2,ou,train,c554f676f01f0f36e3cc707607ea588722a385f6ef2e094b4b2eddcdadde6dd4,361.0,352.0,RGBA,ou_5.png,.png
/home/manvith/Desktop/Projects/Tulu Dataset/Tulu-Dtatset-V2/ou/ou_88.png,Tulu-Dtatset-V2,ou,train,d62ea6d0c0b66e64a5efd09341d16590f658fae2396db10c3a0f38646643ce20,362.0,338.0,RGBA,ou_88.png,.png
/home/manvith/Desktop/Projects/Tulu Dataset/Tulu-Dtatset-V2/ou/ou_52.png,Tulu-Dtatset-V2,ou,train,aea57ca5ca820c22422d6fc39f8eb8f1522d804cc034d68df8e1bdef3fedb909,361.0,355.0,RGBA,ou_52.png,.png
/home/manvith/Desktop/Projects/Tulu Dataset/Tulu-Dtatset-V2/ou/ou_68.png,Tulu-Dtatset-V2,ou,train,314014c1e65b61de4a3467cba754c27e77a64c447190e56221ee4244eb6192bb,361.0,355.0,RGBA,ou_68.png,.png
/home/manvith/Desktop/Projects/Tulu Dataset/Tulu-Dtatset-V2/ou/ou_23.png,Tulu-Dtatset-V2,ou,train,9e3ad6c4989870ddb59c88bc32261749ea30e74bf342dddba18df0c5e4250103,360.0,356.0,RGBA,ou_23.png,.png
/home/manvith/Desktop/Projects/Tulu Dataset/Tulu-Dtatset-V2/ou/ou_54.png,Tulu-Dtatset-V2,ou,train,be38db51340d7b71f2b70d8ca3f21776b44e8290be73d6954f61a1ac46bf4a23,361.0,355.0,RGBA,ou_54.png,.png
/home/manvith/Desktop/Projects/Tulu Dataset/Tulu-Dtatset-V2/ou/ou_16.png,Tulu-Dtatset-V2,ou,train,308d291adb7a8701ce85e15981677f239439f1623f61d22c104e4054a339eba1,360.0,356.0,RGBA,ou_16.png,.png
/home/manvith/Desktop/Projects/Tulu Dataset/Tulu-Dtatset-V2/ou/ou_63.png,Tulu-Dtatset-V2,ou,train,b6aebb64390e17869c23b4060a980fc1cc417d078c65b094e1048b549a12b151,361.0,355.0,RGBA,ou_63.png,.png
/home/manvith/Desktop/Projects/Tulu Dataset/Tulu-Dtatset-V2/ou/ou_84.png,Tulu-Dtatset-V2,ou,train,d0ba500e6cb3fde29777e4642323c7d32fd6703a44d56600383b895977fe4f03,362.0,338.0,RGBA,ou_84.png,.png
/home/manvith/Desktop/Projects/Tulu Dataset/Tulu-Dtatset-V2/ou/ou_99.png,Tulu-Dtatset-V2,ou,train,d3d4b0cf10f13f04ef76b376c29e868674909dda58d47908bc7b53e321f65116,362.0,338.0,RGBA,ou_99.png,.png
/home/manvith/Desktop/Projects/Tulu Dataset/Tulu-Dtatset-V2/ou/ou_65.png,Tulu-Dtatset-V2,ou,train,761956ab4cfc696e3d1b7bd45d0d6363abd916ac422baeede30b14352ae7da22,361.0,355.0,RGBA,ou_65.png,.png
/home/manvith/Desktop/Projects/Tulu Dataset/Tulu-Dtatset-V2/ou/ou_3.png,Tulu-Dtatset-V2,ou,train,6a57a30bc023921c85f7bd7bfc41fe0f1f66ba08b7abaae1a2567ccc9387ba22,360.0,356.0,RGBA,ou_3.png,.png
/home/manvith/Desktop/Projects/Tulu Dataset/Tulu-Dtatset-V2/ou/ou_24.png,Tulu-Dtatset-V2,ou,train,f4a14dcd9ed59ffc5926394a930cad8304b98c24be2700705e7a061ef82cdc74,360.0,356.0,RGBA,ou_24.png,.png
/home/manvith/Desktop/Projects/Tulu Dataset/Tulu-Dtatset-V2/ou/ou_85.png,Tulu-Dtatset-V2,ou,train,b568522a2f479441d7f39f193bc959c71ab64d6cbf52318c74da44f03a5af3ef,362.0,338.0,RGBA,ou_85.png,.png
/home/manvith/Desktop/Projects/Tulu Dataset/Tulu-Dtatset-V2/ou/ou_100.png,Tulu-Dtatset-V2,ou,train,6b7038a40f7f262cfec786163337b42096506b33015c0d126c16cca6485158a3,362.0,338.0,RGBA,ou_100.png,.png
/home/manvith/Desktop/Projects/Tulu Dataset/Tulu-Dtatset-V2/ou/ou_6.png,Tulu-Dtatset-V2,ou,train,037a6f43e37042b7659e1076b1281d7c5ed55aa360981abb5c33500c11dcbd0b,361.0,355.0,RGBA,ou_6.png,.png
/home/manvith/Desktop/Projects/Tulu Dataset/Tulu-Dtatset-V2/ou/ou_27.png,Tulu-Dtatset-V2,ou,train,8e72c4791f2cbfb0bbb6a98996fe37bb08200fbf26c05aea99aac73744b2a942,360.0,356.0,RGBA,ou_27.png,.png
/home/manvith/Desktop/Projects/Tulu Dataset/Tulu-Dtatset-V2/ou/ou_38.png,Tulu-Dtatset-V2,ou,train,5691d2a0b193022a3456693e672e8b8d0ce1142ce7a90841df35e1c32e634f76,360.0,356.0,RGBA,ou_38.png,.png
/home/manvith/Desktop/Projects/Tulu Dataset/Tulu-Dtatset-V2/ou/ou_21.png,Tulu-Dtatset-V2,ou,train,67ecb16d3ce73edb9c5567cdd414dd8ba23c0542aa8c72016d5f283fcfd5ed43,360.0,356.0,RGBA,ou_21.png,.png
/home/manvith/Desktop/Projects/Tulu Dataset/Tulu-Dtatset-V2/ou/ou_59.png,Tulu-Dtatset-V2,ou,train,bfec01f4ea00d980c208e70a2f308ea4ebed63023de50232603913d4a7ff0247,361.0,355.0,RGBA,ou_59.png,.png
/home/manvith/Desktop/Projects/Tulu Dataset/Tulu-Dtatset-V2/ou/ou_34.png,Tulu-Dtatset-V2,ou,train,83899ce2ddc42fd7d01626bb611ce7e46ba77ea200ca076c14d5aded3e76032a,360.0,356.0,RGBA,ou_34.png,.png
/home/manvith/Desktop/Projects/Tulu Dataset/Tulu-Dtatset-V2/ou/ou_94.png,Tulu-Dtatset-V2,ou,train,a080b9a9bc891f84fcc54ac8a4a1fb7e96baeba307773087aa3672c879347489,362.0,338.0,RGBA,ou_94.png,.png
/home/manvith/Desktop/Projects/Tulu Dataset/Tulu-Dtatset-V2/ou/ou_14.png,Tulu-Dtatset-V2,ou,train,1e5e1572257559b7ffb6bd7a7155788c9ff4c2140e91a75f34aef44b12a69e85,363.0,338.0,RGBA,ou_14.png,.png
/home/manvith/Desktop/Projects/Tulu Dataset/Tulu-Dtatset-V2/ou/ou_51.png,Tulu-Dtatset-V2,ou,train,c05f13a0d831b040a9c3acc6ff433658c1ff68a30c1bb72586186c7720b4796e,361.0,355.0,RGBA,ou_51.png,.png
/home/manvith/Desktop/Projects/Tulu Dataset/Tulu-Dtatset-V2/ou/ou_72.png,Tulu-Dtatset-V2,ou,train,2e32d5e3563684d584ed60619f50ab8c074f070c0fe815f969023467a3adee07,362.0,338.0,RGBA,ou_72.png,.png
/home/manvith/Desktop/Projects/Tulu Dataset/Tulu-Dtatset-V2/ou/ou_40.png,Tulu-Dtatset-V2,ou,train,0ce50151f6933259f85015088124ba0d33d4993432502cb5266426c85ed2f0e3,360.0,356.0,RGBA,ou_40.png,.png
/home/manvith/Desktop/Projects/Tulu Dataset/Tulu-Dtatset-V2/ou/ou_77.png,Tulu-Dtatset-V2,ou,train,6038242b6f11ec2f1881532d32fd6b2965b9456b4637661f6b0ff6e8cbc2dc92,362.0,338.0,RGBA,ou_77.png,.png
/home/manvith/Desktop/Projects/Tulu Dataset/Tulu-Dtatset-V2/ou/ou_76.png,Tulu-Dtatset-V2,ou,train,53adf9aa46281ac207b460e9c82e9d0af4bece5d1f8539e68692dd40e1e587dd,362.0,338.0,RGBA,ou_76.png,.png
/home/manvith/Desktop/Projects/Tulu Dataset/Tulu-Dtatset-V2/ou/ou_22.png,Tulu-Dtatset-V2,ou,train,18a0a23b8c136d6169704ab6446a6ca23ab2f24d2682ccad54b4a44d63d30e20,360.0,356.0,RGBA,ou_22.png,.png
/home/manvith/Desktop/Projects/Tulu Dataset/Tulu-Dtatset-V2/ou/ou_69.png,Tulu-Dtatset-V2,ou,train,bb8c51248871a6a751eddf9d7b778dff28b4111732643c9aa7fcac6284c25933,361.0,355.0,RGBA,ou_69.png,.png
/home/manvith/Desktop/Projects/Tulu Dataset/Tulu-Dtatset-V2/ou/ou_73.png,Tulu-Dtatset-V2,ou,train,bf922fc397e4b115e4b6bb89fa3145705b604366fb197535ca5c95160630d274,362.0,338.0,RGBA,ou_73.png,.png
/home/manvith/Desktop/Projects/Tulu Dataset/Tulu-Dtatset-V2/ou/ou_67.png,Tulu-Dtatset-V2,ou,train,1fd40e33d32624d359cf394ad24f9589ebc0588cfcbfd3c0a630956a623ba2f6,361.0,355.0,RGBA,ou_67.png,.png
/home/manvith/Desktop/Projects/Tulu Dataset/Tulu-Dtatset-V2/ou/ou_90.png,Tulu-Dtatset-V2,ou,train,c83f31f7020857be4596d7c557b5bcbe0e13d486f58d9f9797b3831d37f352ed,362.0,338.0,RGBA,ou_90.png,.png
/home/manvith/Desktop/Projects/Tulu Dataset/Tulu-Dtatset-V2/pa/pa_53.png,Tulu-Dtatset-V2,pa,train,f45b3547823f52b484b618b36481bab19f0cefd0569b5293c463759cbaeb670b,359.0,347.0,RGBA,pa_53.png,.png
/home/manvith/Desktop/Projects/Tulu Dataset/Tulu-Dtatset-V2/pa/pa_30.png,Tulu-Dtatset-V2,pa,train,d57183c258fb220580b96120b95986200ff0c0a569dbe63fab113eee2b0d6acc,361.0,354.0,RGBA,pa_30.png,.png
/home/manvith/Desktop/Projects/Tulu Dataset/Tulu-Dtatset-V2/pa/pa_96.png,Tulu-Dtatset-V2,pa,train,493d65658c424a9604c7bb5be666f3d5e427dc2255f636279f117f88dd73b51c,366.0,347.0,RGBA,pa_96.png,.png
/home/manvith/Desktop/Projects/Tulu Dataset/Tulu-Dtatset-V2/pa/pa_32.png,Tulu-Dtatset-V2,pa,train,44889b54fea2ff61cae931dfa8d6366a4d1e658ba550972ccabbeb8e91fbe205,361.0,354.0,RGBA,pa_32.png,.png
/home/manvith/Desktop/Projects/Tulu Dataset/Tulu-Dtatset-V2/pa/pa_71.png,Tulu-Dtatset-V2,pa,train,5f22f7183487d1e78cbe0f5c0f2cb8048a1bae87197f150722f4a62b5adb592e,366.0,347.0,RGBA,pa_71.png,.png
/home/manvith/Desktop/Projects/Tulu Dataset/Tulu-Dtatset-V2/pa/pa_17.png,Tulu-Dtatset-V2,pa,train,ad08988bbc905ae0c36e847f972278cdff5c564932a4586e99389f8cffb00100,361.0,354.0,RGBA,pa_17.png,.png
/home/manvith/Desktop/Projects/Tulu Dataset/Tulu-Dtatset-V2/pa/pa_43.png,Tulu-Dtatset-V2,pa,train,a19fe09626a4ca613c4d63aeb5c462d4058c23cb7b22dd7896552ac54c364ebb,361.0,354.0,RGBA,pa_43.png,.png
/home/manvith/Desktop/Projects/Tulu Dataset/Tulu-Dtatset-V2/pa/pa_57.png,Tulu-Dtatset-V2,pa,train,6e112b4c4fb1d09ba5ed01e574dda2495cda4b385227a9f44592a8f4d56c792e,359.0,347.0,RGBA,pa_57.png,.png
/home/manvith/Desktop/Projects/Tulu Dataset/Tulu-Dtatset-V2/pa/pa_78.png,Tulu-Dtatset-V2,pa,train,34b5c3dfffb21671010b3dabcc805d319d8fe9fbfd69d5674a249bd03e2e0d8d,366.0,347.0,RGBA,pa_78.png,.png
/home/manvith/Desktop/Projects/Tulu Dataset/Tulu-Dtatset-V2/pa/pa_27.png,Tulu-Dtatset-V2,pa,train,8fd3f59340ee76376a447a9c2cc890e690aba979342bf62e353063b883542922,361.0,354.0,RGBA,pa_27.png,.png
/home/manvith/Desktop/Projects/Tulu Dataset/Tulu-Dtatset-V2/pa/pa_59.png,Tulu-Dtatset-V2,pa,train,6d580b737ccf3698fb4ead3b0a843262293fd165d95305ea6b920facce3c3eb0,359.0,347.0,RGBA,pa_59.png,.png
/home/manvith/Desktop/Projects/Tulu Dataset/Tulu-Dtatset-V2/pa/pa_97.png,Tulu-Dtatset-V2,pa,train,c681f6eaca98d291d577a8143c065eca5eb38a56f8505d8155b006408db7fe5b,366.0,347.0,RGBA,pa_97.png,.png
/home/manvith/Desktop/Projects/Tulu Dataset/Tulu-Dtatset-V2/pa/pa_10.png,Tulu-Dtatset-V2,pa,train,8f12c1bea26f21116bb66602e76aeaba8f0d842bba211ef522c0bf6123601cf1,366.0,347.0,RGBA,pa_10.png,.png
/home/manvith/Desktop/Projects/Tulu Dataset/Tulu-Dtatset-V2/pa/pa_39.png,Tulu-Dtatset-V2,pa,train,68c225d3c8b39f972899eb15e4702efc8d780f670991c8a53a4b02c1a6a21392,361.0,354.0,RGBA,pa_39.png,.png
/home/manvith/Desktop/Projects/Tulu Dataset/Tulu-Dtatset-V2/pa/pa_42.png,Tulu-Dtatset-V2,pa,train,b45a1564b3039775c5e4f4bcbe2fa9304c15016cc608607b2c5f8b1016e79210,361.0,354.0,RGBA,pa_42.png,.png
/home/manvith/Desktop/Projects/Tulu Dataset/Tulu-Dtatset-V2/pa/pa_98.png,Tulu-Dtatset-V2,pa,train,a330d298cf0a962b9aaaee3b865e4acc61018051fb2dc27aa9c62a6f6fcbad08,366.0,347.0,RGBA,pa_98.png,.png
/home/manvith/Desktop/Projects/Tulu Dataset/Tulu-Dtatset-V2/pa/pa_36.png,Tulu-Dtatset-V2,pa,train,68a1c1b5558f977af0ffa879f04ca3815f16a38cf91791cc6171c2fbbe840832,361.0,354.0,RGBA,pa_36.png,.png
/home/manvith/Desktop/Projects/Tulu Dataset/Tulu-Dtatset-V2/pa/pa_74.png,Tulu-Dtatset-V2,pa,train,97faec1b4628659d8bedf195fdd8a11d39aa44480739e5568fc5c68ae085bae8,366.0,347.0,RGBA,pa_74.png,.png
/home/manvith/Desktop/Projects/Tulu Dataset/Tulu-Dtatset-V2/pa/pa_37.png,Tulu-Dtatset-V2,pa,train,d7068e937b358a996795aaaab91a5d21e097f524895635a7a22dec02b57fb420,361.0,354.0,RGBA,pa_37.png,.png
/home/manvith/Desktop/Projects/Tulu Dataset/Tulu-Dtatset-V2/pa/pa_44.png,Tulu-Dtatset-V2,pa,train,c3b6a6106e5336f68dbf9cabaaef22179c27a95ca3593f1508c5402f43d21ade,361.0,354.0,RGBA,pa_44.png,.png
/home/manvith/Desktop/Projects/Tulu Dataset/Tulu-Dtatset-V2/pa/pa_45.png,Tulu-Dtatset-V2,pa,train,9e02c02ca614969839285671744868ff91952ffa425430da3e5400c01ce68977,361.0,354.0,RGBA,pa_45.png,.png
/home/manvith/Desktop/Projects/Tulu Dataset/Tulu-Dtatset-V2/pa/pa_29.png,Tulu-Dtatset-V2,pa,train,2a2815e3a5cd1227bb0de7a70ebd99d683570075e3e0af6b00c7d024565bb795,361.0,354.0,RGBA,pa_29.png,.png
/home/manvith/Desktop/Projects/Tulu Dataset/Tulu-Dtatset-V2/pa/pa_38.png,Tulu-Dtatset-V2,pa,train,e37a68827090048fbbe8e4b0e9da1f5135e506e77565f690b2439f7dcee362e1,361.0,354.0,RGBA,pa_38.png,.png
/home/manvith/Desktop/Projects/Tulu Dataset/Tulu-Dtatset-V2/pa/pa_90.png,Tulu-Dtatset-V2,pa,train,da1f914c82e1de514a5e9779dfea14a9fb93313e68f4ffdb26d5e117bb99ae01,366.0,347.0,RGBA,pa_90.png,.png
/home/manvith/Desktop/Projects/Tulu Dataset/Tulu-Dtatset-V2/pa/pa_28.png,Tulu-Dtatset-V2,pa,train,9d947b1b6d0acee71373d70d07fed532165d3b4adc956aa17b41d16371110793,361.0,354.0,RGBA,pa_28.png,.png
/home/manvith/Desktop/Projects/Tulu Dataset/Tulu-Dtatset-V2/pa/pa_85.png,Tulu-Dtatset-V2,pa,train,fb1ed4d197ef0e837957d12a56d2148529f28a608eb976f75fc6e7d8829be0e6,366.0,347.0,RGBA,pa_85.png,.png
/home/manvith/Desktop/Projects/Tulu Dataset/Tulu-Dtatset-V2/pa/pa_15.png,Tulu-Dtatset-V2,pa,train,d4ced499d56c3af51ab46d244cdc2cce03761da5c56388a09819a315b72577f8,364.0,357.0,RGBA,pa_15.png,.png
/home/manvith/Desktop/Projects/Tulu Dataset/Tulu-Dtatset-V2/pa/pa_25.png,Tulu-Dtatset-V2,pa,train,803a9cb8d5f95449081e4f9ee40fde822ab00c387733645254cca7648e08f999,361.0,354.0,RGBA,pa_25.png,.png
/home/manvith/Desktop/Projects/Tulu Dataset/Tulu-Dtatset-V2/pa/pa_12.png,Tulu-Dtatset-V2,pa,train,50d0e3f0e3ac4dcd6f1f7f0db83c1880e6de15d6e0fbbbba0851481117471670,361.0,339.0,RGBA,pa_12.png,.png
/home/manvith/Desktop/Projects/Tulu Dataset/Tulu-Dtatset-V2/pa/pa_67.png,Tulu-Dtatset-V2,pa,train,d55195b0d2303a46cfcca6caede1e3bc0793a78d4612b8d07b8beaaf317cdb18,359.0,347.0,RGBA,pa_67.png,.png
/home/manvith/Desktop/Projects/Tulu Dataset/Tulu-Dtatset-V2/pa/pa_79.png,Tulu-Dtatset-V2,pa,train,39b72f1903058826bb851584eab7c39a61d6b45ad83b07999bae29690a64eee5,366.0,347.0,RGBA,pa_79.png,.png
/home/manvith/Desktop/Projects/Tulu Dataset/Tulu-Dtatset-V2/pa/pa_20.png,Tulu-Dtatset-V2,pa,train,4ea053f492e73be08287d34b7937c48c14c1f5e3809a575d58e3a5f713130fa1,361.0,354.0,RGBA,pa_20.png,.png
/home/manvith/Desktop/Projects/Tulu Dataset/Tulu-Dtatset-V2/pa/pa_60.png,Tulu-Dtatset-V2,pa,train,6f3d713c43ddd62828866fbf0a8e193f23b4022002284f254c20df9fafe74be2,359.0,347.0,RGBA,pa_60.png,.png
/home/manvith/Desktop/Projects/Tulu Dataset/Tulu-Dtatset-V2/pa/pa_83.png,Tulu-Dtatset-V2,pa,train,f29d31fcfb69ca2c6913b065dbe8ed29a312f00c5c037c8faeae1c7868d6d194,366.0,347.0,RGBA,pa_83.png,.png
/home/manvith/Desktop/Projects/Tulu Dataset/Tulu-Dtatset-V2/pa/pa_64.png,Tulu-Dtatset-V2,pa,train,02e7d4a7bc641d3140fcd6e73182bcc2a998e73b249c0e1158f3451710a74a51,359.0,347.0,RGBA,pa_64.png,.png
/home/manvith/Desktop/Projects/Tulu Dataset/Tulu-Dtatset-V2/pa/pa_6.png,Tulu-Dtatset-V2,pa,train,f4d38ae35210809c00d4d945a1cee43586b6a08e41762e51b61b0c4e24816515,359.0,347.0,RGBA,pa_6.png,.png
/home/manvith/Desktop/Projects/Tulu Dataset/Tulu-Dtatset-V2/pa/pa_21.png,Tulu-Dtatset-V2,pa,train,a3cadc9c516168e8f76953ef5e7d32d4f3b1a9bfd41359b3df5a0920748dee42,361.0,354.0,RGBA,pa_21.png,.png
/home/manvith/Desktop/Projects/Tulu Dataset/Tulu-Dtatset-V2/pa/pa_99.png,Tulu-Dtatset-V2,pa,train,e0877f378e0a0e7cff8009b6a7978d1da3d0c96e1ce8f6a8d8473f184778e70b,366.0,347.0,RGBA,pa_99.png,.png
/home/manvith/Desktop/Projects/Tulu Dataset/Tulu-Dtatset-V2/pa/pa_31.png,Tulu-Dtatset-V2,pa,train,20e4b58fa5adc94b56a7ffc5c186ca7dec6271f1a1507d15ec29b6bf0f5256f9,361.0,354.0,RGBA,pa_31.png,.png
/home/manvith/Desktop/Projects/Tulu Dataset/Tulu-Dtatset-V2/pa/pa_11.png,Tulu-Dtatset-V2,pa,train,a98319049632b3641838f63ad65c0b6f4777291414715fd683b2967c1e23fc80,366.0,348.0,RGBA,pa_11.png,.png
/home/manvith/Desktop/Projects/Tulu Dataset/Tulu-Dtatset-V2/pa/pa_87.png,Tulu-Dtatset-V2,pa,train,a3d73a1efbf606053e66d429f93034a78bc3b58d0ea6fb629fb7c26474be4809,366.0,347.0,RGBA,pa_87.png,.png
/home/manvith/Desktop/Projects/Tulu Dataset/Tulu-Dtatset-V2/pa/pa_94.png,Tulu-Dtatset-V2,pa,train,ed77439f7c2b9c3a5fa88d29d195f7e81eced01de449afe4414a1ea8ff839f77,366.0,347.0,RGBA,pa_94.png,.png
/home/manvith/Desktop/Projects/Tulu Dataset/Tulu-Dtatset-V2/pa/pa_47.png,Tulu-Dtatset-V2,pa,train,713765d6b19220fe4c48f1f118dbfedb305406bbe855045ed5a0281e6059457e,361.0,354.0,RGBA,pa_47.png,.png
/home/manvith/Desktop/Projects/Tulu Dataset/Tulu-Dtatset-V2/pa/pa_50.png,Tulu-Dtatset-V2,pa,train,9d5bbbc4e8fe2a7ce5c25ba99781b113f51c9c927722f009045552b3514744b0,361.0,354.0,RGBA,pa_50.png,.png
/home/manvith/Desktop/Projects/Tulu Dataset/Tulu-Dtatset-V2/pa/pa_52.png,Tulu-Dtatset-V2,pa,train,ab010d0ec0e7ae15502251576f5abc4fa2ab9349d4276ddf73b5898e0de89d57,359.0,347.0,RGBA,pa_52.png,.png
/home/manvith/Desktop/Projects/Tulu Dataset/Tulu-Dtatset-V2/pa/pa_73.png,Tulu-Dtatset-V2,pa,train,474bd8c438cc8b402c605eecd905f655081af5af02c8426916ef9e062e716612,366.0,347.0,RGBA,pa_73.png,.png
/home/manvith/Desktop/Projects/Tulu Dataset/Tulu-Dtatset-V2/pa/pa_3.png,Tulu-Dtatset-V2,pa,train,0c9bdbc293262e06f48fe377db2023d6d913d5b35b48770ddf43ad279bd928c1,362.0,349.0,RGBA,pa_3.png,.png
/home/manvith/Desktop/Projects/Tulu Dataset/Tulu-Dtatset-V2/pa/pa_56.png,Tulu-Dtatset-V2,pa,train,55ed6c8b31e5bfbbd9f8d4c499be2d5ede495370489945173dec92543fccf18e,359.0,347.0,RGBA,pa_56.png,.png
/home/manvith/Desktop/Projects/Tulu Dataset/Tulu-Dtatset-V2/pa/pa_7.png,Tulu-Dtatset-V2,pa,train,abd283de89ddb6bd687c310bf560972bce97ce7916a50a631949ffc71834b415,363.0,356.0,RGBA,pa_7.png,.png
/home/manvith/Desktop/Projects/Tulu Dataset/Tulu-Dtatset-V2/pa/pa_24.png,Tulu-Dtatset-V2,pa,train,425920c9899da53ff253b7bb6c9df18d718f127647911298f9f96a0c862650b1,361.0,354.0,RGBA,pa_24.png,.png
/home/manvith/Desktop/Projects/Tulu Dataset/Tulu-Dtatset-V2/pa/pa_63.png,Tulu-Dtatset-V2,pa,train,b8f01e57ff354553e6092c8cd6dc359eb699d7ae01b7c6cf15ea81998afb4ff5,359.0,347.0,RGBA,pa_63.png,.png
/home/manvith/Desktop/Projects/Tulu Dataset/Tulu-Dtatset-V2/pa/pa_26.png,Tulu-Dtatset-V2,pa,train,783f7c035c8d959a9d351731cc0fd2153834b4ed49d7aaa26f75702a46c92754,361.0,354.0,RGBA,pa_26.png,.png
/home/manvith/Desktop/Projects/Tulu Dataset/Tulu-Dtatset-V2/pa/pa_77.png,Tulu-Dtatset-V2,pa,train,7369bfea7fcbd770c1d865a4896eae4bbe8243da198abd41939ff7cc3d8de300,366.0,347.0,RGBA,pa_77.png,.png
/home/manvith/Desktop/Projects/Tulu Dataset/Tulu-Dtatset-V2/pa/pa_84.png,Tulu-Dtatset-V2,pa,train,97d9213eb03129845b83595f13266227179abffd53fb7c12905d62625009df74,366.0,347.0,RGBA,pa_84.png,.png
/home/manvith/Desktop/Projects/Tulu Dataset/Tulu-Dtatset-V2/pa/pa_49.png,Tulu-Dtatset-V2,pa,train,aa8bb5ec48298018c13a629318edfc0513534b17dfdc7dbe0d1c6016f70ac313,361.0,354.0,RGBA,pa_49.png,.png
/home/manvith/Desktop/Projects/Tulu Dataset/Tulu-Dtatset-V2/pa/pa_69.png,Tulu-Dtatset-V2,pa,train,a6b9a53e602583c9d150b228c9866361536e459e3b2d983479348ad7bb10b8e9,359.0,347.0,RGBA,pa_69.png,.png
/home/manvith/Desktop/Projects/Tulu Dataset/Tulu-Dtatset-V2/pa/pa_8.png,Tulu-Dtatset-V2,pa,train,16216b8dd9291171f670f9ee713b590c03e9c38c976a9f474009d00001614cc3,361.0,354.0,RGBA,pa_8.png,.png
/home/manvith/Desktop/Projects/Tulu Dataset/Tulu-Dtatset-V2/pa/pa_9.png,Tulu-Dtatset-V2,pa,train,a1db92483b913af52f1ce418dc13f8e88f059f1d1f6dce46ed4dead0f2eb7494,364.0,349.0,RGBA,pa_9.png,.png
/home/manvith/Desktop/Projects/Tulu Dataset/Tulu-Dtatset-V2/pa/pa_35.png,Tulu-Dtatset-V2,pa,train,056292795e0225bfb278073782677575d249fc2a044bc83001cfd642463930eb,361.0,354.0,RGBA,pa_35.png,.png
/home/manvith/Desktop/Projects/Tulu Dataset/Tulu-Dtatset-V2/pa/pa_34.png,Tulu-Dtatset-V2,pa,train,6d16d4f6db49cfe623281abb9514fdac5f3e799cc56e8f4cf7e7fe248b0bdbb3,361.0,354.0,RGBA,pa_34.png,.png
/home/manvith/Desktop/Projects/Tulu Dataset/Tulu-Dtatset-V2/pa/pa_18.png,Tulu-Dtatset-V2,pa,train,2f149d9ee8123d7b5695d8f1fe610f106ef99ecf3771b7fcbc8319e2604efa5e,361.0,354.0,RGBA,pa_18.png,.png
/home/manvith/Desktop/Projects/Tulu Dataset/Tulu-Dtatset-V2/pa/pa_80.png,Tulu-Dtatset-V2,pa,train,d19054c5056d67287c21ae5b38f4f7b8fd83c11ccef157b2c9c31bc4a7b698a2,366.0,347.0,RGBA,pa_80.png,.png
/home/manvith/Desktop/Projects/Tulu Dataset/Tulu-Dtatset-V2/pa/pa_62.png,Tulu-Dtatset-V2,pa,train,17e8653434d5bbdbbd4880df64258853168094b566bffa8d8e0779e3b1d9c779,359.0,347.0,RGBA,pa_62.png,.png
/home/manvith/Desktop/Projects/Tulu Dataset/Tulu-Dtatset-V2/pa/pa_22.png,Tulu-Dtatset-V2,pa,train,c2d654f2512d1b31ff0676e1646699a631e4b86beb70389330ebd3fb53c659be,361.0,354.0,RGBA,pa_22.png,.png
/home/manvith/Desktop/Projects/Tulu Dataset/Tulu-Dtatset-V2/pa/pa_100.png,Tulu-Dtatset-V2,pa,train,3455d22279623e5cdbfd7dd469c8fa8357b323164e1b6d06d3bf89fe8db5b22f,366.0,347.0,RGBA,pa_100.png,.png
/home/manvith/Desktop/Projects/Tulu Dataset/Tulu-Dtatset-V2/pa/pa_88.png,Tulu-Dtatset-V2,pa,train,b3fe7118fb7fc895f218e8c39981f09ee6d3e2edeb2b6e799cc63d5778bea732,366.0,347.0,RGBA,pa_88.png,.png
/home/manvith/Desktop/Projects/Tulu Dataset/Tulu-Dtatset-V2/pa/pa_2.png,Tulu-Dtatset-V2,pa,train,810563d089570e9bc97e909dd7fcedaaedc3575304611807f4b913581dc636ec,367.0,355.0,RGBA,pa_2.png,.png
/home/manvith/Desktop/Projects/Tulu Dataset/Tulu-Dtatset-V2/pa/pa_13.png,Tulu-Dtatset-V2,pa,train,61b8aab83442f8b35e91aa02b1dd9d68e154f7eb0b53f896158e18cbbdc7fdd4,360.0,346.0,RGBA,pa_13.png,.png
/home/manvith/Desktop/Projects/Tulu Dataset/Tulu-Dtatset-V2/pa/pa_14.png,Tulu-Dtatset-V2,pa,train,2bf2842fd3a680aa763e4b4cb50448f190f4b0cf1463d4a40d6e445d1b5b212a,359.0,349.0,RGBA,pa_14.png,.png
/home/manvith/Desktop/Projects/Tulu Dataset/Tulu-Dtatset-V2/pa/pa_75.png,Tulu-Dtatset-V2,pa,train,dd94d5de0f075164aa1bba618e24ad9c4c202e6d95084ba84ce4d3d96ed06382,366.0,347.0,RGBA,pa_75.png,.png
/home/manvith/Desktop/Projects/Tulu Dataset/Tulu-Dtatset-V2/pa/pa_92.png,Tulu-Dtatset-V2,pa,train,a557039e3b519891865d9ac7f5dad3f862d3b05c2729d3c9932d1811c5c02452,366.0,347.0,RGBA,pa_92.png,.png
/home/manvith/Desktop/Projects/Tulu Dataset/Tulu-Dtatset-V2/pa/pa_23.png,Tulu-Dtatset-V2,pa,train,fb66421d437d21260649330add4d2bd9c2d193c632f3bd32002c1ea29d8dd0b8,361.0,354.0,RGBA,pa_23.png,.png
/home/manvith/Desktop/Projects/Tulu Dataset/Tulu-Dtatset-V2/pa/pa_72.png,Tulu-Dtatset-V2,pa,train,82baaaa31bdfea35b90a17db7677c5bebc1fba397395dd63e42a3b111ff7c0ca,366.0,347.0,RGBA,pa_72.png,.png
/home/manvith/Desktop/Projects/Tulu Dataset/Tulu-Dtatset-V2/pa/pa_48.png,Tulu-Dtatset-V2,pa,train,6b6476efe27562b17880344b239b5a05b0e5e687d81c47ace7e1e440fe178cda,361.0,354.0,RGBA,pa_48.png,.png
/home/manvith/Desktop/Projects/Tulu Dataset/Tulu-Dtatset-V2/pa/pa_41.png,Tulu-Dtatset-V2,pa,train,2b0956813ff6f914d601081db1cae45cf9f7df26cc44bd240e6a905e088e2f1b,361.0,354.0,RGBA,pa_41.png,.png
/home/manvith/Desktop/Projects/Tulu Dataset/Tulu-Dtatset-V2/pa/pa_91.png,Tulu-Dtatset-V2,pa,train,9f45abc438a1994ec17e099d10429b4c797242d28dd63b0989740cc54325cdb9,366.0,347.0,RGBA,pa_91.png,.png
/home/manvith/Desktop/Projects/Tulu Dataset/Tulu-Dtatset-V2/pa/pa_4.png,Tulu-Dtatset-V2,pa,train,565bb459f97ae7aec2216d5ea3e6be7fb264af6b5e252353f17a7d1b6b3e140f,362.0,348.0,RGBA,pa_4.png,.png
/home/manvith/Desktop/Projects/Tulu Dataset/Tulu-Dtatset-V2/pa/pa_66.png,Tulu-Dtatset-V2,pa,train,fbd36b8e61b51dc2baa6c16320934f4e73b494cd9e4da6a1dabc20543a2d3dba,359.0,347.0,RGBA,pa_66.png,.png
/home/manvith/Desktop/Projects/Tulu Dataset/Tulu-Dtatset-V2/pa/pa_81.png,Tulu-Dtatset-V2,pa,train,8af068b3113b3e885ca3705cef5afa18265717df21abcba11b9e24cb530adc6e,366.0,347.0,RGBA,pa_81.png,.png
/home/manvith/Desktop/Projects/Tulu Dataset/Tulu-Dtatset-V2/pa/pa_58.png,Tulu-Dtatset-V2,pa,train,89f60d46696b77840d92e7f631ff0c8852ebfeb9d6dbe8d2f69d205c572a0477,359.0,347.0,RGBA,pa_58.png,.png
/home/manvith/Desktop/Projects/Tulu Dataset/Tulu-Dtatset-V2/pha/pha_58.png,Tulu-Dtatset-V2,pha,train,294cac07e7a27327089eb76b650a5e494e96bd77108483fd3ba3cd98c4e7d6da,365.0,344.0,RGBA,pha_58.png,.png
/home/manvith/Desktop/Projects/Tulu Dataset/Tulu-Dtatset-V2/pha/pha_66.png,Tulu-Dtatset-V2,pha,train,7d565fe07da441885da4c86fbfcc4fa4ce2fe0370a1c86dca4e48ebe15c705b8,365.0,344.0,RGBA,pha_66.png,.png
/home/manvith/Desktop/Projects/Tulu Dataset/Tulu-Dtatset-V2/pha/pha_65.png,Tulu-Dtatset-V2,pha,train,2758d91915dbaaae38f15eb5f724cfada58f0f3acf6413d4f43f17b88b2b077d,365.0,344.0,RGBA,pha_65.png,.png
/home/manvith/Desktop/Projects/Tulu Dataset/Tulu-Dtatset-V2/pha/pha_48.png,Tulu-Dtatset-V2,pha,train,18bab869d55e09b90bc94c944e3d8dffaefbab4ea0dab3438e645c5b188b28d4,365.0,350.0,RGBA,pha_48.png,.png
/home/manvith/Desktop/Projects/Tulu Dataset/Tulu-Dtatset-V2/pha/pha_39.png,Tulu-Dtatset-V2,pha,train,be04535463bbb59841697284f6c7e502cfe7789dcb8b2dd7111e21c2dcbaf571,365.0,350.0,RGBA,pha_39.png,.png
/home/manvith/Desktop/Projects/Tulu Dataset/Tulu-Dtatset-V2/pha/pha_89.png,Tulu-Dtatset-V2,pha,train,1fc209fb2c3124b4308b7eef45f6541da38e596065783b5edfe2317850b493b9,367.0,347.0,RGBA,pha_89.png,.png
/home/manvith/Desktop/Projects/Tulu Dataset/Tulu-Dtatset-V2/pha/pha_73.png,Tulu-Dtatset-V2,pha,train,96456d50dd183ce1756c7598e5a9539e9c302cd18e3ec416276e292a010205ad,367.0,347.0,RGBA,pha_73.png,.png
/home/manvith/Desktop/Projects/Tulu Dataset/Tulu-Dtatset-V2/pha/pha_14.png,Tulu-Dtatset-V2,pha,train,193216925fcf29b0663076edf8f17f22f365026106a46bd453d5d5b599085533,352.0,346.0,RGBA,pha_14.png,.png
/home/manvith/Desktop/Projects/Tulu Dataset/Tulu-Dtatset-V2/pha/pha_43.png,Tulu-Dtatset-V2,pha,train,a777cdfe178feff32c62ebd78b810fae20125c036e98cf1edfdc8e183a915b7c,365.0,350.0,RGBA,pha_43.png,.png
/home/manvith/Desktop/Projects/Tulu Dataset/Tulu-Dtatset-V2/pha/pha_76.png,Tulu-Dtatset-V2,pha,train,3052f78460d511967455bbc1d544e0f5fe97674ffc280dc91d510c96c4536e5f,367.0,347.0,RGBA,pha_76.png,.png
/home/manvith/Desktop/Projects/Tulu Dataset/Tulu-Dtatset-V2/pha/pha_64.png,Tulu-Dtatset-V2,pha,train,55bab4e3efd5235a0062322c8b8f5eb93c9062411661c3c5ba11d46c85839cb5,365.0,344.0,RGBA,pha_64.png,.png
/home/manvith/Desktop/Projects/Tulu Dataset/Tulu-Dtatset-V2/pha/pha_88.png,Tulu-Dtatset-V2,pha,train,ba5d5883a85a3432292172ab560f35778c9c0cc50238278243c1d054d22290b1,367.0,347.0,RGBA,pha_88.png,.png
/home/manvith/Desktop/Projects/Tulu Dataset/Tulu-Dtatset-V2/pha/pha_22.png,Tulu-Dtatset-V2,pha,train,42f76ceecb235d144c5600b7fc83f78911fc00a8f3b3601068647ff4e22e08ed,365.0,350.0,RGBA,pha_22.png,.png
/home/manvith/Desktop/Projects/Tulu Dataset/Tulu-Dtatset-V2/pha/pha_93.png,Tulu-Dtatset-V2,pha,train,a5d711d84c0582a137a38a098500e7096ff682cbf661b10c83d5570c28b91562,367.0,347.0,RGBA,pha_93.png,.png
/home/manvith/Desktop/Projects/Tulu Dataset/Tulu-Dtatset-V2/pha/pha_35.png,Tulu-Dtatset-V2,pha,train,d910ca67bae0040cd8f6293faff27c8e2f213aa96fc5fc57ca6efaf25f5aafa9,365.0,350.0,RGBA,pha_35.png,.png
/home/manvith/Desktop/Projects/Tulu Dataset/Tulu-Dtatset-V2/pha/pha_49.png,Tulu-Dtatset-V2,pha,train,713105bdb57c042d28b235b7db2dc33a37e6e7251aa0be4fabcdb1762c3ee6c2,365.0,350.0,RGBA,pha_49.png,.png
/home/manvith/Desktop/Projects/Tulu Dataset/Tulu-Dtatset-V2/pha/pha_52.png,Tulu-Dtatset-V2,pha,train,f1cd837b043c40bd46b7a942d07337bb9d48085f36f0336dd6ae0fd123a9c563,365.0,344.0,RGBA,pha_52.png,.png
/home/manvith/Desktop/Projects/Tulu Dataset/Tulu-Dtatset-V2/pha/pha_100.png,Tulu-Dtatset-V2,pha,train,babaeedabe2cf28398ee2577618ccaf994781b110f2a37330f02d76ee0082102,367.0,347.0,RGBA,pha_100.png,.png
/home/manvith/Desktop/Projects/Tulu Dataset/Tulu-Dtatset-V2/pha/pha_62.png,Tulu-Dtatset-V2,pha,train,6c0aedd70c19d15fe6372569341f4a0fd1279128f9aca14e66636e37b00913e0,365.0,344.0,RGBA,pha_62.png,.png
/home/manvith/Desktop/Projects/Tulu Dataset/Tulu-Dtatset-V2/pha/pha_45.png,Tulu-Dtatset-V2,pha,train,eb60ff17f1a842f2316cef528caf28024b6fb93f8aae26e8f1ea44ef7d67d76b,365.0,350.0,RGBA,pha_45.png,.png
/home/manvith/Desktop/Projects/Tulu Dataset/Tulu-Dtatset-V2/pha/pha_21.png,Tulu-Dtatset-V2,pha,train,8fc1a98d316154c36a83d6e464f105e2c032491c3333fa7a8c3a3f4e0bbe7130,365.0,350.0,RGBA,pha_21.png,.png
/home/manvith/Desktop/Projects/Tulu Dataset/Tulu-Dtatset-V2/pha/pha_94.png,Tulu-Dtatset-V2,pha,train,9f1fde0cf0dabbfe3280a29319859d76b9652c6ae3497fb37591d1c27b748dca,367.0,347.0,RGBA,pha_94.png,.png
/home/manvith/Desktop/Projects/Tulu Dataset/Tulu-Dtatset-V2/pha/pha_3.png,Tulu-Dtatset-V2,pha,train,aa2fe03f260b223175b46bb4e384ab0950fa9d637f65bce742c5435bd30e921d,356.0,350.0,RGBA,pha_3.png,.png
/home/manvith/Desktop/Projects/Tulu Dataset/Tulu-Dtatset-V2/pha/pha_79.png,Tulu-Dtatset-V2,pha,train,9ed25118183eb575cd13871f8c6299055c79913e8dadedf6c1b3aded7f58ac69,367.0,347.0,RGBA,pha_79.png,.png
/home/manvith/Desktop/Projects/Tulu Dataset/Tulu-Dtatset-V2/pha/pha_18.png,Tulu-Dtatset-V2,pha,train,7925b87c8a5e0c6035400dab4b8dffed54066f4dcf8bc07b484b9c4a7d97c763,365.0,350.0,RGBA,pha_18.png,.png
/home/manvith/Desktop/Projects/Tulu Dataset/Tulu-Dtatset-V2/pha/pha_56.png,Tulu-Dtatset-V2,pha,train,151445d91b3b3fd6bbc167b16d7d297031e43ab96791f53f7e5f53dcb574dd65,365.0,344.0,RGBA,pha_56.png,.png
/home/manvith/Desktop/Projects/Tulu Dataset/Tulu-Dtatset-V2/pha/pha_83.png,Tulu-Dtatset-V2,pha,train,e7070cb23edfd2ab939f7b39334bd91b707b5e5e61966bda71095fd6c284f1c5,367.0,347.0,RGBA,pha_83.png,.png
/home/manvith/Desktop/Projects/Tulu Dataset/Tulu-Dtatset-V2/pha/pha_32.png,Tulu-Dtatset-V2,pha,train,7588d748a053530a449b579a37f86191416dfec9395399bc29dee1d28095ff76,365.0,350.0,RGBA,pha_32.png,.png
/home/manvith/Desktop/Projects/Tulu Dataset/Tulu-Dtatset-V2/pha/pha_36.png,Tulu-Dtatset-V2,pha,train,77355e0005d9ed65e13c51a9e6bb793e17d8441351f8e5ff8802ce5b60b1ccbd,365.0,350.0,RGBA,pha_36.png,.png
/home/manvith/Desktop/Projects/Tulu Dataset/Tulu-Dtatset-V2/pha/pha_8.png,Tulu-Dtatset-V2,pha,train,2994fc3ccce4f99b04a3e07207e34119cf1f59cf7929c602607a0c0c635720fe,357.0,355.0,RGBA,pha_8.png,.png
/home/manvith/Desktop/Projects/Tulu Dataset/Tulu-Dtatset-V2/pha/pha_15.png,Tulu-Dtatset-V2,pha,train,888ec639a5de62a48708a49724a60bc8edf2c76439b2f62b0469afce5f1b072a,359.0,357.0,RGBA,pha_15.png,.png
/home/manvith/Desktop/Projects/Tulu Dataset/Tulu-Dtatset-V2/pha/pha_24.png,Tulu-Dtatset-V2,pha,train,edaff369c22b8efcb5274ce1890d17fbb229abbc6d8b8d95482841474478be61,365.0,350.0,RGBA,pha_24.png,.png
/home/manvith/Desktop/Projects/Tulu Dataset/Tulu-Dtatset-V2/pha/pha_51.png,Tulu-Dtatset-V2,pha,train,ed553a96fb3403035a969ef529526dc5a317285a42f60939673db1d00816c1e6,365.0,344.0,RGBA,pha_51.png,.png
/home/manvith/Desktop/Projects/Tulu Dataset/Tulu-Dtatset-V2/pha/pha_74.png,Tulu-Dtatset-V2,pha,train,b532a73f4f5a7bb2c93889cc41288c5352adea3840b2e13d20023f01f52a5db8,367.0,347.0,RGBA,pha_74.png,.png
/home/manvith/Desktop/Projects/Tulu Dataset/Tulu-Dtatset-V2/pha/pha_96.png,Tulu-Dtatset-V2,pha,train,f3d45e3b1149737aea1993bb76ba7f0002204ab27c1b4f7afbc28e96732fac0f,367.0,347.0,RGBA,pha_96.png,.png
/home/manvith/Desktop/Projects/Tulu Dataset/Tulu-Dtatset-V2/pha/pha_53.png,Tulu-Dtatset-V2,pha,train,9802ce258998e98f78303c691887c71572dcfa77c4ec445f3cac42c1a9275a48,365.0,344.0,RGBA,pha_53.png,.png
/home/manvith/Desktop/Projects/Tulu Dataset/Tulu-Dtatset-V2/pha/pha_37.png,Tulu-Dtatset-V2,pha,train,7fba4d7d3d6fdb622e68d6b6ba1111d8c83cac5e97763beae01f27c2c3ea1cd9,365.0,350.0,RGBA,pha_37.png,.png
/home/manvith/Desktop/Projects/Tulu Dataset/Tulu-Dtatset-V2/pha/pha_84.png,Tulu-Dtatset-V2,pha,train,05b94a701f64404a140342ba303437c414e4fc006b848325b62aab6e92cc80f2,367.0,347.0,RGBA,pha_84.png,.png
/home/manvith/Desktop/Projects/Tulu Dataset/Tulu-Dtatset-V2/pha/pha_40.png,Tulu-Dtatset-V2,pha,train,50e3a2c4a5f4bbfd811fe3abdddcc1bca6aebd7e8d5e16a296ac7ca12d793c69,365.0,350.0,RGBA,pha_40.png,.png
/home/manvith/Desktop/Projects/Tulu Dataset/Tulu-Dtatset-V2/pha/pha_50.png,Tulu-Dtatset-V2,pha,train,f396e94189836f26e9e80e6ee6993c00b2e62ea347fccad5f482c9c907a9e2b1,365.0,350.0,RGBA,pha_50.png,.png
/home/manvith/Desktop/Projects/Tulu Dataset/Tulu-Dtatset-V2/pha/pha_69.png,Tulu-Dtatset-V2,pha,train,bc5a78ac1a0215f4c5fa6c807456e29fae5b94079009959f8bdddc0f61a51ee8,365.0,344.0,RGBA,pha_69.png,.png
/home/manvith/Desktop/Projects/Tulu Dataset/Tulu-Dtatset-V2/pha/pha_71.png,Tulu-Dtatset-V2,pha,train,dfe610749531e0f351438a82cb1b94fbd7efefe5cb2a467bdd5070915ee769a3,367.0,347.0,RGBA,pha_71.png,.png
/home/manvith/Desktop/Projects/Tulu Dataset/Tulu-Dtatset-V2/pha/pha_87.png,Tulu-Dtatset-V2,pha,train,794f423fb43b0d2532de4ef3588aacf78314ba18382f87c88a925bf11dfe281d,367.0,347.0,RGBA,pha_87.png,.png
/home/manvith/Desktop/Projects/Tulu Dataset/Tulu-Dtatset-V2/pha/pha_99.png,Tulu-Dtatset-V2,pha,train,60cf89c89677550c5bcb99310b8a74020c9f28b0c042097784e368e147eb8d52,367.0,347.0,RGBA,pha_99.png,.png
/home/manvith/Desktop/Projects/Tulu Dataset/Tulu-Dtatset-V2/pha/pha_28.png,Tulu-Dtatset-V2,pha,train,8d66011a6ffbc6783fc86cb7bd2d7b49f187559ed06d45c05dc0ba6a51f51f3a,365.0,350.0,RGBA,pha_28.png,.png
/home/manvith/Desktop/Projects/Tulu Dataset/Tulu-Dtatset-V2/pha/pha_30.png,Tulu-Dtatset-V2,pha,train,185441d965afb58223aba1d5d1dd57354de0453596f0152b8b70bf94fd3d97e2,365.0,350.0,RGBA,pha_30.png,.png
/home/manvith/Desktop/Projects/Tulu Dataset/Tulu-Dtatset-V2/pha/pha_1.png,Tulu-Dtatset-V2,pha,train,520e10c0c95a1ad3d3be4123b1a4b4e871705f7d3129ef7c73b25d6d7b41f025,361.0,352.0,RGBA,pha_1.png,.png
/home/manvith/Desktop/Projects/Tulu Dataset/Tulu-Dtatset-V2/pha/pha_4.png,Tulu-Dtatset-V2,pha,train,e5b12ca3c3a59bc73b8cae66346599740d0b93e6bf2b0e134a10d6ee93e8a684,363.0,350.0,RGBA,pha_4.png,.png
/home/manvith/Desktop/Projects/Tulu Dataset/Tulu-Dtatset-V2/pha/pha_13.png,Tulu-Dtatset-V2,pha,train,636e6b6e5fcc6a51bbf8b76b6d4eb33f1e766b4f1e9706aa52bc38f39ada773e,364.0,347.0,RGBA,pha_13.png,.png
/home/manvith/Desktop/Projects/Tulu Dataset/Tulu-Dtatset-V2/pha/pha_7.png,Tulu-Dtatset-V2,pha,train,935253878ef1587bd19ca201cf60a5298169fbe497de9cb479a7afb2da1f4fa8,357.0,356.0,RGBA,pha_7.png,.png
/home/manvith/Desktop/Projects/Tulu Dataset/Tulu-Dtatset-V2/pha/pha_77.png,Tulu-Dtatset-V2,pha,train,bd4b8a90e43438fecf6559db54de587411d1e0cedf56771fc733c9c163ae9c2a,367.0,347.0,RGBA,pha_77.png,.png
/home/manvith/Desktop/Projects/Tulu Dataset/Tulu-Dtatset-V2/pha/pha_6.png,Tulu-Dtatset-V2,pha,train,f60de36b42075999bff80e12f57776dc5609b909b695ed102346a9140a8f8495,365.0,344.0,RGBA,pha_6.png,.png
/home/manvith/Desktop/Projects/Tulu Dataset/Tulu-Dtatset-V2/pha/pha_86.png,Tulu-Dtatset-V2,pha,train,c5af0a386089c0d386a536a922f148607f14205cadfd195f32ddb9706c4dffa7,367.0,347.0,RGBA,pha_86.png,.png
/home/manvith/Desktop/Projects/Tulu Dataset/Tulu-Dtatset-V2/pha/pha_16.png,Tulu-Dtatset-V2,pha,train,3c0e31c427be3dbe26090a6889d9d7d3a7d64a5ec70af2546e46f15c8ecf62ad,365.0,350.0,RGBA,pha_16.png,.png
/home/manvith/Desktop/Projects/Tulu Dataset/Tulu-Dtatset-V2/pha/pha_68.png,Tulu-Dtatset-V2,pha,train,c9cf9275a86633074b5d4c21cba45957f967eeff7f4546d84444e0605ca05652,365.0,344.0,RGBA,pha_68.png,.png
/home/manvith/Desktop/Projects/Tulu Dataset/Tulu-Dtatset-V2/pha/pha_72.png,Tulu-Dtatset-V2,pha,train,8fbafec2f6a9148a403b0b784c5df585359fdc4cb6a2d17fd2e5ea510679bfd3,367.0,347.0,RGBA,pha_72.png,.png
/home/manvith/Desktop/Projects/Tulu Dataset/Tulu-Dtatset-V2/pha/pha_81.png,Tulu-Dtatset-V2,pha,train,8f19b9ee346dd819a651fa9196acfdda8d12a35c40291733598cd0071933db9a,367.0,347.0,RGBA,pha_81.png,.png
/home/manvith/Desktop/Projects/Tulu Dataset/Tulu-Dtatset-V2/pha/pha_63.png,Tulu-Dtatset-V2,pha,train,873af30ff153ab966fbd0466a11a43521f8100f50711ee7a7b640bdce470d64e,365.0,344.0,RGBA,pha_63.png,.png
/home/manvith/Desktop/Projects/Tulu Dataset/Tulu-Dtatset-V2/pha/pha_61.png,Tulu-Dtatset-V2,pha,train,d1c887935eacf37d9cb8e46f7e272597e48e8572b995cbb8420ac8bc4a7db84a,365.0,344.0,RGBA,pha_61.png,.png
/home/manvith/Desktop/Projects/Tulu Dataset/Tulu-Dtatset-V2/pha/pha_67.png,Tulu-Dtatset-V2,pha,train,bbad764cbfd4171f9e42e6ad7a3a2fc586537dc053260913c1dc8db97b269b73,365.0,344.0,RGBA,pha_67.png,.png
/home/manvith/Desktop/Projects/Tulu Dataset/Tulu-Dtatset-V2/pha/pha_98.png,Tulu-Dtatset-V2,pha,train,d9ad229a99230b31b91e3d75c64463f4864563abce52a2b73495aac3a664fef9,367.0,347.0,RGBA,pha_98.png,.png
/home/manvith/Desktop/Projects/Tulu Dataset/Tulu-Dtatset-V2/pha/pha_47.png,Tulu-Dtatset-V2,pha,train,0b682b5bc1c445d9bd5878841a86362a5480bc443a178414ff52350569e2fc86,365.0,350.0,RGBA,pha_47.png,.png
/home/manvith/Desktop/Projects/Tulu Dataset/Tulu-Dtatset-V2/pha/pha_26.png,Tulu-Dtatset-V2,pha,train,4ef27ea16a31634ff11ea9689f5bf55a811105c96bdef32d6b7ca107d08d6e3f,365.0,350.0,RGBA,pha_26.png,.png
/home/manvith/Desktop/Projects/Tulu Dataset/Tulu-Dtatset-V2/pha/pha_55.png,Tulu-Dtatset-V2,pha,train,c1708da1cd012de7c9139c021ca5c9cd11d53e858e4934a3510adcb30fef4d1a,365.0,344.0,RGBA,pha_55.png,.png
/home/manvith/Desktop/Projects/Tulu Dataset/Tulu-Dtatset-V2/pha/pha_31.png,Tulu-Dtatset-V2,pha,train,d2f423788483642f6f913d8e00bd8f117688302623f0f4b6ae34e6b192b0fa45,365.0,350.0,RGBA,pha_31.png,.png
/home/manvith/Desktop/Projects/Tulu Dataset/Tulu-Dtatset-V2/pha/pha_33.png,Tulu-Dtatset-V2,pha,train,a7b5bfb159c377c2c754f37d4ee8265c1f307841722223e6277e8d30a5337844,365.0,350.0,RGBA,pha_33.png,.png
/home/manvith/Desktop/Projects/Tulu Dataset/Tulu-Dtatset-V2/pha/pha_44.png,Tulu-Dtatset-V2,pha,train,f4c30194f0cc974400f0e3440cf0c2c2c0f80f306d1b66b328cdc7c93e958167,365.0,350.0,RGBA,pha_44.png,.png
/home/manvith/Desktop/Projects/Tulu Dataset/Tulu-Dtatset-V2/pha/pha_12.png,Tulu-Dtatset-V2,pha,train,b7dbebd61f57293374e8cd5e707cc286d2494580c33baf65b2e4b6a4233cdddc,358.0,340.0,RGBA,pha_12.png,.png
/home/manvith/Desktop/Projects/Tulu Dataset/Tulu-Dtatset-V2/pha/pha_42.png,Tulu-Dtatset-V2,pha,train,01c30eb75f2a713382de086861d46d88697d0d01e05a8a39c3c5115f40409cfa,365.0,350.0,RGBA,pha_42.png,.png
/home/manvith/Desktop/Projects/Tulu Dataset/Tulu-Dtatset-V2/pha/pha_97.png,Tulu-Dtatset-V2,pha,train,aa5b077504f3785d0c684bfe92bab5b857068d52a7ad6231f0bd25e86636e8ee,367.0,347.0,RGBA,pha_97.png,.png
/home/manvith/Desktop/Projects/Tulu Dataset/Tulu-Dtatset-V2/pha/pha_19.png,Tulu-Dtatset-V2,pha,train,ec72173bc971906efb96b042c59615356612fa1092cbd4204352d9cf0f46e2ed,365.0,350.0,RGBA,pha_19.png,.png
/home/manvith/Desktop/Projects/Tulu Dataset/Tulu-Dtatset-V2/pha/pha_41.png,Tulu-Dtatset-V2,pha,train,49de3f9e70bc6d3da8dd5bf30c9894653c7fee59ac2020c2a4fc94b9ff37a00c,365.0,350.0,RGBA,pha_41.png,.png
/home/manvith/Desktop/Projects/Tulu Dataset/Tulu-Dtatset-V2/pha/pha_38.png,Tulu-Dtatset-V2,pha,train,7c7bc1a65c637a627687743222e001ade7ef59dde1cf96756d6d65545e1b5b0a,365.0,350.0,RGBA,pha_38.png,.png
/home/manvith/Desktop/Projects/Tulu Dataset/Tulu-Dtatset-V2/pha/pha_9.png,Tulu-Dtatset-V2,pha,train,670f0e06d1043ba1cd5ead374275aea62710eea81589f86512d8050f9a8fc70f,367.0,347.0,RGBA,pha_9.png,.png
/home/manvith/Desktop/Projects/Tulu Dataset/Tulu-Dtatset-V2/pha/pha_46.png,Tulu-Dtatset-V2,pha,train,6b21c289ca2caa72c4f3efb523d71f929095ddacc32df2ec0d5cf6985a404f82,365.0,350.0,RGBA,pha_46.png,.png
/home/manvith/Desktop/Projects/Tulu Dataset/Tulu-Dtatset-V2/pha/pha_59.png,Tulu-Dtatset-V2,pha,train,bc4e2116b7db4e5f75984219eb3214096ff6751e4193b89c401d377bb1d2ec53,365.0,344.0,RGBA,pha_59.png,.png
/home/manvith/Desktop/Projects/Tulu Dataset/Tulu-Dtatset-V2/pha/pha_91.png,Tulu-Dtatset-V2,pha,train,73aaaab71385d1daf538a4ac3d379e080fd00ed9007bd6a5ed48258b210b47fc,367.0,347.0,RGBA,pha_91.png,.png
/home/manvith/Desktop/Projects/Tulu Dataset/Tulu-Dtatset-V2/pha/pha_54.png,Tulu-Dtatset-V2,pha,train,7ef6712cf2563418e2f083c339c2e9f40cadb2a70afc59c96aa8138c3fee32f9,365.0,344.0,RGBA,pha_54.png,.png
/home/manvith/Desktop/Projects/Tulu Dataset/Tulu-Dtatset-V2/pha/pha_78.png,Tulu-Dtatset-V2,pha,train,3b9e1a15ec15ecaaba91b3462babab9eb55505d2a2560db6d3c68a16aa7dc43d,367.0,347.0,RGBA,pha_78.png,.png
/home/manvith/Desktop/Projects/Tulu Dataset/Tulu-Dtatset-V2/ra/ra_76.png,Tulu-Dtatset-V2,ra,train,3488ec89595172ef524eb7eed33e7c2e3ad2abc80168dc8f4a3e1c91551cdc5d,360.0,349.0,RGBA,ra_76.png,.png
/home/manvith/Desktop/Projects/Tulu Dataset/Tulu-Dtatset-V2/ra/ra_51.png,Tulu-Dtatset-V2,ra,train,73a2300a92194b0f16a8898f62493143583ab4a74978bd626dbbfb02ca0bb908,360.0,351.0,RGBA,ra_51.png,.png
/home/manvith/Desktop/Projects/Tulu Dataset/Tulu-Dtatset-V2/ra/ra_33.png,Tulu-Dtatset-V2,ra,train,ca411718bd9e4f4fbd00f77466a185b6c44d12ced9387d2994f9038a6a6ff595,369.0,356.0,RGBA,ra_33.png,.png
/home/manvith/Desktop/Projects/Tulu Dataset/Tulu-Dtatset-V2/ra/ra_63.png,Tulu-Dtatset-V2,ra,train,429274db060952bca37770a0e683a19a843ed4674ea9616bec2a2535cf49d908,360.0,351.0,RGBA,ra_63.png,.png
/home/manvith/Desktop/Projects/Tulu Dataset/Tulu-Dtatset-V2/ra/ra_14.png,Tulu-Dtatset-V2,ra,train,fc70b766426beeee7909799a83de9c0eb21ee57e15aac07321dc793c6f402aa2,348.0,329.0,RGBA,ra_14.png,.png
/home/manvith/Desktop/Projects/Tulu Dataset/Tulu-Dtatset-V2/ra/ra_66.png,Tulu-Dtatset-V2,ra,train,e00a564ba2e54bf6386e7632a5294ab118d456a0ccd9c12b8817c5f05f533c3d,360.0,351.0,RGBA,ra_66.png,.png
/home/manvith/Desktop/Projects/Tulu Dataset/Tulu-Dtatset-V2/ra/ra_91.png,Tulu-Dtatset-V2,ra,train,d5c255f13728b9ec881414de33a1d58b00202e33a985cbbedcb77851e77792f1,360.0,349.0,RGBA,ra_91.png,.png
/home/manvith/Desktop/Projects/Tulu Dataset/Tulu-Dtatset-V2/ra/ra_35.png,Tulu-Dtatset-V2,ra,train,c443ec0cc5b9da34e4723bb562f16aff4e96b7779667485f8f4cd2f700980b8b,369.0,356.0,RGBA,ra_35.png,.png
/home/manvith/Desktop/Projects/Tulu Dataset/Tulu-Dtatset-V2/ra/ra_44.png,Tulu-Dtatset-V2,ra,train,7bd429ea9c12611dfa3eb315f816c918132fc468a038c02e554bb23c8cfeeb2a,369.0,356.0,RGBA,ra_44.png,.png
/home/manvith/Desktop/Projects/Tulu Dataset/Tulu-Dtatset-V2/ra/ra_75.png,Tulu-Dtatset-V2,ra,train,fb2dcf9c4f0580aa88cdb1dd34ce9e9ebe2fb3f29b901a1aa3323dfb08e2cc18,360.0,349.0,RGBA,ra_75.png,.png
/home/manvith/Desktop/Projects/Tulu Dataset/Tulu-Dtatset-V2/ra/ra_89.png,Tulu-Dtatset-V2,ra,train,e410f8304a53a4ebc8aaac8787d8d8fb715fcc162669fb6103561b68a64760d7,360.0,349.0,RGBA,ra_89.png,.png
/home/manvith/Desktop/Projects/Tulu Dataset/Tulu-Dtatset-V2/ra/ra_27.png,Tulu-Dtatset-V2,ra,train,22d44f1ba167ef6db644959f8b50fb86273aa969154ef40e3e8542fe070b8333,369.0,356.0,RGBA,ra_27.png,.png
/home/manvith/Desktop/Projects/Tulu Dataset/Tulu-Dtatset-V2/ra/ra_20.png,Tulu-Dtatset-V2,ra,train,778d18cc20a6a24ad1afb0397ae036321285390d5aadb8918cda99539eb1a3b8,369.0,356.0,RGBA,ra_20.png,.png
/home/manvith/Desktop/Projects/Tulu Dataset/Tulu-Dtatset-V2/ra/ra_53.png,Tulu-Dtatset-V2,ra,train,6d7ffc196fa4c9fc02eac076212592a0cda57b2be7b2f425b5bac4c509a58223,360.0,351.0,RGBA,ra_53.png,.png
/home/manvith/Desktop/Projects/Tulu Dataset/Tulu-Dtatset-V2/ra/ra_26.png,Tulu-Dtatset-V2,ra,train,fc5457a458124c77eaedb8082a300606d16874c6afb9e4d85ff3c2f6c158091b,369.0,356.0,RGBA,ra_26.png,.png
/home/manvith/Desktop/Projects/Tulu Dataset/Tulu-Dtatset-V2/ra/ra_82.png,Tulu-Dtatset-V2,ra,train,178b60d98a58e363d9d8168f1cb1226e4c4632a8441bf0af9b7d460a73f83a4d,360.0,349.0,RGBA,ra_82.png,.png
/home/manvith/Desktop/Projects/Tulu Dataset/Tulu-Dtatset-V2/ra/ra_78.png,Tulu-Dtatset-V2,ra,train,a43e44e742d685a51d3ab3312cd9b1391c31ae1383c7ad955748aec63435312e,360.0,349.0,RGBA,ra_78.png,.png
/home/manvith/Desktop/Projects/Tulu Dataset/Tulu-Dtatset-V2/ra/ra_70.png,Tulu-Dtatset-V2,ra,train,237db68e9f5f6139ffe134e9695911cee609dcc0bba3d1fb90308d886351621a,360.0,351.0,RGBA,ra_70.png,.png
/home/manvith/Desktop/Projects/Tulu Dataset/Tulu-Dtatset-V2/ra/ra_58.png,Tulu-Dtatset-V2,ra,train,6a5be293b0185b572d36055e0d3ed86b39537caa4cdea26620ba8d218dd00905,360.0,351.0,RGBA,ra_58.png,.png
/home/manvith/Desktop/Projects/Tulu Dataset/Tulu-Dtatset-V2/ra/ra_68.png,Tulu-Dtatset-V2,ra,train,b3a15ed706f20f04f6259c57278c71b6b2601ab7558193649bd73923a7c79bfb,360.0,351.0,RGBA,ra_68.png,.png
/home/manvith/Desktop/Projects/Tulu Dataset/Tulu-Dtatset-V2/ra/ra_34.png,Tulu-Dtatset-V2,ra,train,c954f2d88a77a33e7237188f6b9029c03f6d032ec3debdb3ef5935da1fbda159,369.0,356.0,RGBA,ra_34.png,.png
/home/manvith/Desktop/Projects/Tulu Dataset/Tulu-Dtatset-V2/ra/ra_61.png,Tulu-Dtatset-V2,ra,train,0ef86174ac4402ff542273b0828e76cba4b63d47e1c1145aaf65f07293eb86fc,360.0,351.0,RGBA,ra_61.png,.png
/home/manvith/Desktop/Projects/Tulu Dataset/Tulu-Dtatset-V2/ra/ra_69.png,Tulu-Dtatset-V2,ra,train,7b9bd51531b2dbeadd7443cf359ce5882811a548f4a307e18d17671cab879aca,360.0,351.0,RGBA,ra_69.png,.png
/home/manvith/Desktop/Projects/Tulu Dataset/Tulu-Dtatset-V2/ra/ra_54.png,Tulu-Dtatset-V2,ra,train,ce40644796953b991eeec9f0d76e3115a4b05600d43cdfa2a09e7ac7f397d430,360.0,351.0,RGBA,ra_54.png,.png
/home/manvith/Desktop/Projects/Tulu Dataset/Tulu-Dtatset-V2/ra/ra_90.png,Tulu-Dtatset-V2,ra,train,b32a856648bbb046b12fb12c0c16df082121c4f7e9d5550d4b6c0414d56d27db,360.0,349.0,RGBA,ra_90.png,.png
/home/manvith/Desktop/Projects/Tulu Dataset/Tulu-Dtatset-V2/ra/ra_21.png,Tulu-Dtatset-V2,ra,train,00ca038e37bd9eaeefdb5b730b91acf9dbe09df194bacc2a2e3c0627bfcde0b4,369.0,356.0,RGBA,ra_21.png,.png
/home/manvith/Desktop/Projects/Tulu Dataset/Tulu-Dtatset-V2/ra/ra_81.png,Tulu-Dtatset-V2,ra,train,2b7ba035dd2f0664601b50b8cbf58eb1b02fd2912305a5ceb0898f03bc4b401e,360.0,349.0,RGBA,ra_81.png,.png
/home/manvith/Desktop/Projects/Tulu Dataset/Tulu-Dtatset-V2/ra/ra_41.png,Tulu-Dtatset-V2,ra,train,282648d455d5b41690010d2bbaf7049a6fcb1937849a3799d772cafed8a39d37,369.0,356.0,RGBA,ra_41.png,.png
/home/manvith/Desktop/Projects/Tulu Dataset/Tulu-Dtatset-V2/ra/ra_88.png,Tulu-Dtatset-V2,ra,train,38156d3441052d9d9737f0fa8e7f2dfc918c98ed21d92e64534d3d5fa7b025ba,360.0,349.0,RGBA,ra_88.png,.png
/home/manvith/Desktop/Projects/Tulu Dataset/Tulu-Dtatset-V2/ra/ra_32.png,Tulu-Dtatset-V2,ra,train,560a00aad492c3157bfe9011752162ff23223bbfd190896c6e8b6e7a798c8a30,369.0,356.0,RGBA,ra_32.png,.png
/home/manvith/Desktop/Projects/Tulu Dataset/Tulu-Dtatset-V2/ra/ra_83.png,Tulu-Dtatset-V2,ra,train,8f734bd2ea4e0a9d85b68f13d2f1e01647196569073d0a166a0c3e86a187bcf0,360.0,349.0,RGBA,ra_83.png,.png
/home/manvith/Desktop/Projects/Tulu Dataset/Tulu-Dtatset-V2/ra/ra_43.png,Tulu-Dtatset-V2,ra,train,20f9eda57ebe1941ce57e232a2ca9282cff1013acf8e4ba7e966bb7b8103a627,369.0,356.0,RGBA,ra_43.png,.png
/home/manvith/Desktop/Projects/Tulu Dataset/Tulu-Dtatset-V2/ra/ra_95.png,Tulu-Dtatset-V2,ra,train,36d49b495f643570c71ddf028c7bdd8610836a59c137956ae2665f2b632c470b,360.0,349.0,RGBA,ra_95.png,.png
/home/manvith/Desktop/Projects/Tulu Dataset/Tulu-Dtatset-V2/ra/ra_18.png,Tulu-Dtatset-V2,ra,train,4d7555d8e809783f8243440e7c19c2799f84fbce054fbfe75f1f618e18d2a8ff,369.0,356.0,RGBA,ra_18.png,.png
/home/manvith/Desktop/Projects/Tulu Dataset/Tulu-Dtatset-V2/ra/ra_31.png,Tulu-Dtatset-V2,ra,train,950f3ef3252b0bf013e94ea2200dd577e295aa7e75a8458c96323716267947cd,369.0,356.0,RGBA,ra_31.png,.png
/home/manvith/Desktop/Projects/Tulu Dataset/Tulu-Dtatset-V2/ra/ra_55.png,Tulu-Dtatset-V2,ra,train,7c4e68b17ab480f130d5d32b9ca65e6e44e521789ff30287966561c2d3f4d4b3,360.0,351.0,RGBA,ra_55.png,.png
/home/manvith/Desktop/Projects/Tulu Dataset/Tulu-Dtatset-V2/ra/ra_98.png,Tulu-Dtatset-V2,ra,train,5d7872aed0fca28620d589e8746c9725ae18fb06effc6f3b26de790b31461196,360.0,349.0,RGBA,ra_98.png,.png
/home/manvith/Desktop/Projects/Tulu Dataset/Tulu-Dtatset-V2/ra/ra_64.png,Tulu-Dtatset-V2,ra,train,27acb4f71f192442b35e0b061b32aaba44738be536ae8a5c7ea00957c39d6244,360.0,351.0,RGBA,ra_64.png,.png
/home/manvith/Desktop/Projects/Tulu Dataset/Tulu-Dtatset-V2/ra/ra_72.png,Tulu-Dtatset-V2,ra,train,4ff386a441d4b26d8f7a8b1d28bce63c03698f49cd9dd4575748376f9edce3ae,360.0,349.0,RGBA,ra_72.png,.png
/home/manvith/Desktop/Projects/Tulu Dataset/Tulu-Dtatset-V2/ra/ra_47.png,Tulu-Dtatset-V2,ra,train,eb81da29493c2ce342e097aff50e6e368935009cced035a6742f0f7880feba9a,369.0,356.0,RGBA,ra_47.png,.png
/home/manvith/Desktop/Projects/Tulu Dataset/Tulu-Dtatset-V2/ra/ra_100.png,Tulu-Dtatset-V2,ra,train,babfcd4ccef713a4ecd3b45733184af2195c2b04a9a59a6d72e2b492ba9bc766,360.0,349.0,RGBA,ra_100.png,.png
/home/manvith/Desktop/Projects/Tulu Dataset/Tulu-Dtatset-V2/ra/ra_1.png,Tulu-Dtatset-V2,ra,train,6033c8adeb3eb65f72408ef42080f7921816bebcaa93bd3c8dce0b97ffc620b5,363.0,355.0,RGBA,ra_1.png,.png
/home/manvith/Desktop/Projects/Tulu Dataset/Tulu-Dtatset-V2/ra/ra_60.png,Tulu-Dtatset-V2,ra,train,d01c51e14cc527979aea05928685071316383449d8277c01779dc2d61c95c17f,360.0,351.0,RGBA,ra_60.png,.png
/home/manvith/Desktop/Projects/Tulu Dataset/Tulu-Dtatset-V2/ra/ra_93.png,Tulu-Dtatset-V2,ra,train,74480a347615e7b54d8efe85d002f58900e619f8678ae4a6fe5c68be2a00ab7f,360.0,349.0,RGBA,ra_93.png,.png
/home/manvith/Desktop/Projects/Tulu Dataset/Tulu-Dtatset-V2/ra/ra_9.png,Tulu-Dtatset-V2,ra,train,382b10bd390ba8bb0625ee6e577edcfd7dd1af1bb8507704629a4dbcf78a8cdb,369.0,356.0,RGBA,ra_9.png,.png
/home/manvith/Desktop/Projects/Tulu Dataset/Tulu-Dtatset-V2/ra/ra_49.png,Tulu-Dtatset-V2,ra,train,89ff93241a2b914f8863ab02f6f3eae74b8173600d7f0af7269bb5309eb79721,369.0,356.0,RGBA,ra_49.png,.png
/home/manvith/Desktop/Projects/Tulu Dataset/Tulu-Dtatset-V2/ra/ra_57.png,Tulu-Dtatset-V2,ra,train,33c7f5e31c4c8eef1b281b2a1d6567c8a29665ec46db7e7f710fadb2df1ce405,360.0,351.0,RGBA,ra_57.png,.png
/home/manvith/Desktop/Projects/Tulu Dataset/Tulu-Dtatset-V2/ra/ra_15.png,Tulu-Dtatset-V2,ra,train,b4da52c5343d0b556e205e83012e0cabe13968d3637d6104beb825cb99b410b5,359.0,343.0,RGBA,ra_15.png,.png
/home/manvith/Desktop/Projects/Tulu Dataset/Tulu-Dtatset-V2/ra/ra_74.png,Tulu-Dtatset-V2,ra,train,fa2977578c04defac7f33f3273abcc1e3183b417a47a8a968bf22c8e8af8a12a,360.0,349.0,RGBA,ra_74.png,.png
/home/manvith/Desktop/Projects/Tulu Dataset/Tulu-Dtatset-V2/ra/ra_56.png,Tulu-Dtatset-V2,ra,train,0a96b159a83e72c8e3285965eb57fa9229221bcd77ca280d16005a5932df23a2,360.0,351.0,RGBA,ra_56.png,.png
/home/manvith/Desktop/Projects/Tulu Dataset/Tulu-Dtatset-V2/ra/ra_99.png,Tulu-Dtatset-V2,ra,train,956c825fc942f860d24a4cdc79ba67d07c65b001103a8eeff132a1234ba7950e,360.0,349.0,RGBA,ra_99.png,.png
/home/manvith/Desktop/Projects/Tulu Dataset/Tulu-Dtatset-V2/ra/ra_19.png,Tulu-Dtatset-V2,ra,train,1af98226cd1d30ee536aef0ff7868745868767da8dae4d1867e8c4ab48b4cb36,369.0,356.0,RGBA,ra_19.png,.png
/home/manvith/Desktop/Projects/Tulu Dataset/Tulu-Dtatset-V2/ra/ra_65.png,Tulu-Dtatset-V2,ra,train,4e2c02ce59c74de8f6d90278f79ab2b683eb4fe4494d1ab4cf8b0717656b90ff,360.0,351.0,RGBA,ra_65.png,.png
/home/manvith/Desktop/Projects/Tulu Dataset/Tulu-Dtatset-V2/ra/ra_92.png,Tulu-Dtatset-V2,ra,train,a52526c5d89457aded92b86b6089393091c19c7e9d359663fef314bbd7906a89,360.0,349.0,RGBA,ra_92.png,.png
/home/manvith/Desktop/Projects/Tulu Dataset/Tulu-Dtatset-V2/ra/ra_71.png,Tulu-Dtatset-V2,ra,train,6b0905424d7e5d541b3aca446470753139d9a7fb549cdf5028a4b179854d7a31,360.0,349.0,RGBA,ra_71.png,.png
/home/manvith/Desktop/Projects/Tulu Dataset/Tulu-Dtatset-V2/ra/ra_30.png,Tulu-Dtatset-V2,ra,train,fd61a273cba6dc01da5dbad6951b919ae15d97d79927c2368e8784361f2aa450,369.0,356.0,RGBA,ra_30.png,.png
/home/manvith/Desktop/Projects/Tulu Dataset/Tulu-Dtatset-V2/ra/ra_39.png,Tulu-Dtatset-V2,ra,train,0b6f8b454e3a1af0e63d4d914399852ba816e5c5ce2527f21674329ed1bef0e2,369.0,356.0,RGBA,ra_39.png,.png
/home/manvith/Desktop/Projects/Tulu Dataset/Tulu-Dtatset-V2/ra/ra_36.png,Tulu-Dtatset-V2,ra,train,543ea56e44c701a95ae5986b2d27bf9b07c89a6916454c5cc62b08fba69d1885,369.0,356.0,RGBA,ra_36.png,.png
/home/manvith/Desktop/Projects/Tulu Dataset/Tulu-Dtatset-V2/ra/ra_96.png,Tulu-Dtatset-V2,ra,train,9933430a08bfa7aa0edcef6af580511f83aecd1816dae67d87d25d0fe8e8f54d,360.0,349.0,RGBA,ra_96.png,.png
/home/manvith/Desktop/Projects/Tulu Dataset/Tulu-Dtatset-V2/ra/ra_13.png,Tulu-Dtatset-V2,ra,train,0580335ec240b2d314a804a9c4155bb33af0037ae1cae335d818afbe7383a8c6,360.0,357.0,RGBA,ra_13.png,.png
/home/manvith/Desktop/Projects/Tulu Dataset/Tulu-Dtatset-V2/ra/ra_46.png,Tulu-Dtatset-V2,ra,train,4e5e435252f76168c15624bdd006535f783b1818603052b629be88f0a6592bfd,369.0,356.0,RGBA,ra_46.png,.png
/home/manvith/Desktop/Projects/Tulu Dataset/Tulu-Dtatset-V2/ra/ra_42.png,Tulu-Dtatset-V2,ra,train,68751a221abd850c81fc99fec762914a577a87c6bbb234b1081bd521ccf25f41,369.0,356.0,RGBA,ra_42.png,.png
/home/manvith/Desktop/Projects/Tulu Dataset/Tulu-Dtatset-V2/ra/ra_50.png,Tulu-Dtatset-V2,ra,train,49aa297681c503db010cd0087642bad950c4017ca4fe5acf51678aa25600284e,369.0,356.0,RGBA,ra_50.png,.png
/home/manvith/Desktop/Projects/Tulu Dataset/Tulu-Dtatset-V2/ra/ra_77.png,Tulu-Dtatset-V2,ra,train,cdce345f28e9f119588ce33282f8112989a17c805f8895740f27b9b3ae80f534,360.0,349.0,RGBA,ra_77.png,.png
/home/manvith/Desktop/Projects/Tulu Dataset/Tulu-Dtatset-V2/ra/ra_17.png,Tulu-Dtatset-V2,ra,train,d80dfa29f4d66cb3282da18e5a6be2cb21727b853a5cf48df808c4bf609c7ceb,369.0,356.0,RGBA,ra_17.png,.png
/home/manvith/Desktop/Projects/Tulu Dataset/Tulu-Dtatset-V2/ra/ra_73.png,Tulu-Dtatset-V2,ra,train,4c402aaaaa5d7d4a2169e0fb30a434fae4ca75046e467d2a29f6e08ec7e84947,360.0,349.0,RGBA,ra_73.png,.png
/home/manvith/Desktop/Projects/Tulu Dataset/Tulu-Dtatset-V2/ra/ra_59.png,Tulu-Dtatset-V2,ra,train,faa7992cdfd76941ccd2d52ed7dd0aa1f05fd03a6f3e60d1bc93ffa3050db8c6,360.0,351.0,RGBA,ra_59.png,.png
/home/manvith/Desktop/Projects/Tulu Dataset/Tulu-Dtatset-V2/ra/ra_48.png,Tulu-Dtatset-V2,ra,train,b1ea8a1160037fae13c993b95c5d1c58f2825001eb9b39342da3dfe5d3e88dba,369.0,356.0,RGBA,ra_48.png,.png
/home/manvith/Desktop/Projects/Tulu Dataset/Tulu-Dtatset-V2/ra/ra_12.png,Tulu-Dtatset-V2,ra,train,af2597d58b0ef955de99beba7d8b43098d9e8e48120f14b55dc1182a5e4fda65,357.0,324.0,RGBA,ra_12.png,.png
/home/manvith/Desktop/Projects/Tulu Dataset/Tulu-Dtatset-V2/ra/ra_85.png,Tulu-Dtatset-V2,ra,train,ba027ca21c5d11f886a81ca248d3b43db126cfcd50d560ef4398f971cfdfe8ff,360.0,349.0,RGBA,ra_85.png,.png
/home/manvith/Desktop/Projects/Tulu Dataset/Tulu-Dtatset-V2/ra/ra_40.png,Tulu-Dtatset-V2,ra,train,89e4ca59d3c3bdda0bae78e6da07b82ba0e66ccd9f261d75126aa2c161b2b947,369.0,356.0,RGBA,ra_40.png,.png
/home/manvith/Desktop/Projects/Tulu Dataset/Tulu-Dtatset-V2/ra/ra_24.png,Tulu-Dtatset-V2,ra,train,bd95ca4a945f252b01f551ea8c50c3fd6813869f9a991c107dd3f7d41ea3ed30,369.0,356.0,RGBA,ra_24.png,.png
/home/manvith/Desktop/Projects/Tulu Dataset/Tulu-Dtatset-V2/ra/ra_52.png,Tulu-Dtatset-V2,ra,train,031c28fbf49043685985af1cc977334c74d8d09afaa7abae1e14904c7c4cd0e0,360.0,351.0,RGBA,ra_52.png,.png
/home/manvith/Desktop/Projects/Tulu Dataset/Tulu-Dtatset-V2/ra/ra_29.png,Tulu-Dtatset-V2,ra,train,55909fd2b0bfa94319add67c4bb26a2bbe3c1169b2c5dd6010ad0ec91f7b483c,369.0,356.0,RGBA,ra_29.png,.png
/home/manvith/Desktop/Projects/Tulu Dataset/Tulu-Dtatset-V2/ra/ra_4.png,Tulu-Dtatset-V2,ra,train,6ff33a9be0296edd35b26bfc67c809d264958c94a28474220499eb4f13fa12ab,367.0,336.0,RGBA,ra_4.png,.png
/home/manvith/Desktop/Projects/Tulu Dataset/Tulu-Dtatset-V2/ra/ra_79.png,Tulu-Dtatset-V2,ra,train,dee1847da6fc7c825322de413b2bfb2520d8098ffedec61903c2e33f916d5c55,360.0,349.0,RGBA,ra_79.png,.png
/home/manvith/Desktop/Projects/Tulu Dataset/Tulu-Dtatset-V2/ra/ra_7.png,Tulu-Dtatset-V2,ra,train,fdd512fa2ad29b7970f241bdd3ab7ee1c4916af3b3407e2acecb9789da9c522e,359.0,340.0,RGBA,ra_7.png,.png
/home/manvith/Desktop/Projects/Tulu Dataset/Tulu-Dtatset-V2/ra/ra_5.png,Tulu-Dtatset-V2,ra,train,5a114f5d077683a41b826762ac307c658dd71251c0d47b7751e4cad5231f6426,369.0,357.0,RGBA,ra_5.png,.png
/home/manvith/Desktop/Projects/Tulu Dataset/Tulu-Dtatset-V2/ra/ra_67.png,Tulu-Dtatset-V2,ra,train,a378f40bf06130806574b9b9926f1b8b1dc6b758a5bf67ef07489080276ba4d2,360.0,351.0,RGBA,ra_67.png,.png
/home/manvith/Desktop/Projects/Tulu Dataset/Tulu-Dtatset-V2/ru/ru_94.png,Tulu-Dtatset-V2,ru,train,71ddf90ef304bd579ed8a7986b4c04205f3673bec0740a7ba49ce7997c468ed3,359.0,345.0,RGBA,ru_94.png,.png
/home/manvith/Desktop/Projects/Tulu Dataset/Tulu-Dtatset-V2/ru/ru_89.png,Tulu-Dtatset-V2,ru,train,15ffc4186e26c00a106083447f1856a9896d862b4b6182b1be219a10b1c66061,359.0,345.0,RGBA,ru_89.png,.png
/home/manvith/Desktop/Projects/Tulu Dataset/Tulu-Dtatset-V2/ru/ru_86.png,Tulu-Dtatset-V2,ru,train,0ff0b3706f6f620b2780814f400b532f7afeab2450a3eec5d03f56f82d85b3ba,359.0,345.0,RGBA,ru_86.png,.png
/home/manvith/Desktop/Projects/Tulu Dataset/Tulu-Dtatset-V2/ru/ru_24.png,Tulu-Dtatset-V2,ru,train,c475a1097dc34a1eaa21f744a3f4027650f5f9faaf6a1dbe1359b1bd37d7aa7a,365.0,346.0,RGBA,ru_24.png,.png
/home/manvith/Desktop/Projects/Tulu Dataset/Tulu-Dtatset-V2/ru/ru_2.png,Tulu-Dtatset-V2,ru,train,fd8ee6e6a618ad50bf26c844a409f5666ffc95e58aeccf4a751764970d5ac209,353.0,355.0,RGBA,ru_2.png,.png
/home/manvith/Desktop/Projects/Tulu Dataset/Tulu-Dtatset-V2/ru/ru_9.png,Tulu-Dtatset-V2,ru,train,a6d90752eedc42c3720ac96305011c9fcb281bc6146500bccbd24fe605c4835b,361.0,345.0,RGBA,ru_9.png,.png
/home/manvith/Desktop/Projects/Tulu Dataset/Tulu-Dtatset-V2/ru/ru_50.png,Tulu-Dtatset-V2,ru,train,4e70403eb48de93006fcd3d15fed8c31940ef1f794f433dc54742eea2702c251,365.0,346.0,RGBA,ru_50.png,.png
/home/manvith/Desktop/Projects/Tulu Dataset/Tulu-Dtatset-V2/ru/ru_17.png,Tulu-Dtatset-V2,ru,train,fee3d9311fd0649ba9ca50095b9ab8bffa226b02b6f421a817710af35f1011ef,365.0,346.0,RGBA,ru_17.png,.png
/home/manvith/Desktop/Projects/Tulu Dataset/Tulu-Dtatset-V2/ru/ru_78.png,Tulu-Dtatset-V2,ru,train,1e83241a12e6a14b0eb5f216af5e51fe37e0d9f67ae2b666bdfb1d219c964be2,367.0,347.0,RGBA,ru_78.png,.png
/home/manvith/Desktop/Projects/Tulu Dataset/Tulu-Dtatset-V2/ru/ru_28.png,Tulu-Dtatset-V2,ru,train,5f343beaf55030681425a56d8158fcdf150db015118dd18fbca0a94d17eb4bfe,365.0,346.0,RGBA,ru_28.png,.png
/home/manvith/Desktop/Projects/Tulu Dataset/Tulu-Dtatset-V2/ru/ru_70.png,Tulu-Dtatset-V2,ru,train,0ef0230728199d1c33a8c4f969928c7b30ca1fb983bde3425a7ab53ed9779f20,367.0,347.0,RGBA,ru_70.png,.png
/home/manvith/Desktop/Projects/Tulu Dataset/Tulu-Dtatset-V2/ru/ru_76.png,Tulu-Dtatset-V2,ru,train,1dda8537259bdd391999a5834dd9f0b7c2873b879f7240cdc797048447c043b4,367.0,347.0,RGBA,ru_76.png,.png
/home/manvith/Desktop/Projects/Tulu Dataset/Tulu-Dtatset-V2/ru/ru_85.png,Tulu-Dtatset-V2,ru,train,c333b160a35bc84b6db6458abb6458c162d7fdfd029e37320c0d7f9f6cdaae77,359.0,345.0,RGBA,ru_85.png,.png
/home/manvith/Desktop/Projects/Tulu Dataset/Tulu-Dtatset-V2/ru/ru_93.png,Tulu-Dtatset-V2,ru,train,8ba674d56e60185a3bdd9881da0dccf361246ea0ba5622a3511abb5e5622ec46,359.0,345.0,RGBA,ru_93.png,.png
/home/manvith/Desktop/Projects/Tulu Dataset/Tulu-Dtatset-V2/ru/ru_79.png,Tulu-Dtatset-V2,ru,train,d2dcc3e788f3ed8bde6fb0a04bf05cd02d31b7d0822691dbdd67f9a1f402a9ef,367.0,347.0,RGBA,ru_79.png,.png
/home/manvith/Desktop/Projects/Tulu Dataset/Tulu-Dtatset-V2/ru/ru_95.png,Tulu-Dtatset-V2,ru,train,02d75e5cf7d9d123d2def0aca25cf7cdbedf087843a44ced89011ec732e6b137,359.0,345.0,RGBA,ru_95.png,.png
/home/manvith/Desktop/Projects/Tulu Dataset/Tulu-Dtatset-V2/ru/ru_18.png,Tulu-Dtatset-V2,ru,train,26111d5021c2511d25716a9eb86bd12457144db156c935d5a11f5a60d596e41f,365.0,346.0,RGBA,ru_18.png,.png
/home/manvith/Desktop/Projects/Tulu Dataset/Tulu-Dtatset-V2/ru/ru_64.png,Tulu-Dtatset-V2,ru,train,34be4268c407bdb65c78cc60613f9a386f92d622b563fa811cc7bfb7a65302ca,367.0,347.0,RGBA,ru_64.png,.png
/home/manvith/Desktop/Projects/Tulu Dataset/Tulu-Dtatset-V2/ru/ru_63.png,Tulu-Dtatset-V2,ru,train,f9cfde90226548071f6e489c64f57837539bd8efd5ad3bbd3bd3e6ff6bc67648,367.0,347.0,RGBA,ru_63.png,.png
/home/manvith/Desktop/Projects/Tulu Dataset/Tulu-Dtatset-V2/ru/ru_55.png,Tulu-Dtatset-V2,ru,train,3f55e92ea9e24cd681a8cecdb4e7b6f5ece4ad267a38350a6d762ffb04972d70,367.0,347.0,RGBA,ru_55.png,.png
/home/manvith/Desktop/Projects/Tulu Dataset/Tulu-Dtatset-V2/ru/ru_29.png,Tulu-Dtatset-V2,ru,train,14b7553f2e771fa07c0b13ca354d7c0be687022a62f3f8478165e99b41cb9f43,365.0,346.0,RGBA,ru_29.png,.png
/home/manvith/Desktop/Projects/Tulu Dataset/Tulu-Dtatset-V2/ru/ru_6.png,Tulu-Dtatset-V2,ru,train,0fff15ce32b643e4bf99ba13ee20c55b433e948ecc2b4cd2c3609553c0abb9f6,360.0,347.0,RGBA,ru_6.png,.png
/home/manvith/Desktop/Projects/Tulu Dataset/Tulu-Dtatset-V2/ru/ru_46.png,Tulu-Dtatset-V2,ru,train,c9f1620adce406dfbd288212fb0a3d8fe306318a05316ae6c5184d0b6fd71f38,365.0,346.0,RGBA,ru_46.png,.png
/home/manvith/Desktop/Projects/Tulu Dataset/Tulu-Dtatset-V2/ru/ru_48.png,Tulu-Dtatset-V2,ru,train,b7e02e685fdcdf62813766ae344a458992a08eda8962a2e838f49c24890a23a3,365.0,346.0,RGBA,ru_48.png,.png
/home/manvith/Desktop/Projects/Tulu Dataset/Tulu-Dtatset-V2/ru/ru_4.png,Tulu-Dtatset-V2,ru,train,6610f919191b9b8f736d52f7b0c3f644ac5a0c7f046a4638e0f2f289b9250ad5,339.0,352.0,RGBA,ru_4.png,.png
/home/manvith/Desktop/Projects/Tulu Dataset/Tulu-Dtatset-V2/ru/ru_30.png,Tulu-Dtatset-V2,ru,train,083fe47ebd802cbcb5d12c1090cd0f078c86b912ad3bd988e02305999ba5180b,365.0,346.0,RGBA,ru_30.png,.png
/home/manvith/Desktop/Projects/Tulu Dataset/Tulu-Dtatset-V2/ru/ru_59.png,Tulu-Dtatset-V2,ru,train,0c7db830caee3db6a0dc5449509a10fc7a18f67377b7400812a73325d6788f20,367.0,347.0,RGBA,ru_59.png,.png
/home/manvith/Desktop/Projects/Tulu Dataset/Tulu-Dtatset-V2/ru/ru_53.png,Tulu-Dtatset-V2,ru,train,0edd7503894b0f420a8986083543bf965d01c56a487a0483f4fc452e182c75df,367.0,347.0,RGBA,ru_53.png,.png
/home/manvith/Desktop/Projects/Tulu Dataset/Tulu-Dtatset-V2/ru/ru_72.png,Tulu-Dtatset-V2,ru,train,41e1c8b34f4b21f1ea49d3fe387e096b0b6cda8dad348ec2f1eb3ed01cf94a8a,367.0,347.0,RGBA,ru_72.png,.png
/home/manvith/Desktop/Projects/Tulu Dataset/Tulu-Dtatset-V2/ru/ru_69.png,Tulu-Dtatset-V2,ru,train,71428c63f990c5481ff550bd3f8557718723fba3aae3cc545740afea1daa6836,367.0,347.0,RGBA,ru_69.png,.png
/home/manvith/Desktop/Projects/Tulu Dataset/Tulu-Dtatset-V2/ru/ru_75.png,Tulu-Dtatset-V2,ru,train,cb360a0cb6ffcffaa166c55a2d4ad9554cde025031f765e2d95bea8eb4a72250,367.0,347.0,RGBA,ru_75.png,.png
/home/manvith/Desktop/Projects/Tulu Dataset/Tulu-Dtatset-V2/ru/ru_34.png,Tulu-Dtatset-V2,ru,train,eb70951bb858ee3205443922310ce17ec7358f62328e03a5eaf47aee24cf8651,365.0,346.0,RGBA,ru_34.png,.png
/home/manvith/Desktop/Projects/Tulu Dataset/Tulu-Dtatset-V2/ru/ru_91.png,Tulu-Dtatset-V2,ru,train,35a5a6672e9ca1ba8cbc91d6152dcc69119875bd42bd3d27f221e1e554efdcfe,359.0,345.0,RGBA,ru_91.png,.png
/home/manvith/Desktop/Projects/Tulu Dataset/Tulu-Dtatset-V2/ru/ru_67.png,Tulu-Dtatset-V2,ru,train,be511ab4956c0f642d196b418e30ab190372b9eb0ba296037cf50510519626c4,367.0,347.0,RGBA,ru_67.png,.png
/home/manvith/Desktop/Projects/Tulu Dataset/Tulu-Dtatset-V2/ru/ru_5.png,Tulu-Dtatset-V2,ru,train,989d9b9968c3b97408a8f77fa940b19393d4b76955ed79d8d99b0031f4063b66,359.0,345.0,RGBA,ru_5.png,.png
/home/manvith/Desktop/Projects/Tulu Dataset/Tulu-Dtatset-V2/ru/ru_27.png,Tulu-Dtatset-V2,ru,train,57024d5ae55daaad466604d0515fa413bfd207c7e3e9abadf27c06371e28c075,365.0,346.0,RGBA,ru_27.png,.png
/home/manvith/Desktop/Projects/Tulu Dataset/Tulu-Dtatset-V2/ru/ru_23.png,Tulu-Dtatset-V2,ru,train,d60e7d92022e2f4a8d7d96ee626d46af64410794f813ae98680a9efb873616ed,365.0,346.0,RGBA,ru_23.png,.png
/home/manvith/Desktop/Projects/Tulu Dataset/Tulu-Dtatset-V2/ru/ru_68.png,Tulu-Dtatset-V2,ru,train,062474f14a30fb7a44d207bebcc4c0fd87b63936e4eb50f6314872c5c27b6810,367.0,347.0,RGBA,ru_68.png,.png
/home/manvith/Desktop/Projects/Tulu Dataset/Tulu-Dtatset-V2/ru/ru_22.png,Tulu-Dtatset-V2,ru,train,96331f386924ee69925dd6a2f8630c8e9c8d6b5a8d6c38f4feb5057180cb775b,365.0,346.0,RGBA,ru_22.png,.png
/home/manvith/Desktop/Projects/Tulu Dataset/Tulu-Dtatset-V2/ru/ru_83.png,Tulu-Dtatset-V2,ru,train,d088cb91ad47f0139440eafb8d6b413d153c63df41b95c5613a1454ab3409de8,359.0,345.0,RGBA,ru_83.png,.png
/home/manvith/Desktop/Projects/Tulu Dataset/Tulu-Dtatset-V2/ru/ru_33.png,Tulu-Dtatset-V2,ru,train,48823923d69e5ca09fa46294e9acf7d9d0699ba7445734adc46eb02a63be1b9d,365.0,346.0,RGBA,ru_33.png,.png
/home/manvith/Desktop/Projects/Tulu Dataset/Tulu-Dtatset-V2/ru/ru_82.png,Tulu-Dtatset-V2,ru,train,b3bac6fb22310c0ff11df5b4df5bafb2965c27cfb68eed9600e8afdb7fedfd15,359.0,345.0,RGBA,ru_82.png,.png
/home/manvith/Desktop/Projects/Tulu Dataset/Tulu-Dtatset-V2/ru/ru_41.png,Tulu-Dtatset-V2,ru,train,73a1ab119e0165ab0c69b236f82a3270e55839ed7636c9e02fdc1c509444ebb7,365.0,346.0,RGBA,ru_41.png,.png
/home/manvith/Desktop/Projects/Tulu Dataset/Tulu-Dtatset-V2/ru/ru_54.png,Tulu-Dtatset-V2,ru,train,45a41364ead1939cd3ce7edd3b0849d61c053acae2aefa9fb6b1d42c4a052b79,367.0,347.0,RGBA,ru_54.png,.png
/home/manvith/Desktop/Projects/Tulu Dataset/Tulu-Dtatset-V2/ru/ru_12.png,Tulu-Dtatset-V2,ru,train,9f439e51ffce54db6b3c18967f2eee40d000986745d4fe2dc264c9627c5a31b9,356.0,351.0,RGBA,ru_12.png,.png
/home/manvith/Desktop/Projects/Tulu Dataset/Tulu-Dtatset-V2/ru/ru_88.png,Tulu-Dtatset-V2,ru,train,3eab4f663556905bf5e0f8870746b026622ece91fd36d3a59259ce61f06679b4,359.0,345.0,RGBA,ru_88.png,.png
/home/manvith/Desktop/Projects/Tulu Dataset/Tulu-Dtatset-V2/ru/ru_45.png,Tulu-Dtatset-V2,ru,train,f945e787822acbdb746bd18eedc11ea883cd2956e512434e2c7003ef3e492a33,365.0,346.0,RGBA,ru_45.png,.png
/home/manvith/Desktop/Projects/Tulu Dataset/Tulu-Dtatset-V2/ru/ru_16.png,Tulu-Dtatset-V2,ru,train,eaf95cebeb390348aec7e2c1fac13b520c4ea6a5c9bc93cd5a966d809b6764c6,365.0,346.0,RGBA,ru_16.png,.png
/home/manvith/Desktop/Projects/Tulu Dataset/Tulu-Dtatset-V2/ru/ru_38.png,Tulu-Dtatset-V2,ru,train,832177025bb9dbd3def40dca2e01021fdbeae14edb88de15463521b092761261,365.0,346.0,RGBA,ru_38.png,.png
/home/manvith/Desktop/Projects/Tulu Dataset/Tulu-Dtatset-V2/ru/ru_14.png,Tulu-Dtatset-V2,ru,train,bc8808c78e47506a521235a3cf09f2bf4980439981f17affd6cca41fa6c86008,361.0,353.0,RGBA,ru_14.png,.png
/home/manvith/Desktop/Projects/Tulu Dataset/Tulu-Dtatset-V2/ru/ru_96.png,Tulu-Dtatset-V2,ru,train,6f02ad0e430c5de7e68805fe640254a600653f861bcf1acc541cdf0b354ea6d1,359.0,345.0,RGBA,ru_96.png,.png
/home/manvith/Desktop/Projects/Tulu Dataset/Tulu-Dtatset-V2/ru/ru_13.png,Tulu-Dtatset-V2,ru,train,3ee4d6d8fa66e3116fb37151caaa170a74df76c052b8ba62e739c8d79b0570c5,353.0,347.0,RGBA,ru_13.png,.png
/home/manvith/Desktop/Projects/Tulu Dataset/Tulu-Dtatset-V2/ru/ru_90.png,Tulu-Dtatset-V2,ru,train,f00b36bb4cb1b58d67900439b19b0dff007120245fa0cf6a440ae03358d3fc26,359.0,345.0,RGBA,ru_90.png,.png
/home/manvith/Desktop/Projects/Tulu Dataset/Tulu-Dtatset-V2/ru/ru_81.png,Tulu-Dtatset-V2,ru,train,f9b40237aa2ae20a066641b66a25d919dc1dcb4669f18bf2c9de42f22e1904d4,359.0,345.0,RGBA,ru_81.png,.png
/home/manvith/Desktop/Projects/Tulu Dataset/Tulu-Dtatset-V2/ru/ru_3.png,Tulu-Dtatset-V2,ru,train,d68e7292de6d0ed26b41b84a9342182c566adea77dc545d2ab859bad057626d7,367.0,347.0,RGBA,ru_3.png,.png
/home/manvith/Desktop/Projects/Tulu Dataset/Tulu-Dtatset-V2/ru/ru_8.png,Tulu-Dtatset-V2,ru,train,b7c5deaade7b090a90773c143434c32031050246bdcacf7c42ed4aa72b11d8c0,353.0,351.0,RGBA,ru_8.png,.png
/home/manvith/Desktop/Projects/Tulu Dataset/Tulu-Dtatset-V2/ru/ru_73.png,Tulu-Dtatset-V2,ru,train,f886c8f9a04b42e83ac36f5e064d3bf46100d5b323bd0e5558428828f28fbc14,367.0,347.0,RGBA,ru_73.png,.png
/home/manvith/Desktop/Projects/Tulu Dataset/Tulu-Dtatset-V2/ru/ru_39.png,Tulu-Dtatset-V2,ru,train,14d857d98f43df61601195e0910389aeb25e721c04d8766396f5b6f9070c3d7c,365.0,346.0,RGBA,ru_39.png,.png
/home/manvith/Desktop/Projects/Tulu Dataset/Tulu-Dtatset-V2/ru/ru_58.png,Tulu-Dtatset-V2,ru,train,6de55835430951dd16a3da29adc896a7d1ec52731be063c059fcdec29a311c0f,367.0,347.0,RGBA,ru_58.png,.png
/home/manvith/Desktop/Projects/Tulu Dataset/Tulu-Dtatset-V2/ru/ru_60.png,Tulu-Dtatset-V2,ru,train,b2d0bed6eef369e6c92f1ce052e87ae7cd5f7f03f0c4a8133f87b544124ce737,367.0,347.0,RGBA,ru_60.png,.png
/home/manvith/Desktop/Projects/Tulu Dataset/Tulu-Dtatset-V2/ru/ru_21.png,Tulu-Dtatset-V2,ru,train,730c6e895ea0d920d01d57c323e3d16baf5cfe8641cd4fe2ec3b21d52e9ef126,365.0,346.0,RGBA,ru_21.png,.png
/home/manvith/Desktop/Projects/Tulu Dataset/Tulu-Dtatset-V2/ru/ru_61.png,Tulu-Dtatset-V2,ru,train,e54513ea339e9ed48cf979984c01ea08d6b4c77a7d579428ffc05b6af284f863,367.0,347.0,RGBA,ru_61.png,.png
/home/manvith/Desktop/Projects/Tulu Dataset/Tulu-Dtatset-V2/ru/ru_100.png,Tulu-Dtatset-V2,ru,train,ad383644d62c5df95ef90ed23144210cedf4676f2a7d979646d54f504cc70e28,359.0,345.0,RGBA,ru_100.png,.png
/home/manvith/Desktop/Projects/Tulu Dataset/Tulu-Dtatset-V2/ru/ru_19.png,Tulu-Dtatset-V2,ru,train,880b8db6b49cd92b1bff0fa74056dfa3effcc334dac25221bf4292d104f74ad6,365.0,346.0,RGBA,ru_19.png,.png
/home/manvith/Desktop/Projects/Tulu Dataset/Tulu-Dtatset-V2/ru/ru_40.png,Tulu-Dtatset-V2,ru,train,fc480e71e603e2d6d224c5b2d349e4efa61d9a470e0712a93917106e4aabdbb5,365.0,346.0,RGBA,ru_40.png,.png
/home/manvith/Desktop/Projects/Tulu Dataset/Tulu-Dtatset-V2/ru/ru_25.png,Tulu-Dtatset-V2,ru,train,20aa65c2b95c9bf57ca01f161a62133394be694903bba0428561a5f76f2628c5,365.0,346.0,RGBA,ru_25.png,.png
/home/manvith/Desktop/Projects/Tulu Dataset/Tulu-Dtatset-V2/ru/ru_15.png,Tulu-Dtatset-V2,ru,train,c6ee2642b1d4f2c7e887921f29fe016b07478c9ca5de609170e345289dca1153,355.0,357.0,RGBA,ru_15.png,.png
/home/manvith/Desktop/Projects/Tulu Dataset/Tulu-Dtatset-V2/ru/ru_65.png,Tulu-Dtatset-V2,ru,train,7bfa18a192ebc262053c7c48910be9e002bf15760b9a94d6dcf59cdb698cf51d,367.0,347.0,RGBA,ru_65.png,.png
/home/manvith/Desktop/Projects/Tulu Dataset/Tulu-Dtatset-V2/ru/ru_57.png,Tulu-Dtatset-V2,ru,train,80c4af5dd964246173d0fea513836e5bfe4379d374a8f6fab6fdf4f2492ebf66,367.0,347.0,RGBA,ru_57.png,.png
/home/manvith/Desktop/Projects/Tulu Dataset/Tulu-Dtatset-V2/ru/ru_36.png,Tulu-Dtatset-V2,ru,train,e6aad0fb43baee7ddefa3bb2ed524377a170dad2261551a80e2a231b5181f3a1,365.0,346.0,RGBA,ru_36.png,.png
/home/manvith/Desktop/Projects/Tulu Dataset/Tulu-Dtatset-V2/ru/ru_7.png,Tulu-Dtatset-V2,ru,train,2176bdcf228c385c5d88ec04f4c4c9a1d518ad4f0c62df6d775fe6eb55c0458e,357.0,356.0,RGBA,ru_7.png,.png
/home/manvith/Desktop/Projects/Tulu Dataset/Tulu-Dtatset-V2/ru/ru_32.png,Tulu-Dtatset-V2,ru,train,fd62a0fb2adaea8566642cae8310bc16de4558383d818e4f2d84633c8e84b01a,365.0,346.0,RGBA,ru_32.png,.png
/home/manvith/Desktop/Projects/Tulu Dataset/Tulu-Dtatset-V2/ru/ru_20.png,Tulu-Dtatset-V2,ru,train,98c0797daa9d67e7de5c92854b2192ed1b21e7fb0c5d02a4f52368e3b423bd57,365.0,346.0,RGBA,ru_20.png,.png
/home/manvith/Desktop/Projects/Tulu Dataset/Tulu-Dtatset-V2/ru/ru_44.png,Tulu-Dtatset-V2,ru,train,6f7daaf0dabe07098979b44530b470804a28272df1caaa73bea2664f124e1f51,365.0,346.0,RGBA,ru_44.png,.png
/home/manvith/Desktop/Projects/Tulu Dataset/Tulu-Dtatset-V2/ru/ru_52.png,Tulu-Dtatset-V2,ru,train,d0b06c5f422065913dc96a18bd3ccb5bae5556d4bdfb2116171e190b335289ed,367.0,347.0,RGBA,ru_52.png,.png
/home/manvith/Desktop/Projects/Tulu Dataset/Tulu-Dtatset-V2/ru/ru_84.png,Tulu-Dtatset-V2,ru,train,18d29980407532ffe77366d015abb1a3184b18236c49d38f79880d2abaac8163,359.0,345.0,RGBA,ru_84.png,.png
/home/manvith/Desktop/Projects/Tulu Dataset/Tulu-Dtatset-V2/ru/ru_47.png,Tulu-Dtatset-V2,ru,train,17d1d1b9ab0e96ead35de270da2046c21001b8ddcba849c4a39de126a9e0dc99,365.0,346.0,RGBA,ru_47.png,.png
/home/manvith/Desktop/Projects/Tulu Dataset/Tulu-Dtatset-V2/ru/ru_99.png,Tulu-Dtatset-V2,ru,train,80c3e6a89350ebbd07724c7e8f649f5f959e386a50a3917f9e9d429e046169e1,359.0,345.0,RGBA,ru_99.png,.png
/home/manvith/Desktop/Projects/Tulu Dataset/Tulu-Dtatset-V2/ru/ru_49.png,Tulu-Dtatset-V2,ru,train,e24007b19323d0bbd9dabfb9b3ba94426d37f67e9a3228795aec8c46fe7b25ca,365.0,346.0,RGBA,ru_49.png,.png
/home/manvith/Desktop/Projects/Tulu Dataset/Tulu-Dtatset-V2/ru/ru_87.png,Tulu-Dtatset-V2,ru,train,ebad8008459bb41c50312bc68843816e568d358900c923e8c32210677ebc5d3d,359.0,345.0,RGBA,ru_87.png,.png
/home/manvith/Desktop/Projects/Tulu Dataset/Tulu-Dtatset-V2/ruu/ruu_44.png,Tulu-Dtatset-V2,ruu,train,67520872d641f9c95d509189ce558013449b7bcd426debb3e0c46eba752fd8c6,360.0,346.0,RGBA,ruu_44.png,.png
/home/manvith/Desktop/Projects/Tulu Dataset/Tulu-Dtatset-V2/ruu/ruu_47.png,Tulu-Dtatset-V2,ruu,train,34bce97608a37599af0bc7cb2cda58e2e0d9ec57383a3ba4603eec59464da6b1,360.0,346.0,RGBA,ruu_47.png,.png
/home/manvith/Desktop/Projects/Tulu Dataset/Tulu-Dtatset-V2/ruu/ruu_88.png,Tulu-Dtatset-V2,ruu,train,cb6049c2f54965af9bfcbe3a6a71543bc680dbbbd1a15b498e20d0bd41d0a701,364.0,348.0,RGBA,ruu_88.png,.png
/home/manvith/Desktop/Projects/Tulu Dataset/Tulu-Dtatset-V2/ruu/ruu_81.png,Tulu-Dtatset-V2,ruu,train,4dbc122a430942f0bf197730f19482a46c5e8eaf4e488b2de2beadc6b3fb6643,364.0,348.0,RGBA,ruu_81.png,.png
/home/manvith/Desktop/Projects/Tulu Dataset/Tulu-Dtatset-V2/ruu/ruu_3.png,Tulu-Dtatset-V2,ruu,train,8a70f7123acb0fb0b45465e69af70c3e74900f4c77c198324539a367d0a10f0a,360.0,346.0,RGBA,ruu_3.png,.png
/home/manvith/Desktop/Projects/Tulu Dataset/Tulu-Dtatset-V2/ruu/ruu_64.png,Tulu-Dtatset-V2,ruu,train,824e1644d00e5f4ccf092f0ea274595e38cd37f5f93e2cf7b3ec1c42ba66a9e8,360.0,346.0,RGBA,ruu_64.png,.png
/home/manvith/Desktop/Projects/Tulu Dataset/Tulu-Dtatset-V2/ruu/ruu_49.png,Tulu-Dtatset-V2,ruu,train,fdd2417cad1899c0555503c64902ffcd1b95109319846cb6a75c432ce8fe6c6d,360.0,346.0,RGBA,ruu_49.png,.png
/home/manvith/Desktop/Projects/Tulu Dataset/Tulu-Dtatset-V2/ruu/ruu_1.png,Tulu-Dtatset-V2,ruu,train,a3b6ed1b3458c98f2c9cda4d856e44681a06789c85a40fc4ecd9a84e711bf9f7,361.0,350.0,RGBA,ruu_1.png,.png
/home/manvith/Desktop/Projects/Tulu Dataset/Tulu-Dtatset-V2/ruu/ruu_4.png,Tulu-Dtatset-V2,ruu,train,926362b2d117121f3a4ba757b070cb7334f4aa603e7bdf7736c2bf1707671796,347.0,354.0,RGBA,ruu_4.png,.png
/home/manvith/Desktop/Projects/Tulu Dataset/Tulu-Dtatset-V2/ruu/ruu_93.png,Tulu-Dtatset-V2,ruu,train,88642ae75930a8cedcb55f60637f5e5f0fe9487ccfe88e5e17758c36ca5ac7c9,364.0,348.0,RGBA,ruu_93.png,.png
/home/manvith/Desktop/Projects/Tulu Dataset/Tulu-Dtatset-V2/ruu/ruu_98.png,Tulu-Dtatset-V2,ruu,train,bc8c244f43a513c3d28ddba9192b8c6171f5ce4e332580df19ce0490f5db4eb0,364.0,348.0,RGBA,ruu_98.png,.png
/home/manvith/Desktop/Projects/Tulu Dataset/Tulu-Dtatset-V2/ruu/ruu_50.png,Tulu-Dtatset-V2,ruu,train,3227b47439adb8db9a83d2ba4941c7f2d76eb5622daf91df861f5fefa0f08383,360.0,346.0,RGBA,ruu_50.png,.png
/home/manvith/Desktop/Projects/Tulu Dataset/Tulu-Dtatset-V2/ruu/ruu_21.png,Tulu-Dtatset-V2,ruu,train,b7e7dfc4ce7633a0a85205d86fef75477f7efbe5e466803b2c7857f952aec5cb,360.0,351.0,RGBA,ruu_21.png,.png
/home/manvith/Desktop/Projects/Tulu Dataset/Tulu-Dtatset-V2/ruu/ruu_70.png,Tulu-Dtatset-V2,ruu,train,b7d0b129ce4789ebde45513ea9ab431fc099ee41d26dbc85b098071be2c11e18,360.0,346.0,RGBA,ruu_70.png,.png
/home/manvith/Desktop/Projects/Tulu Dataset/Tulu-Dtatset-V2/ruu/ruu_87.png,Tulu-Dtatset-V2,ruu,train,94f39bd129dc28ae43eff3e468c61cb116540c86864bc2aad1b1a4ca8f1ac49d,364.0,348.0,RGBA,ruu_87.png,.png
/home/manvith/Desktop/Projects/Tulu Dataset/Tulu-Dtatset-V2/ruu/ruu_57.png,Tulu-Dtatset-V2,ruu,train,2cabd0756d2b41c94455ddc5840d8802720517d09c86dfa90430f52c629345e7,360.0,346.0,RGBA,ruu_57.png,.png
/home/manvith/Desktop/Projects/Tulu Dataset/Tulu-Dtatset-V2/ruu/ruu_52.png,Tulu-Dtatset-V2,ruu,train,38a99f03b00ba055face653a1b854d67c8ced600735116e42a76ad0e2cb97a73,360.0,346.0,RGBA,ruu_52.png,.png
/home/manvith/Desktop/Projects/Tulu Dataset/Tulu-Dtatset-V2/ruu/ruu_36.png,Tulu-Dtatset-V2,ruu,train,a7f3da6824bc19a75d80aff67cd8a4b53d27a5a2b01f4da7b524348e573ba75f,360.0,351.0,RGBA,ruu_36.png,.png
/home/manvith/Desktop/Projects/Tulu Dataset/Tulu-Dtatset-V2/ruu/ruu_89.png,Tulu-Dtatset-V2,ruu,train,ea03f6835f7ce155e08719cfdef2de5cb096b88358f167ab8e8c56c34f2e30b3,364.0,348.0,RGBA,ruu_89.png,.png
/home/manvith/Desktop/Projects/Tulu Dataset/Tulu-Dtatset-V2/ruu/ruu_38.png,Tulu-Dtatset-V2,ruu,train,f8266722eac6d3764f998a9364654a2dfd0bd88db330736283ac03aef878d285,360.0,351.0,RGBA,ruu_38.png,.png
/home/manvith/Desktop/Projects/Tulu Dataset/Tulu-Dtatset-V2/ruu/ruu_40.png,Tulu-Dtatset-V2,ruu,train,7952c27e066e2c9356a16787aae83259626ad6cdcffcf0e7eeb1219ab6b41682,360.0,351.0,RGBA,ruu_40.png,.png
/home/manvith/Desktop/Projects/Tulu Dataset/Tulu-Dtatset-V2/ruu/ruu_74.png,Tulu-Dtatset-V2,ruu,train,aff84a8b604063076fe1260f5047c518756daf92091892c34fd2f85ff3f8cb65,364.0,348.0,RGBA,ruu_74.png,.png
/home/manvith/Desktop/Projects/Tulu Dataset/Tulu-Dtatset-V2/ruu/ruu_17.png,Tulu-Dtatset-V2,ruu,train,4e1c7e321327966f85083184254adfaf4732d599cf1e930d95c26485659402a0,360.0,351.0,RGBA,ruu_17.png,.png
/home/manvith/Desktop/Projects/Tulu Dataset/Tulu-Dtatset-V2/ruu/ruu_27.png,Tulu-Dtatset-V2,ruu,train,12d4773ad7fdb46fdf62449dc91a9bf975788d35ee01fe13811906f9732f3cac,360.0,351.0,RGBA,ruu_27.png,.png
/home/manvith/Desktop/Projects/Tulu Dataset/Tulu-Dtatset-V2/ruu/ruu_53.png,Tulu-Dtatset-V2,ruu,train,129eb6e43c7cbd62a1d86471ed9bd9ca8e8d3bd0793f7d34a903880101128ef5,360.0,346.0,RGBA,ruu_53.png,.png
/home/manvith/Desktop/Projects/Tulu Dataset/Tulu-Dtatset-V2/ruu/ruu_32.png,Tulu-Dtatset-V2,ruu,train,ad37b595aac5f873493e45081b601014b69297539ca0dcbb991e1ee65f1effbe,360.0,351.0,RGBA,ruu_32.png,.png
/home/manvith/Desktop/Projects/Tulu Dataset/Tulu-Dtatset-V2/ruu/ruu_86.png,Tulu-Dtatset-V2,ruu,train,1c07b27d1314333e0e9727ec324ec65aa873fa28266747d6f23bd7d75b98f7aa,364.0,348.0,RGBA,ruu_86.png,.png
/home/manvith/Desktop/Projects/Tulu Dataset/Tulu-Dtatset-V2/ruu/ruu_26.png,Tulu-Dtatset-V2,ruu,train,fc60fcc840c98dafb9e5a02d5b5b1c3c00ba14d28adc62661479eee45c14505e,360.0,351.0,RGBA,ruu_26.png,.png
/home/manvith/Desktop/Projects/Tulu Dataset/Tulu-Dtatset-V2/ruu/ruu_45.png,Tulu-Dtatset-V2,ruu,train,56d853d052b15e147caa61f4b409d7b896e461ea2b2c5acdadb0baf1c5511c71,360.0,346.0,RGBA,ruu_45.png,.png
/home/manvith/Desktop/Projects/Tulu Dataset/Tulu-Dtatset-V2/ruu/ruu_65.png,Tulu-Dtatset-V2,ruu,train,47b81f18635996252c75f09bc2165c5bbe487a3a1591d24bd690332314d12322,360.0,346.0,RGBA,ruu_65.png,.png
/home/manvith/Desktop/Projects/Tulu Dataset/Tulu-Dtatset-V2/ruu/ruu_6.png,Tulu-Dtatset-V2,ruu,train,1f4b02a565e845cec68f2aa5f76c9758fb2a5a6f8f40d036f845b3353654a4d3,362.0,348.0,RGBA,ruu_6.png,.png
/home/manvith/Desktop/Projects/Tulu Dataset/Tulu-Dtatset-V2/ruu/ruu_59.png,Tulu-Dtatset-V2,ruu,train,4d6b45b48b922b0683822dd1a79b259d5621cdf4cb78491a1b7a187fc130045f,360.0,346.0,RGBA,ruu_59.png,.png
/home/manvith/Desktop/Projects/Tulu Dataset/Tulu-Dtatset-V2/ruu/ruu_66.png,Tulu-Dtatset-V2,ruu,train,9b0e908e2b022ef7124b9430d608fdd5a7cf220dc6295f3467a6943abcfd423e,360.0,346.0,RGBA,ruu_66.png,.png
/home/manvith/Desktop/Projects/Tulu Dataset/Tulu-Dtatset-V2/ruu/ruu_75.png,Tulu-Dtatset-V2,ruu,train,7b724c5873e378432d53be58e2a810b96893c785ea208638a364fb92cc7e48fa,364.0,348.0,RGBA,ruu_75.png,.png
/home/manvith/Desktop/Projects/Tulu Dataset/Tulu-Dtatset-V2/ruu/ruu_42.png,Tulu-Dtatset-V2,ruu,train,6017c594d80d234d5970e6543949420446401970bdc4227d76726fc1724565fc,360.0,346.0,RGBA,ruu_42.png,.png
/home/manvith/Desktop/Projects/Tulu Dataset/Tulu-Dtatset-V2/ruu/ruu_76.png,Tulu-Dtatset-V2,ruu,train,0c515872edc5d519f5961b33b9228d7cdb9fa1e63f348effd801a7cf2b63f706,364.0,348.0,RGBA,ruu_76.png,.png
/home/manvith/Desktop/Projects/Tulu Dataset/Tulu-Dtatset-V2/ruu/ruu_84.png,Tulu-Dtatset-V2,ruu,train,6fdff8e2afdb3f244c008b80871fe244715d8b52bc3ba3d824f65eab87dadb51,364.0,348.0,RGBA,ruu_84.png,.png
/home/manvith/Desktop/Projects/Tulu Dataset/Tulu-Dtatset-V2/ruu/ruu_92.png,Tulu-Dtatset-V2,ruu,train,d31a4a22b5d52acc623c4e1ac467743cf97c701297a49055317e4b451ca5a224,364.0,348.0,RGBA,ruu_92.png,.png
/home/manvith/Desktop/Projects/Tulu Dataset/Tulu-Dtatset-V2/ruu/ruu_48.png,Tulu-Dtatset-V2,ruu,train,68327336a058aafff733413a8384e3a193962b11eff3bab50c7ee9055f601154,360.0,346.0,RGBA,ruu_48.png,.png
/home/manvith/Desktop/Projects/Tulu Dataset/Tulu-Dtatset-V2/ruu/ruu_30.png,Tulu-Dtatset-V2,ruu,train,2597ee2c08cca33b3176ca47763accadcbec8164d6d3d1f4d5c6008a6acb3105,360.0,351.0,RGBA,ruu_30.png,.png
/home/manvith/Desktop/Projects/Tulu Dataset/Tulu-Dtatset-V2/ruu/ruu_77.png,Tulu-Dtatset-V2,ruu,train,25819a19722c408b92cbd581a01d8d9f89fbcada1727c7e37b4b276b38e1a272,364.0,348.0,RGBA,ruu_77.png,.png
/home/manvith/Desktop/Projects/Tulu Dataset/Tulu-Dtatset-V2/ruu/ruu_97.png,Tulu-Dtatset-V2,ruu,train,d81e3333405d5c3ea164c62477a1fb2495f36510b4f81dda266f3d276d0c19e2,364.0,348.0,RGBA,ruu_97.png,.png
/home/manvith/Desktop/Projects/Tulu Dataset/Tulu-Dtatset-V2/ruu/ruu_7.png,Tulu-Dtatset-V2,ruu,train,49fa30efcf61c9f937430afbb8a2f0cfdea188da09b3089240ae7fee495e4005,359.0,356.0,RGBA,ruu_7.png,.png
/home/manvith/Desktop/Projects/Tulu Dataset/Tulu-Dtatset-V2/ruu/ruu_95.png,Tulu-Dtatset-V2,ruu,train,b5be571a4e7bd67f5741a180c653ac3f3e22f31c1da063cc15f0079b673ffab9,364.0,348.0,RGBA,ruu_95.png,.png
/home/manvith/Desktop/Projects/Tulu Dataset/Tulu-Dtatset-V2/ruu/ruu_41.png,Tulu-Dtatset-V2,ruu,train,073ff129013f1aa4b281377e855b3eb1af3aa5373ea6e99e62531349c9203d86,360.0,346.0,RGBA,ruu_41.png,.png
/home/manvith/Desktop/Projects/Tulu Dataset/Tulu-Dtatset-V2/ruu/ruu_67.png,Tulu-Dtatset-V2,ruu,train,633729c26fc3c5a1858fb9d77f3138cf99a9bf76053bc678177e6e9cb73b2352,360.0,346.0,RGBA,ruu_67.png,.png
/home/manvith/Desktop/Projects/Tulu Dataset/Tulu-Dtatset-V2/ruu/ruu_83.png,Tulu-Dtatset-V2,ruu,train,36f242860f7ebaefed4f5c92b0b3d9ee7f3080f10d9e0ff491735e0f36b80dfb,364.0,348.0,RGBA,ruu_83.png,.png
/home/manvith/Desktop/Projects/Tulu Dataset/Tulu-Dtatset-V2/ruu/ruu_35.png,Tulu-Dtatset-V2,ruu,train,b4f273bc284d88a311e746c9d16413aa2f38d4cd6a7e9fc4224be7170c36cfbb,360.0,351.0,RGBA,ruu_35.png,.png
/home/manvith/Desktop/Projects/Tulu Dataset/Tulu-Dtatset-V2/ruu/ruu_100.png,Tulu-Dtatset-V2,ruu,train,966b6b8c40e87f06884a446b1fec9b4fe51b1bd6b3d687a43c8e6862883ad2a3,364.0,348.0,RGBA,ruu_100.png,.png
/home/manvith/Desktop/Projects/Tulu Dataset/Tulu-Dtatset-V2/ruu/ruu_8.png,Tulu-Dtatset-V2,ruu,train,49f57ab680166b52172341f172a9420a79dca2694a9dedc237d90ea25cb946b1,358.0,352.0,RGBA,ruu_8.png,.png
/home/manvith/Desktop/Projects/Tulu Dataset/Tulu-Dtatset-V2/ruu/ruu_28.png,Tulu-Dtatset-V2,ruu,train,4b1a40132d78fdee21cfc62e2fcacc9a611d5630848f868f2af7acabfcaef66a,360.0,351.0,RGBA,ruu_28.png,.png
/home/manvith/Desktop/Projects/Tulu Dataset/Tulu-Dtatset-V2/ruu/ruu_58.png,Tulu-Dtatset-V2,ruu,train,672bb634d138fcc3308fb251939ff0b06fc6e39f98838974d88947206af764a3,360.0,346.0,RGBA,ruu_58.png,.png
/home/manvith/Desktop/Projects/Tulu Dataset/Tulu-Dtatset-V2/ruu/ruu_96.png,Tulu-Dtatset-V2,ruu,train,ecfc185c078ee60e495d475e3584c912d66826f9f6a0104e6863a8554aa4cfd8,364.0,348.0,RGBA,ruu_96.png,.png
/home/manvith/Desktop/Projects/Tulu Dataset/Tulu-Dtatset-V2/ruu/ruu_16.png,Tulu-Dtatset-V2,ruu,train,4bea3c3b6a9f92ad8926c89d32d237a7b8110f5ca32f0d522864415800bac6e5,360.0,351.0,RGBA,ruu_16.png,.png
/home/manvith/Desktop/Projects/Tulu Dataset/Tulu-Dtatset-V2/ruu/ruu_69.png,Tulu-Dtatset-V2,ruu,train,b72324a8e2e489f3726b6ad98a11f82ac4a0d598d4b68a3f757759cc1c3b5dbb,360.0,346.0,RGBA,ruu_69.png,.png
/home/manvith/Desktop/Projects/Tulu Dataset/Tulu-Dtatset-V2/ruu/ruu_71.png,Tulu-Dtatset-V2,ruu,train,4c4090f0b431489d46b44d692495eaf21b87df3928caa630b3573fee7bf8ee98,364.0,348.0,RGBA,ruu_71.png,.png
/home/manvith/Desktop/Projects/Tulu Dataset/Tulu-Dtatset-V2/ruu/ruu_94.png,Tulu-Dtatset-V2,ruu,train,f34f5634e9cab290c23ae6041fd0c6a321c3e80a79afd892f550d50b7ce458bf,364.0,348.0,RGBA,ruu_94.png,.png
/home/manvith/Desktop/Projects/Tulu Dataset/Tulu-Dtatset-V2/ruu/ruu_78.png,Tulu-Dtatset-V2,ruu,train,6f90fd5f7bc2626ab028cf73101679422d447cdb654ae751c81b674b1562ad22,364.0,348.0,RGBA,ruu_78.png,.png
/home/manvith/Desktop/Projects/Tulu Dataset/Tulu-Dtatset-V2/ruu/ruu_63.png,Tulu-Dtatset-V2,ruu,train,3f4a714b16f53ffba6026aae7edd06c712f55c81d9320e32381a5e563fe0cf88,360.0,346.0,RGBA,ruu_63.png,.png
/home/manvith/Desktop/Projects/Tulu Dataset/Tulu-Dtatset-V2/ruu/ruu_80.png,Tulu-Dtatset-V2,ruu,train,45b6631f5256b30233d453b918bf20bede4c08f02d345f1caee8bdf8d47d5d74,364.0,348.0,RGBA,ruu_80.png,.png
/home/manvith/Desktop/Projects/Tulu Dataset/Tulu-Dtatset-V2/ruu/ruu_12.png,Tulu-Dtatset-V2,ruu,train,37547f628aee705a79fd3d9e66f722c70692d42b6894283d3f0d9d48f17655f3,359.0,352.0,RGBA,ruu_12.png,.png
/home/manvith/Desktop/Projects/Tulu Dataset/Tulu-Dtatset-V2/ruu/ruu_56.png,Tulu-Dtatset-V2,ruu,train,82c27550e58ed5e7aa7fc96d6a6be7cdc5e9f6d46b2969b4e08552bad1224a2c,360.0,346.0,RGBA,ruu_56.png,.png
/home/manvith/Desktop/Projects/Tulu Dataset/Tulu-Dtatset-V2/ruu/ruu_61.png,Tulu-Dtatset-V2,ruu,train,c5c92615a7077cb0f85798db991de6205679a4dfdae1987794ddd19240719acf,360.0,346.0,RGBA,ruu_61.png,.png
/home/manvith/Desktop/Projects/Tulu Dataset/Tulu-Dtatset-V2/ruu/ruu_85.png,Tulu-Dtatset-V2,ruu,train,36f524b845bbf175f289ae830f768e9a3ae63e9969688613145ef7a1b8aa0aa1,364.0,348.0,RGBA,ruu_85.png,.png
/home/manvith/Desktop/Projects/Tulu Dataset/Tulu-Dtatset-V2/ruu/ruu_18.png,Tulu-Dtatset-V2,ruu,train,9455352a367638f4a53ffaad9e267f081d33dcfd3d118b79d839f3578b7b05da,360.0,351.0,RGBA,ruu_18.png,.png
/home/manvith/Desktop/Projects/Tulu Dataset/Tulu-Dtatset-V2/ruu/ruu_51.png,Tulu-Dtatset-V2,ruu,train,1daf9a20f388da1d5875da4a9c968c7899a8b376e56be7005760ecb5bc4965b1,360.0,346.0,RGBA,ruu_51.png,.png
/home/manvith/Desktop/Projects/Tulu Dataset/Tulu-Dtatset-V2/ruu/ruu_82.png,Tulu-Dtatset-V2,ruu,train,247b6cd9fc0c383be8f501d6193008ab6e502906d9bf66f718423e464e5e5cb3,364.0,348.0,RGBA,ruu_82.png,.png
/home/manvith/Desktop/Projects/Tulu Dataset/Tulu-Dtatset-V2/ruu/ruu_31.png,Tulu-Dtatset-V2,ruu,train,b87927ae501437d1079a1bfb2de194c1f336918f3a6ebf4e8ee40704a36504f3,360.0,351.0,RGBA,ruu_31.png,.png
/home/manvith/Desktop/Projects/Tulu Dataset/Tulu-Dtatset-V2/ruu/ruu_23.png,Tulu-Dtatset-V2,ruu,train,db6b8100769f90ae0a9b149abec75ab5ca1687d3020c1d112fcfa7109e4bf5fc,360.0,351.0,RGBA,ruu_23.png,.png
/home/manvith/Desktop/Projects/Tulu Dataset/Tulu-Dtatset-V2/ruu/ruu_34.png,Tulu-Dtatset-V2,ruu,train,4cdde073538a55a44792fbb722b4ed60ec49cef1e14533840a60a3934f6ca83d,360.0,351.0,RGBA,ruu_34.png,.png
/home/manvith/Desktop/Projects/Tulu Dataset/Tulu-Dtatset-V2/ruu/ruu_15.png,Tulu-Dtatset-V2,ruu,train,7811c85613ad2be2468d0c0c26b27f32288fd2d78a32a64327757464b5466867,355.0,357.0,RGBA,ruu_15.png,.png
/home/manvith/Desktop/Projects/Tulu Dataset/Tulu-Dtatset-V2/ruu/ruu_10.png,Tulu-Dtatset-V2,ruu,train,42539570e87c3c2be09d448f5c2be6e454c8821ddc9be742df573f77e964f1ec,364.0,348.0,RGBA,ruu_10.png,.png
/home/manvith/Desktop/Projects/Tulu Dataset/Tulu-Dtatset-V2/ruu/ruu_22.png,Tulu-Dtatset-V2,ruu,train,7fdd814a94f4eccd4fa56932df4d412b8d38790361faa6f2f2bffe4f702a1582,360.0,351.0,RGBA,ruu_22.png,.png
/home/manvith/Desktop/Projects/Tulu Dataset/Tulu-Dtatset-V2/ruu/ruu_24.png,Tulu-Dtatset-V2,ruu,train,fc6c903e3304dd4bbfe338b7031e0e881e2d347b6db316e026985fb310fe9bb9,360.0,351.0,RGBA,ruu_24.png,.png
/home/manvith/Desktop/Projects/Tulu Dataset/Tulu-Dtatset-V2/ruu/ruu_20.png,Tulu-Dtatset-V2,ruu,train,f4ba3c312e7bf145bd0daa52f614b0d5c76af86a7d17ede404a789c0800a3d8e,360.0,351.0,RGBA,ruu_20.png,.png
/home/manvith/Desktop/Projects/Tulu Dataset/Tulu-Dtatset-V2/ruu/ruu_62.png,Tulu-Dtatset-V2,ruu,train,7c1b72c57af9caeddb41f69c6296bb5c2f2e7908fa7f9a7b6d6d4be84ac32abc,360.0,346.0,RGBA,ruu_62.png,.png
/home/manvith/Desktop/Projects/Tulu Dataset/Tulu-Dtatset-V2/ruu/ruu_2.png,Tulu-Dtatset-V2,ruu,train,946cc06fcfd65ea3b17bd371d1df9d92c4d00bf88ba8abd17c5ece1370db2b1a,359.0,355.0,RGBA,ruu_2.png,.png
/home/manvith/Desktop/Projects/Tulu Dataset/Tulu-Dtatset-V2/ruu/ruu_99.png,Tulu-Dtatset-V2,ruu,train,af7e924be16601f01279f918e7d978d29e2abe2b7d4e7b34b6a5d1a6f76ef9a0,364.0,348.0,RGBA,ruu_99.png,.png
/home/manvith/Desktop/Projects/Tulu Dataset/Tulu-Dtatset-V2/ruu/ruu_72.png,Tulu-Dtatset-V2,ruu,train,8e7a957451d42de8b29d95d46e14d12211c2cdcd4df4d3744878e5ab284d840f,364.0,348.0,RGBA,ruu_72.png,.png
/home/manvith/Desktop/Projects/Tulu Dataset/Tulu-Dtatset-V2/ruu/ruu_73.png,Tulu-Dtatset-V2,ruu,train,cb033cc39f63d99ad4627c725f805410acb8d405a41d7632394b1862c2b30710,364.0,348.0,RGBA,ruu_73.png,.png
/home/manvith/Desktop/Projects/Tulu Dataset/Tulu-Dtatset-V2/sa/sa_39.png,Tulu-Dtatset-V2,sa,train,12bd2fbd06e02793878cdf91bf7a27f27e69b1d2ecbce0e2d03d9ecf24664d21,353.0,350.0,RGBA,sa_39.png,.png
/home/manvith/Desktop/Projects/Tulu Dataset/Tulu-Dtatset-V2/sa/sa_57.png,Tulu-Dtatset-V2,sa,train,57ea366b7e2aa5c87c2bd9ea6b6610e4e1230bbaddba5a89c379be54060a6f6b,352.0,341.0,RGBA,sa_57.png,.png
/home/manvith/Desktop/Projects/Tulu Dataset/Tulu-Dtatset-V2/sa/sa_7.png,Tulu-Dtatset-V2,sa,train,93bbed5d8b9b871f0336610ca2ba5c2aa2eff605a2a2ab7149ac8f0d2ab58872,360.0,341.0,RGBA,sa_7.png,.png
/home/manvith/Desktop/Projects/Tulu Dataset/Tulu-Dtatset-V2/sa/sa_32.png,Tulu-Dtatset-V2,sa,train,63540a292db3ee30cf2205176f96fa49a99d9796eb1a5074be2fd8b016d402d8,353.0,350.0,RGBA,sa_32.png,.png
/home/manvith/Desktop/Projects/Tulu Dataset/Tulu-Dtatset-V2/sa/sa_60.png,Tulu-Dtatset-V2,sa,train,905da514ecce6baf7ad41df6071dcb4c5794a610b75f66944f747fe8e5b0df3d,352.0,341.0,RGBA,sa_60.png,.png
/home/manvith/Desktop/Projects/Tulu Dataset/Tulu-Dtatset-V2/sa/sa_98.png,Tulu-Dtatset-V2,sa,train,0247d5e20718a70187e7333d44e8d87f6e3087886667d4d1edff022399804911,352.0,353.0,RGBA,sa_98.png,.png
/home/manvith/Desktop/Projects/Tulu Dataset/Tulu-Dtatset-V2/sa/sa_43.png,Tulu-Dtatset-V2,sa,train,4436d465cc2afc841dd1c5fdfb8805c17aba0ad36be193d70cbc4d58276185a9,353.0,350.0,RGBA,sa_43.png,.png
/home/manvith/Desktop/Projects/Tulu Dataset/Tulu-Dtatset-V2/sa/sa_21.png,Tulu-Dtatset-V2,sa,train,e022a9a4e9cb93ef114915f22a2cf2fe88114d3531b898ca2dcf1b225a5ce565,353.0,350.0,RGBA,sa_21.png,.png
/home/manvith/Desktop/Projects/Tulu Dataset/Tulu-Dtatset-V2/sa/sa_53.png,Tulu-Dtatset-V2,sa,train,8e2b5e44d785af558d0584d0e4f6b3028a0aa0f7b0716f8b5d0f56bca4bd54cb,352.0,341.0,RGBA,sa_53.png,.png
/home/manvith/Desktop/Projects/Tulu Dataset/Tulu-Dtatset-V2/sa/sa_76.png,Tulu-Dtatset-V2,sa,train,ede5ef57fea9f98e11def353cd6c2c31b5df4383b45a588d2797737dcffe8289,352.0,353.0,RGBA,sa_76.png,.png
/home/manvith/Desktop/Projects/Tulu Dataset/Tulu-Dtatset-V2/sa/sa_23.png,Tulu-Dtatset-V2,sa,train,c9c6160dc48922607cc2ca2e551438a67ccf55010936702076edf33b55ce6c96,353.0,350.0,RGBA,sa_23.png,.png
/home/manvith/Desktop/Projects/Tulu Dataset/Tulu-Dtatset-V2/sa/sa_15.png,Tulu-Dtatset-V2,sa,train,d3afc5d7c325935586112e5eb2b0810153d042c67f9afbbe1a2b24ccf4404d63,360.0,346.0,RGBA,sa_15.png,.png
/home/manvith/Desktop/Projects/Tulu Dataset/Tulu-Dtatset-V2/sa/sa_82.png,Tulu-Dtatset-V2,sa,train,644f8ea0348e46c72866c409c9e7e5c35ea9f26074ff6a58ecf9c0effd82b62b,352.0,353.0,RGBA,sa_82.png,.png
/home/manvith/Desktop/Projects/Tulu Dataset/Tulu-Dtatset-V2/sa/sa_99.png,Tulu-Dtatset-V2,sa,train,81085312fa520c7292f44b1eeee5b0114201a27374ea151181502a7090eb4138,352.0,353.0,RGBA,sa_99.png,.png
/home/manvith/Desktop/Projects/Tulu Dataset/Tulu-Dtatset-V2/sa/sa_93.png,Tulu-Dtatset-V2,sa,train,0ea3c9683e468794ec1e4b47b9a2c234bb361d3175c988a7a83a32159efff861,352.0,353.0,RGBA,sa_93.png,.png
/home/manvith/Desktop/Projects/Tulu Dataset/Tulu-Dtatset-V2/sa/sa_25.png,Tulu-Dtatset-V2,sa,train,26649738d5692120414838610aeac668e544339454be26c494cabca5fcf54657,353.0,350.0,RGBA,sa_25.png,.png
/home/manvith/Desktop/Projects/Tulu Dataset/Tulu-Dtatset-V2/sa/sa_55.png,Tulu-Dtatset-V2,sa,train,0749a5854cd7c00ef46c3319e921ec34a458f684215bb62550d63cc08a97e74c,352.0,341.0,RGBA,sa_55.png,.png
/home/manvith/Desktop/Projects/Tulu Dataset/Tulu-Dtatset-V2/sa/sa_19.png,Tulu-Dtatset-V2,sa,train,0d063c38eac46ae9758a7179b1c3b9c76455f7375d3be777ce26791f7640964f,353.0,350.0,RGBA,sa_19.png,.png
/home/manvith/Desktop/Projects/Tulu Dataset/Tulu-Dtatset-V2/sa/sa_33.png,Tulu-Dtatset-V2,sa,train,be0a707ba70815e17db7c8c49b3ad75899513f6ae8a319325c956b79f143949b,353.0,350.0,RGBA,sa_33.png,.png
/home/manvith/Desktop/Projects/Tulu Dataset/Tulu-Dtatset-V2/sa/sa_96.png,Tulu-Dtatset-V2,sa,train,fcc3ddeebfa888152094c8136d739a1ba9e40717bf5e13033e84b06829be90f9,352.0,353.0,RGBA,sa_96.png,.png
/home/manvith/Desktop/Projects/Tulu Dataset/Tulu-Dtatset-V2/sa/sa_67.png,Tulu-Dtatset-V2,sa,train,80ed10c87fb98eeb6edc032af2da7cf4e7c3488f3a90f444788aa9b54534cb84,352.0,341.0,RGBA,sa_67.png,.png
/home/manvith/Desktop/Projects/Tulu Dataset/Tulu-Dtatset-V2/sa/sa_62.png,Tulu-Dtatset-V2,sa,train,69e76dee780761061e9f4157c9e6e2a63556ab7ccb45b5be5acf07ae04a522ff,352.0,341.0,RGBA,sa_62.png,.png
/home/manvith/Desktop/Projects/Tulu Dataset/Tulu-Dtatset-V2/sa/sa_34.png,Tulu-Dtatset-V2,sa,train,4379c71f9206bc014e0b318a0d5d3b0d2eebe52335a15db2056fcfb4ebe503ba,353.0,350.0,RGBA,sa_34.png,.png
/home/manvith/Desktop/Projects/Tulu Dataset/Tulu-Dtatset-V2/sa/sa_74.png,Tulu-Dtatset-V2,sa,train,ae7ffcb5f3ada18041091e9372fb90494f0bca9cef0ec7de84c4d3b4afb25a72,352.0,353.0,RGBA,sa_74.png,.png
/home/manvith/Desktop/Projects/Tulu Dataset/Tulu-Dtatset-V2/sa/sa_88.png,Tulu-Dtatset-V2,sa,train,a209da888c75450ba50718db696a3e8111aa081c005aa513294674dde26fcf93,352.0,353.0,RGBA,sa_88.png,.png
/home/manvith/Desktop/Projects/Tulu Dataset/Tulu-Dtatset-V2/sa/sa_24.png,Tulu-Dtatset-V2,sa,train,ead26e69cf5a2e972cc36c64629545b95a260247f69eb9b3fb15c6418beec541,353.0,350.0,RGBA,sa_24.png,.png
/home/manvith/Desktop/Projects/Tulu Dataset/Tulu-Dtatset-V2/sa/sa_48.png,Tulu-Dtatset-V2,sa,train,3bb550c6ae1b6113247cb7846b0e8ae27b89d6332eef4502828bd525710e1bba,353.0,350.0,RGBA,sa_48.png,.png
/home/manvith/Desktop/Projects/Tulu Dataset/Tulu-Dtatset-V2/sa/sa_31.png,Tulu-Dtatset-V2,sa,train,80537d9fad92af1146888a71b0e98446e7f98486c8535addf9ddaf9bf835ceb9,353.0,350.0,RGBA,sa_31.png,.png
/home/manvith/Desktop/Projects/Tulu Dataset/Tulu-Dtatset-V2/sa/sa_13.png,Tulu-Dtatset-V2,sa,train,dc0a3fb200693634519ec98edc156f9361f252a716850435a5b9ebcc3144e242,350.0,357.0,RGBA,sa_13.png,.png
/home/manvith/Desktop/Projects/Tulu Dataset/Tulu-Dtatset-V2/sa/sa_83.png,Tulu-Dtatset-V2,sa,train,60e61fa20479518202426a04a4346b81df0d8b4e49aaf0bdab843882f6088b86,352.0,353.0,RGBA,sa_83.png,.png
/home/manvith/Desktop/Projects/Tulu Dataset/Tulu-Dtatset-V2/sa/sa_26.png,Tulu-Dtatset-V2,sa,train,a32cbba7947000f8836c50331fd214f93402113e11245111172d835ca542528b,353.0,350.0,RGBA,sa_26.png,.png
/home/manvith/Desktop/Projects/Tulu Dataset/Tulu-Dtatset-V2/sa/sa_63.png,Tulu-Dtatset-V2,sa,train,6379c121da5740a9c218127980ce7361e80f3ae0b20db9631b953faf7e8698d0,352.0,341.0,RGBA,sa_63.png,.png
/home/manvith/Desktop/Projects/Tulu Dataset/Tulu-Dtatset-V2/sa/sa_49.png,Tulu-Dtatset-V2,sa,train,64720f8a9b17b513922dbd823c25272496029e9bc94c14c73d7f2c514e8223c7,353.0,350.0,RGBA,sa_49.png,.png
/home/manvith/Desktop/Projects/Tulu Dataset/Tulu-Dtatset-V2/sa/sa_52.png,Tulu-Dtatset-V2,sa,train,60f21551adb9ff5c57611dd9a82a3bfe48aa51dbda132118b12c446f09836732,352.0,341.0,RGBA,sa_52.png,.png
/home/manvith/Desktop/Projects/Tulu Dataset/Tulu-Dtatset-V2/sa/sa_81.png,Tulu-Dtatset-V2,sa,train,8d0b9bb56134055a556a10666d6a326a4f6ceb5aa0c07085b0f1e1c2f6644b4d,352.0,353.0,RGBA,sa_81.png,.png
/home/manvith/Desktop/Projects/Tulu Dataset/Tulu-Dtatset-V2/sa/sa_6.png,Tulu-Dtatset-V2,sa,train,4c3a3fe784e317917b1112a4776e3ce6f44a843a6887ab30951aec47818a0a73,358.0,343.0,RGBA,sa_6.png,.png
/home/manvith/Desktop/Projects/Tulu Dataset/Tulu-Dtatset-V2/sa/sa_45.png,Tulu-Dtatset-V2,sa,train,f646a8bc03c1c9a08f683a867023b5e26c8fdb1a08486b71bb1a51e8e7f4a022,353.0,350.0,RGBA,sa_45.png,.png
/home/manvith/Desktop/Projects/Tulu Dataset/Tulu-Dtatset-V2/sa/sa_17.png,Tulu-Dtatset-V2,sa,train,c5ba432f8d0e3041f7d4d7742001acdeda4969806f05125178476b5f2aff28a5,353.0,350.0,RGBA,sa_17.png,.png
/home/manvith/Desktop/Projects/Tulu Dataset/Tulu-Dtatset-V2/sa/sa_61.png,Tulu-Dtatset-V2,sa,train,b22b73043bb876132eadb33e47fb91fa303a0cdfda0329b2423cd850c158dbc5,352.0,341.0,RGBA,sa_61.png,.png
/home/manvith/Desktop/Projects/Tulu Dataset/Tulu-Dtatset-V2/sa/sa_29.png,Tulu-Dtatset-V2,sa,train,29dc8d4995637353322dbbea8cbab7925b50c27e21ff6f63c09a7482d7fbf4aa,353.0,350.0,RGBA,sa_29.png,.png
/home/manvith/Desktop/Projects/Tulu Dataset/Tulu-Dtatset-V2/sa/sa_10.png,Tulu-Dtatset-V2,sa,train,e67068ca71b07a7c53b81ce3374df4a44441bf915ebc1e31adc4000c984c03da,353.0,350.0,RGBA,sa_10.png,.png
/home/manvith/Desktop/Projects/Tulu Dataset/Tulu-Dtatset-V2/sa/sa_85.png,Tulu-Dtatset-V2,sa,train,019765aa2475371331c0697b3d02ad4e76090088e7edb4c791675001b067fdc8,352.0,353.0,RGBA,sa_85.png,.png
/home/manvith/Desktop/Projects/Tulu Dataset/Tulu-Dtatset-V2/sa/sa_4.png,Tulu-Dtatset-V2,sa,train,4e0d1ed6447463d2f8d2af29bdf008b928d3a052232dc6ce21fbd88013511a13,356.0,340.0,RGBA,sa_4.png,.png
/home/manvith/Desktop/Projects/Tulu Dataset/Tulu-Dtatset-V2/sa/sa_100.png,Tulu-Dtatset-V2,sa,train,fb75f5460a7faf1933d5869084bd8896d06c95aac62bf99dc79b7032b468151c,352.0,353.0,RGBA,sa_100.png,.png
/home/manvith/Desktop/Projects/Tulu Dataset/Tulu-Dtatset-V2/sa/sa_51.png,Tulu-Dtatset-V2,sa,train,ffaf63510237f723963ac61e707a621c8a81145240ee3274bddc16a8f4c43f91,352.0,341.0,RGBA,sa_51.png,.png
/home/manvith/Desktop/Projects/Tulu Dataset/Tulu-Dtatset-V2/sa/sa_44.png,Tulu-Dtatset-V2,sa,train,936bc40fb8eda7adca98ccaae718c54793e6b2852b1b098899180e4674cbb70b,353.0,350.0,RGBA,sa_44.png,.png
/home/manvith/Desktop/Projects/Tulu Dataset/Tulu-Dtatset-V2/sa/sa_22.png,Tulu-Dtatset-V2,sa,train,1973dbd372e4757b0c5719cefe510f6e210f4417c1ef6a6ab87a74dd5bd1fb14,353.0,350.0,RGBA,sa_22.png,.png
/home/manvith/Desktop/Projects/Tulu Dataset/Tulu-Dtatset-V2/sa/sa_97.png,Tulu-Dtatset-V2,sa,train,dd78be16236bd7212d7dbd2ef06bed818faefcf2b40d8318274bacc49d6621e9,352.0,353.0,RGBA,sa_97.png,.png
/home/manvith/Desktop/Projects/Tulu Dataset/Tulu-Dtatset-V2/sa/sa_14.png,Tulu-Dtatset-V2,sa,train,32c0d095240fd0956d74c9e1ed07e620da195482b3658def3935f851def6fa62,365.0,332.0,RGBA,sa_14.png,.png
/home/manvith/Desktop/Projects/Tulu Dataset/Tulu-Dtatset-V2/sa/sa_11.png,Tulu-Dtatset-V2,sa,train,87fc425d6c92654764a27e86063a906c2a3196163c98b820e56f47b96cc20c08,368.0,341.0,RGBA,sa_11.png,.png
/home/manvith/Desktop/Projects/Tulu Dataset/Tulu-Dtatset-V2/sa/sa_59.png,Tulu-Dtatset-V2,sa,train,930c173a3d4d7de135c3ca7b94edf67be5d9dc9983bdfee2742dc450773efaa0,352.0,341.0,RGBA,sa_59.png,.png
/home/manvith/Desktop/Projects/Tulu Dataset/Tulu-Dtatset-V2/sa/sa_2.png,Tulu-Dtatset-V2,sa,train,7b9b1497e25c8bda0d38239a163bd5822cc2ceef838d28fd37489b04997ec67d,367.0,337.0,RGBA,sa_2.png,.png
/home/manvith/Desktop/Projects/Tulu Dataset/Tulu-Dtatset-V2/sa/sa_27.png,Tulu-Dtatset-V2,sa,train,3443b97a91e420706647cb8e630c6c6fc653c48848a8b6c20bfc11ac86a75c11,353.0,350.0,RGBA,sa_27.png,.png
/home/manvith/Desktop/Projects/Tulu Dataset/Tulu-Dtatset-V2/sa/sa_78.png,Tulu-Dtatset-V2,sa,train,868cbc2d40cf52e6c963f6a3611e57e89f067b495193bcbab964915c0fa20970,352.0,353.0,RGBA,sa_78.png,.png
/home/manvith/Desktop/Projects/Tulu Dataset/Tulu-Dtatset-V2/sa/sa_8.png,Tulu-Dtatset-V2,sa,train,8c1b9b0f78ec025dc145f212b28154c1feea347abe035f9c3556e9365ca662ed,352.0,341.0,RGBA,sa_8.png,.png
/home/manvith/Desktop/Projects/Tulu Dataset/Tulu-Dtatset-V2/sa/sa_56.png,Tulu-Dtatset-V2,sa,train,f4aaa6c5b1afa3d7b8e3a44222f7fc9cb6432e06d14f1a17f904d72b1d30ee57,352.0,341.0,RGBA,sa_56.png,.png
/home/manvith/Desktop/Projects/Tulu Dataset/Tulu-Dtatset-V2/sa/sa_58.png,Tulu-Dtatset-V2,sa,train,81debc20f7de6b464c929e31b1312607e2910a812a1c905fa88c0f4219dc48c0,352.0,341.0,RGBA,sa_58.png,.png
/home/manvith/Desktop/Projects/Tulu Dataset/Tulu-Dtatset-V2/sa/sa_80.png,Tulu-Dtatset-V2,sa,train,1567833c2721c8988edf1b6df8d2a7731744d1422f698df1f7778bf838d835a4,352.0,353.0,RGBA,sa_80.png,.png
/home/manvith/Desktop/Projects/Tulu Dataset/Tulu-Dtatset-V2/sa/sa_66.png,Tulu-Dtatset-V2,sa,train,e3a227667be892a0f098368186b0ee4e763115a3450ffcfc33b9deeb8cfd3afb,352.0,341.0,RGBA,sa_66.png,.png
/home/manvith/Desktop/Projects/Tulu Dataset/Tulu-Dtatset-V2/sa/sa_18.png,Tulu-Dtatset-V2,sa,train,484dc1ea1175ee7d5954bd662ecea0e45b54e991df60be12e0021697f6eeffbc,353.0,350.0,RGBA,sa_18.png,.png
/home/manvith/Desktop/Projects/Tulu Dataset/Tulu-Dtatset-V2/sa/sa_65.png,Tulu-Dtatset-V2,sa,train,928b367065908d5e0fc575fc55ceef0acd0a315d731f9522eed371469d2fe0de,352.0,341.0,RGBA,sa_65.png,.png
/home/manvith/Desktop/Projects/Tulu Dataset/Tulu-Dtatset-V2/sa/sa_42.png,Tulu-Dtatset-V2,sa,train,280adab73163fd2664158bb2ea3e677aca248278134936581174b7b92756a6dc,353.0,350.0,RGBA,sa_42.png,.png
/home/manvith/Desktop/Projects/Tulu Dataset/Tulu-Dtatset-V2/sa/sa_86.png,Tulu-Dtatset-V2,sa,train,675400e814d4d571eeec522ec159b261f114724903de72b09c71c8dba2205942,352.0,353.0,RGBA,sa_86.png,.png
/home/manvith/Desktop/Projects/Tulu Dataset/Tulu-Dtatset-V2/sa/sa_69.png,Tulu-Dtatset-V2,sa,train,83dbe26b96faa66f7f0eacb0a2725414289513017acc33ef18643248b6d17970,352.0,341.0,RGBA,sa_69.png,.png
/home/manvith/Desktop/Projects/Tulu Dataset/Tulu-Dtatset-V2/sa/sa_89.png,Tulu-Dtatset-V2,sa,train,fc21cebdca7132ff958f222276bd8da903cb1cd82d5eb7371a8fc33a6aeee019,352.0,353.0,RGBA,sa_89.png,.png
/home/manvith/Desktop/Projects/Tulu Dataset/Tulu-Dtatset-V2/sa/sa_73.png,Tulu-Dtatset-V2,sa,train,20f4337d57253ddfda150fef7ee40a69b44f5291328512266eaf07e45791cc6e,352.0,353.0,RGBA,sa_73.png,.png
/home/manvith/Desktop/Projects/Tulu Dataset/Tulu-Dtatset-V2/sa/sa_91.png,Tulu-Dtatset-V2,sa,train,8a100647e8f2f84eaefc90acd3446e5375d4f649780ee71534241fc4cb79a215,352.0,353.0,RGBA,sa_91.png,.png
/home/manvith/Desktop/Projects/Tulu Dataset/Tulu-Dtatset-V2/sa/sa_90.png,Tulu-Dtatset-V2,sa,train,e86756834085bc21646f558c37dd9f2baaf66021b95f44ae118b161cecb5e828,352.0,353.0,RGBA,sa_90.png,.png
/home/manvith/Desktop/Projects/Tulu Dataset/Tulu-Dtatset-V2/sa/sa_72.png,Tulu-Dtatset-V2,sa,train,e08adc542fd698fc7d4174c13bc82947c770d6c33163e9b3f43853e175328c6f,352.0,353.0,RGBA,sa_72.png,.png
/home/manvith/Desktop/Projects/Tulu Dataset/Tulu-Dtatset-V2/sa/sa_3.png,Tulu-Dtatset-V2,sa,train,f187219d9efa95c0016f351b49dc4fe1d8f655e078c2ddd63f7be9b36b2961d1,365.0,336.0,RGBA,sa_3.png,.png
/home/manvith/Desktop/Projects/Tulu Dataset/Tulu-Dtatset-V2/sa/sa_84.png,Tulu-Dtatset-V2,sa,train,56273a628b8dc7f189cbf4f98924dbad6d5924300d854ba56400300ed060db6c,352.0,353.0,RGBA,sa_84.png,.png
/home/manvith/Desktop/Projects/Tulu Dataset/Tulu-Dtatset-V2/sa/sa_95.png,Tulu-Dtatset-V2,sa,train,56e9f4a187f25ac8f69f6a485d10fdaaac60231ab6d8660acbffc3ffca648ffd,352.0,353.0,RGBA,sa_95.png,.png
/home/manvith/Desktop/Projects/Tulu Dataset/Tulu-Dtatset-V2/sa/sa_9.png,Tulu-Dtatset-V2,sa,train,899d36361af4610e542be5771d7b526a5100efb4d43378423dc7c7ff7dc53cdd,358.0,354.0,RGBA,sa_9.png,.png
/home/manvith/Desktop/Projects/Tulu Dataset/Tulu-Dtatset-V2/sa/sa_87.png,Tulu-Dtatset-V2,sa,train,ee8030a826c8ea66c98d4f4ca92f424abe15ee5afc1cd5b79dbdf70d99e716e2,352.0,353.0,RGBA,sa_87.png,.png
/home/manvith/Desktop/Projects/Tulu Dataset/Tulu-Dtatset-V2/sa/sa_71.png,Tulu-Dtatset-V2,sa,train,52ef16244765d3cfb7bab467b7e6ab6e379f1f933fe1db2308ae228a9686a89c,352.0,353.0,RGBA,sa_71.png,.png
/home/manvith/Desktop/Projects/Tulu Dataset/Tulu-Dtatset-V2/sa/sa_94.png,Tulu-Dtatset-V2,sa,train,71e17afa76253d723b5b8ac1716ba7b5f82df881a4a1a773cdb0e2f98d0e1b5b,352.0,353.0,RGBA,sa_94.png,.png
/home/manvith/Desktop/Projects/Tulu Dataset/Tulu-Dtatset-V2/sa/sa_37.png,Tulu-Dtatset-V2,sa,train,71b179cbe9e1630cb7747794fa9008a5ed1a27d83280d99c9bec75dff057dbdd,353.0,350.0,RGBA,sa_37.png,.png
/home/manvith/Desktop/Projects/Tulu Dataset/Tulu-Dtatset-V2/sa/sa_38.png,Tulu-Dtatset-V2,sa,train,20019679dad07211c561f4a7253d91f30506c2e04be7461dce2a7a6913043c34,353.0,350.0,RGBA,sa_38.png,.png
/home/manvith/Desktop/Projects/Tulu Dataset/Tulu-Dtatset-V2/sa/sa_20.png,Tulu-Dtatset-V2,sa,train,d6729df2d3211a7cba7e7ae088dc3aec9b24a4908df56fb5a4a6102dbcfa3a8c,353.0,350.0,RGBA,sa_20.png,.png
/home/manvith/Desktop/Projects/Tulu Dataset/Tulu-Dtatset-V2/sha/sha_39.png,Tulu-Dtatset-V2,sha,train,0025e654e7439377200f46ee05e5050add1371590c1ceff477a2a66da41d916d,357.0,352.0,RGBA,sha_39.png,.png
/home/manvith/Desktop/Projects/Tulu Dataset/Tulu-Dtatset-V2/sha/sha_43.png,Tulu-Dtatset-V2,sha,train,59c798ddd93b07f184ad2d6843d638e673da428d54cb43457b4cc894754c384c,357.0,352.0,RGBA,sha_43.png,.png
/home/manvith/Desktop/Projects/Tulu Dataset/Tulu-Dtatset-V2/sha/sha_70.png,Tulu-Dtatset-V2,sha,train,5cd4807d16668dd69229c5d2b2d67af938671638be38852aba67b122d36116f4,368.0,323.0,RGBA,sha_70.png,.png
/home/manvith/Desktop/Projects/Tulu Dataset/Tulu-Dtatset-V2/sha/sha_54.png,Tulu-Dtatset-V2,sha,train,52dccb830b1548d1b1decff6c3139d486c5826c542e669594aadc0c97fbb28a8,368.0,323.0,RGBA,sha_54.png,.png
/home/manvith/Desktop/Projects/Tulu Dataset/Tulu-Dtatset-V2/sha/sha_76.png,Tulu-Dtatset-V2,sha,train,2cb07a65fbdfa793d61b460d10c42cfa72fefc5d76ed47a76de9247ca8fdf2db,340.0,354.0,RGBA,sha_76.png,.png
/home/manvith/Desktop/Projects/Tulu Dataset/Tulu-Dtatset-V2/sha/sha_20.png,Tulu-Dtatset-V2,sha,train,e09245eba93daf65b4b18c1c69496b586b12394dba928928fa19a729c37fff15,357.0,352.0,RGBA,sha_20.png,.png
/home/manvith/Desktop/Projects/Tulu Dataset/Tulu-Dtatset-V2/sha/sha_75.png,Tulu-Dtatset-V2,sha,train,9cccb844dc789825531e728ee28b66db5283c03647280f7d68517a5a2783935e,340.0,354.0,RGBA,sha_75.png,.png
/home/manvith/Desktop/Projects/Tulu Dataset/Tulu-Dtatset-V2/sha/sha_100.png,Tulu-Dtatset-V2,sha,train,9837b3fae4029c6d3fa3b58c7c1519c6ace9e5359624f0966ea2f78a6c12b8a7,340.0,354.0,RGBA,sha_100.png,.png
/home/manvith/Desktop/Projects/Tulu Dataset/Tulu-Dtatset-V2/sha/sha_65.png,Tulu-Dtatset-V2,sha,train,f967bd8e90e516df3248300e6324a2b6cc4b9355f09c1ccbc473cf2b28176b3f,368.0,323.0,RGBA,sha_65.png,.png
/home/manvith/Desktop/Projects/Tulu Dataset/Tulu-Dtatset-V2/sha/sha_77.png,Tulu-Dtatset-V2,sha,train,eabe0484b515df748c7c4e473b46c02225fb32a4fca158e04698c8e69b10fa48,340.0,354.0,RGBA,sha_77.png,.png
/home/manvith/Desktop/Projects/Tulu Dataset/Tulu-Dtatset-V2/sha/sha_46.png,Tulu-Dtatset-V2,sha,train,582b8516fd5cd453acd1468308b32d4cb9a223b6fd3f09ac95afeaf9dbfcef94,357.0,352.0,RGBA,sha_46.png,.png
/home/manvith/Desktop/Projects/Tulu Dataset/Tulu-Dtatset-V2/sha/sha_47.png,Tulu-Dtatset-V2,sha,train,fb3ba5a584cde30851c27a33c6b1a06908b42f52e2467191b4a312cc6aa2edc1,357.0,352.0,RGBA,sha_47.png,.png
/home/manvith/Desktop/Projects/Tulu Dataset/Tulu-Dtatset-V2/sha/sha_82.png,Tulu-Dtatset-V2,sha,train,0a5d55f55bdcadcf5868eb9af57cb2ec56b9fb4a9145fd6444c27efad33016cd,340.0,354.0,RGBA,sha_82.png,.png
/home/manvith/Desktop/Projects/Tulu Dataset/Tulu-Dtatset-V2/sha/sha_31.png,Tulu-Dtatset-V2,sha,train,aae7ece94ec3a520776d4989e39eed8ed037f9ac413e42f5844195ef8980d3ae,357.0,352.0,RGBA,sha_31.png,.png
/home/manvith/Desktop/Projects/Tulu Dataset/Tulu-Dtatset-V2/sha/sha_97.png,Tulu-Dtatset-V2,sha,train,b31690c5c1d2c5350386ca2f052221d857007cfbdc7215951508bcdf05738fb8,340.0,354.0,RGBA,sha_97.png,.png
/home/manvith/Desktop/Projects/Tulu Dataset/Tulu-Dtatset-V2/sha/sha_40.png,Tulu-Dtatset-V2,sha,train,cdc111ea72057e705d3f4700a4b2c8442b1652ac601761eca28fcab44654424d,357.0,352.0,RGBA,sha_40.png,.png
/home/manvith/Desktop/Projects/Tulu Dataset/Tulu-Dtatset-V2/sha/sha_69.png,Tulu-Dtatset-V2,sha,train,9da83b4dc1a08c8f78e46f87fd0e78b6a47e44dc87283c78ec62c1b6e80f6920,368.0,323.0,RGBA,sha_69.png,.png
/home/manvith/Desktop/Projects/Tulu Dataset/Tulu-Dtatset-V2/sha/sha_49.png,Tulu-Dtatset-V2,sha,train,ac1aeb792c6d307c7d8e173e944f0ee43993b979cfca3ae7ff4ef9b1ad03b0f6,357.0,352.0,RGBA,sha_49.png,.png
/home/manvith/Desktop/Projects/Tulu Dataset/Tulu-Dtatset-V2/sha/sha_32.png,Tulu-Dtatset-V2,sha,train,8e1e059f44dce364eae8f42cbfec7be0a73e02ab23bbad8dfdc63421a3f0e70f,357.0,352.0,RGBA,sha_32.png,.png
/home/manvith/Desktop/Projects/Tulu Dataset/Tulu-Dtatset-V2/sha/sha_3.png,Tulu-Dtatset-V2,sha,train,88b6f1159709059db1836ea4bf63d22ee4e05c5d8853107660d548bf7745849e,340.0,354.0,RGBA,sha_3.png,.png
/home/manvith/Desktop/Projects/Tulu Dataset/Tulu-Dtatset-V2/sha/sha_37.png,Tulu-Dtatset-V2,sha,train,c5b2253244cd4451fba4836e04fea773b8111c90f08120ac852c046c2be89218,357.0,352.0,RGBA,sha_37.png,.png
/home/manvith/Desktop/Projects/Tulu Dataset/Tulu-Dtatset-V2/sha/sha_89.png,Tulu-Dtatset-V2,sha,train,d46f82fb7dc3450bbe57a2a00057ac1337550543d7f746ac0743e9424d3d2699,340.0,354.0,RGBA,sha_89.png,.png
/home/manvith/Desktop/Projects/Tulu Dataset/Tulu-Dtatset-V2/sha/sha_25.png,Tulu-Dtatset-V2,sha,train,0e70a7d8e65e253899ded33ad8e57c8411407b77c5859bb4af0bea68b25dd741,357.0,352.0,RGBA,sha_25.png,.png
/home/manvith/Desktop/Projects/Tulu Dataset/Tulu-Dtatset-V2/sha/sha_19.png,Tulu-Dtatset-V2,sha,train,889469c8b5bb467ac089a871d87ef59fa144dcac187b31b6bc2829f5cfc6b85f,357.0,352.0,RGBA,sha_19.png,.png
/home/manvith/Desktop/Projects/Tulu Dataset/Tulu-Dtatset-V2/sha/sha_44.png,Tulu-Dtatset-V2,sha,train,181fdc2c1ac003195c2640aaf5ab307913598dd2f16851e652b925b6af5da099,357.0,352.0,RGBA,sha_44.png,.png
/home/manvith/Desktop/Projects/Tulu Dataset/Tulu-Dtatset-V2/sha/sha_85.png,Tulu-Dtatset-V2,sha,train,81f83eedf10b7c1cfbad0e1d86a39223b7f5c67269a15435467b4e0c4414fef3,340.0,354.0,RGBA,sha_85.png,.png
/home/manvith/Desktop/Projects/Tulu Dataset/Tulu-Dtatset-V2/sha/sha_60.png,Tulu-Dtatset-V2,sha,train,4e20fd56260270d549a26107aa384baa46f3b48cf815f828bc987bf49a535179,368.0,323.0,RGBA,sha_60.png,.png
/home/manvith/Desktop/Projects/Tulu Dataset/Tulu-Dtatset-V2/sha/sha_21.png,Tulu-Dtatset-V2,sha,train,3544f664514d21d4c033504a7b067ade54cbd415518bd2a37d94832d86137aa2,357.0,352.0,RGBA,sha_21.png,.png
/home/manvith/Desktop/Projects/Tulu Dataset/Tulu-Dtatset-V2/sha/sha_98.png,Tulu-Dtatset-V2,sha,train,c3bc252dc9fb05bd8bf3becfc68b5c05ed06f2b9a1e7eb6bfe275353cd939301,340.0,354.0,RGBA,sha_98.png,.png
/home/manvith/Desktop/Projects/Tulu Dataset/Tulu-Dtatset-V2/sha/sha_64.png,Tulu-Dtatset-V2,sha,train,d6f6baa9c2f701f8b948501687ab8a5eae9ebbb692ae1e31f49ff252c5f29e5e,368.0,323.0,RGBA,sha_64.png,.png
/home/manvith/Desktop/Projects/Tulu Dataset/Tulu-Dtatset-V2/sha/sha_80.png,Tulu-Dtatset-V2,sha,train,0e61c9e3465878bfd68c0c356f4cbca4d6a60389a71b8194cb7b8e08237fb539,340.0,354.0,RGBA,sha_80.png,.png
/home/manvith/Desktop/Projects/Tulu Dataset/Tulu-Dtatset-V2/sha/sha_16.png,Tulu-Dtatset-V2,sha,train,b46e7c9541b46e02a6819a730677ec22744229d95048af9b2786e51893040d28,357.0,352.0,RGBA,sha_16.png,.png
/home/manvith/Desktop/Projects/Tulu Dataset/Tulu-Dtatset-V2/sha/sha_67.png,Tulu-Dtatset-V2,sha,train,b75e2107191cc85235b92d927577505f5f286cc7bdfaa38753582f0debc55e7c,368.0,323.0,RGBA,sha_67.png,.png
/home/manvith/Desktop/Projects/Tulu Dataset/Tulu-Dtatset-V2/sha/sha_58.png,Tulu-Dtatset-V2,sha,train,3091bde664fc18ee5a11093051eb33e9a65577cab911d0a72ea528e08106bffe,368.0,323.0,RGBA,sha_58.png,.png
/home/manvith/Desktop/Projects/Tulu Dataset/Tulu-Dtatset-V2/sha/sha_68.png,Tulu-Dtatset-V2,sha,train,52c00e56c82f50dcdba791d41b7a266cc03e0a9878de8ca25053e6ae432e7c94,368.0,323.0,RGBA,sha_68.png,.png
/home/manvith/Desktop/Projects/Tulu Dataset/Tulu-Dtatset-V2/sha/sha_27.png,Tulu-Dtatset-V2,sha,train,c7c8aee04b79332990c2cb240324ee158cb35fb352d887eddc9bf70e02232931,357.0,352.0,RGBA,sha_27.png,.png
/home/manvith/Desktop/Projects/Tulu Dataset/Tulu-Dtatset-V2/sha/sha_79.png,Tulu-Dtatset-V2,sha,train,817d67ae2862971fca5e0c3d3769419d559731c1bed1650f877b25135361309a,340.0,354.0,RGBA,sha_79.png,.png
/home/manvith/Desktop/Projects/Tulu Dataset/Tulu-Dtatset-V2/sha/sha_63.png,Tulu-Dtatset-V2,sha,train,6f96a56396824117f25d13eec24c250c895ff6d6e3ed4033dd1367929efeb75e,368.0,323.0,RGBA,sha_63.png,.png
/home/manvith/Desktop/Projects/Tulu Dataset/Tulu-Dtatset-V2/sha/sha_52.png,Tulu-Dtatset-V2,sha,train,3cdb30fed6bb3e5736f6045ec7f6d6ce8158d502e5def94891c2e038704590f9,368.0,323.0,RGBA,sha_52.png,.png
/home/manvith/Desktop/Projects/Tulu Dataset/Tulu-Dtatset-V2/sha/sha_45.png,Tulu-Dtatset-V2,sha,train,24aaca0ccbc4514e326a4f33543c299a0dcb2ede753d57b684bde2f0dafa6316,357.0,352.0,RGBA,sha_45.png,.png
/home/manvith/Desktop/Projects/Tulu Dataset/Tulu-Dtatset-V2/sha/sha_66.png,Tulu-Dtatset-V2,sha,train,13533a0b9c22c24b2c2beb94416f98712dde15b0305a530f7c23fab3676cb9b9,368.0,323.0,RGBA,sha_66.png,.png
/home/manvith/Desktop/Projects/Tulu Dataset/Tulu-Dtatset-V2/sha/sha_99.png,Tulu-Dtatset-V2,sha,train,011feaa4f95a67d69f7f64def9fbff0873f697c6231e85de7574a1c3c7ec860b,340.0,354.0,RGBA,sha_99.png,.png
/home/manvith/Desktop/Projects/Tulu Dataset/Tulu-Dtatset-V2/sha/sha_42.png,Tulu-Dtatset-V2,sha,train,dd00c49d6f4064a5ffc02c29878b8a104d8e573f657b68bb3376bfca99f7a194,357.0,352.0,RGBA,sha_42.png,.png
/home/manvith/Desktop/Projects/Tulu Dataset/Tulu-Dtatset-V2/sha/sha_56.png,Tulu-Dtatset-V2,sha,train,07a5e357c1cadce150afddb9bd2d140da0e59d92ed5cccf491e1f9fb71900992,368.0,323.0,RGBA,sha_56.png,.png
/home/manvith/Desktop/Projects/Tulu Dataset/Tulu-Dtatset-V2/sha/sha_23.png,Tulu-Dtatset-V2,sha,train,e1ff27900752373749400eac576aece35d1bffc09ec093fbfcaffc74c898bd9b,357.0,352.0,RGBA,sha_23.png,.png
/home/manvith/Desktop/Projects/Tulu Dataset/Tulu-Dtatset-V2/sha/sha_38.png,Tulu-Dtatset-V2,sha,train,0faea677fa3a30bfa830bb78c4d06f8e35d7730dc7add157a4be205c049db838,357.0,352.0,RGBA,sha_38.png,.png
/home/manvith/Desktop/Projects/Tulu Dataset/Tulu-Dtatset-V2/sha/sha_62.png,Tulu-Dtatset-V2,sha,train,8bcd6c887959c8a39ce2d1fd9cd947f30a405c51bced74415b9a868528f0390a,368.0,323.0,RGBA,sha_62.png,.png
/home/manvith/Desktop/Projects/Tulu Dataset/Tulu-Dtatset-V2/sha/sha_73.png,Tulu-Dtatset-V2,sha,train,0bb048bc9367c9190980c4b7e8d7171b0434349ed407c3bd14ee3b2ca286267d,340.0,354.0,RGBA,sha_73.png,.png
/home/manvith/Desktop/Projects/Tulu Dataset/Tulu-Dtatset-V2/sha/sha_36.png,Tulu-Dtatset-V2,sha,train,599a93c5074b4b35654807b38753cb41b73f966f0193179f98c1cbacd608d4e5,357.0,352.0,RGBA,sha_36.png,.png
/home/manvith/Desktop/Projects/Tulu Dataset/Tulu-Dtatset-V2/sha/sha_17.png,Tulu-Dtatset-V2,sha,train,07732d4b665bae1be20f564e19e1717165c13513ac384441e32f2aea86926b46,357.0,352.0,RGBA,sha_17.png,.png
/home/manvith/Desktop/Projects/Tulu Dataset/Tulu-Dtatset-V2/sha/sha_72.png,Tulu-Dtatset-V2,sha,train,68f81a40461b5d910e992ea3aeb3670cec05c9b34219368316feec7b503f243c,340.0,354.0,RGBA,sha_72.png,.png
/home/manvith/Desktop/Projects/Tulu Dataset/Tulu-Dtatset-V2/sha/sha_57.png,Tulu-Dtatset-V2,sha,train,f97eef1f8102f33269a131fdd0c2e2b5871e11f8372b23ac9fc45ac442f824f3,368.0,323.0,RGBA,sha_57.png,.png
/home/manvith/Desktop/Projects/Tulu Dataset/Tulu-Dtatset-V2/sha/sha_2.png,Tulu-Dtatset-V2,sha,train,70c1740dee28d0d72d40c945e6939692a0e4c68d31abec634c7e70d79abae601,361.0,335.0,RGBA,sha_2.png,.png
/home/manvith/Desktop/Projects/Tulu Dataset/Tulu-Dtatset-V2/sha/sha_92.png,Tulu-Dtatset-V2,sha,train,e96b8a1d693425109d27d3a5a2821b30aeb0223299692658dfdcf922172e375a,340.0,354.0,RGBA,sha_92.png,.png
/home/manvith/Desktop/Projects/Tulu Dataset/Tulu-Dtatset-V2/sha/sha_71.png,Tulu-Dtatset-V2,sha,train,0c4307755221033e3a336c4fcd4fdebb80f4d2899f5f2871f53ffbcdc9652641,340.0,354.0,RGBA,sha_71.png,.png
/home/manvith/Desktop/Projects/Tulu Dataset/Tulu-Dtatset-V2/sha/sha_95.png,Tulu-Dtatset-V2,sha,train,874b4744458c44029d33e6ea2e5a6a93503193783c694a10f64c22e5a7d8523c,340.0,354.0,RGBA,sha_95.png,.png
/home/manvith/Desktop/Projects/Tulu Dataset/Tulu-Dtatset-V2/sha/sha_90.png,Tulu-Dtatset-V2,sha,train,7754db9a4117e609e842dc621fad70dd712505f8c963e1d101c0398c194dd82e,340.0,354.0,RGBA,sha_90.png,.png
/home/manvith/Desktop/Projects/Tulu Dataset/Tulu-Dtatset-V2/sha/sha_78.png,Tulu-Dtatset-V2,sha,train,3628443b39d4acde0d31d76defcdcdf947a2c82c9f18a710af34384a54cc271e,340.0,354.0,RGBA,sha_78.png,.png
/home/manvith/Desktop/Projects/Tulu Dataset/Tulu-Dtatset-V2/sha/sha_28.png,Tulu-Dtatset-V2,sha,train,187fe0dc541f18e12bf393c56fec1ea7f51b8b78841013344144c95901461107,357.0,352.0,RGBA,sha_28.png,.png
/home/manvith/Desktop/Projects/Tulu Dataset/Tulu-Dtatset-V2/sha/sha_93.png,Tulu-Dtatset-V2,sha,train,4bb3a27d3c1ed8a9ecdb48f42dd774fb85694beb18ebf034bdd24838db6be236,340.0,354.0,RGBA,sha_93.png,.png
/home/manvith/Desktop/Projects/Tulu Dataset/Tulu-Dtatset-V2/sha/sha_96.png,Tulu-Dtatset-V2,sha,train,029deef2593bb330e78d94cf9b64d59cb45f91c44425b75c38c4738a6085d520,340.0,354.0,RGBA,sha_96.png,.png
/home/manvith/Desktop/Projects/Tulu Dataset/Tulu-Dtatset-V2/sha/sha_94.png,Tulu-Dtatset-V2,sha,train,3ccc93bd3702a680034c541603697ebc41f9ebd5371de256f1f1f656f8b91daf,340.0,354.0,RGBA,sha_94.png,.png
/home/manvith/Desktop/Projects/Tulu Dataset/Tulu-Dtatset-V2/sha/sha_86.png,Tulu-Dtatset-V2,sha,train,115624ec7f95bb85fd07a3142dcc5821f07331e1ead2e34beb3f5c1ccfe0fda6,340.0,354.0,RGBA,sha_86.png,.png
/home/manvith/Desktop/Projects/Tulu Dataset/Tulu-Dtatset-V2/sha/sha_81.png,Tulu-Dtatset-V2,sha,train,2c898cee91949add5f7775e59a046c7a103a229e805c843d4412c14987330e4b,340.0,354.0,RGBA,sha_81.png,.png
/home/manvith/Desktop/Projects/Tulu Dataset/Tulu-Dtatset-V2/sha/sha_24.png,Tulu-Dtatset-V2,sha,train,d67d03953fe6304cbd13c5c2374de0ea838354e5483b510f6d1d5b8bc44c8e9f,357.0,352.0,RGBA,sha_24.png,.png
/home/manvith/Desktop/Projects/Tulu Dataset/Tulu-Dtatset-V2/sha/sha_33.png,Tulu-Dtatset-V2,sha,train,9d32206c4bfbacbe4d14731fc73e1821734e15b64b5116e936461028800d03c9,357.0,352.0,RGBA,sha_33.png,.png
/home/manvith/Desktop/Projects/Tulu Dataset/Tulu-Dtatset-V2/sha/sha_87.png,Tulu-Dtatset-V2,sha,train,63c5a50125b78b0d825fd5524607bf1c9eb791f63b42ac40f68af8db8be49590,340.0,354.0,RGBA,sha_87.png,.png
/home/manvith/Desktop/Projects/Tulu Dataset/Tulu-Dtatset-V2/sha/sha_55.png,Tulu-Dtatset-V2,sha,train,cea987bb00de1833be249d067786a852c93a495d06c2926d1710e5e63b7faaf2,368.0,323.0,RGBA,sha_55.png,.png
/home/manvith/Desktop/Projects/Tulu Dataset/Tulu-Dtatset-V2/sha/sha_41.png,Tulu-Dtatset-V2,sha,train,31f39000740ecd03a8ab61bf0b677045f5b498854f49636222811cd34d79c8da,357.0,352.0,RGBA,sha_41.png,.png
/home/manvith/Desktop/Projects/Tulu Dataset/Tulu-Dtatset-V2/sha/sha_22.png,Tulu-Dtatset-V2,sha,train,1618c4f8144700a0a67b11963ac150453b64257c4072a0b70a04022bca386d22,357.0,352.0,RGBA,sha_22.png,.png
/home/manvith/Desktop/Projects/Tulu Dataset/Tulu-Dtatset-V2/sha/sha_53.png,Tulu-Dtatset-V2,sha,train,8df252f03a21ddeed2e7a31d00f2a6959682599a5ec8a6faded550467affcd13,368.0,323.0,RGBA,sha_53.png,.png
/home/manvith/Desktop/Projects/Tulu Dataset/Tulu-Dtatset-V2/shha/shha_38.png,Tulu-Dtatset-V2,shha,train,b3da5abedceae561c0d6df8a0fc4fb2f57a975e1b69d716d2b14cd26fb219bf3,337.0,354.0,RGBA,shha_38.png,.png
/home/manvith/Desktop/Projects/Tulu Dataset/Tulu-Dtatset-V2/shha/shha_16.png,Tulu-Dtatset-V2,shha,train,10ff457733b2b4cb52e80f3a24e4236072b8c3885d697d48a5b05d63b9586977,337.0,354.0,RGBA,shha_16.png,.png
/home/manvith/Desktop/Projects/Tulu Dataset/Tulu-Dtatset-V2/shha/shha_92.png,Tulu-Dtatset-V2,shha,train,37f1de3a14318419ffa1113cf35f58cfcd37dd9e997085d0b9a855012994adf6,352.0,352.0,RGBA,shha_92.png,.png
/home/manvith/Desktop/Projects/Tulu Dataset/Tulu-Dtatset-V2/shha/shha_71.png,Tulu-Dtatset-V2,shha,train,8954a9b0ec46d5f4cf93954d4af5df584f0f31b172420c78e4f70b30e2a96615,352.0,352.0,RGBA,shha_71.png,.png
/home/manvith/Desktop/Projects/Tulu Dataset/Tulu-Dtatset-V2/shha/shha_57.png,Tulu-Dtatset-V2,shha,train,941e323263edabbbc8652ed72bd525af8f379456f085b2529c00a5b27e6fcecd,364.0,321.0,RGBA,shha_57.png,.png
/home/manvith/Desktop/Projects/Tulu Dataset/Tulu-Dtatset-V2/shha/shha_61.png,Tulu-Dtatset-V2,shha,train,990ffa0c1238e23f0bd96b387d58acfaf7f49b02c9a69c04d839d42926819770,364.0,321.0,RGBA,shha_61.png,.png
/home/manvith/Desktop/Projects/Tulu Dataset/Tulu-Dtatset-V2/shha/shha_48.png,Tulu-Dtatset-V2,shha,train,433408fb8ad9d6b8c89df308f5fb271c6a76cd2eb67106bb6b723b26726807a2,337.0,354.0,RGBA,shha_48.png,.png
/home/manvith/Desktop/Projects/Tulu Dataset/Tulu-Dtatset-V2/shha/shha_62.png,Tulu-Dtatset-V2,shha,train,f617f7ec278648355f5a20fb7dd622dcbc8cd1de9236bbb4ea2b11fd02b3047b,364.0,321.0,RGBA,shha_62.png,.png
/home/manvith/Desktop/Projects/Tulu Dataset/Tulu-Dtatset-V2/shha/shha_88.png,Tulu-Dtatset-V2,shha,train,7a923ae27e3ed920d368e136544ded528531e29e809f32cda51032fec326ff28,352.0,352.0,RGBA,shha_88.png,.png
/home/manvith/Desktop/Projects/Tulu Dataset/Tulu-Dtatset-V2/shha/shha_87.png,Tulu-Dtatset-V2,shha,train,e25e7e91a39ac7c9fd2328f632812b97d21c8ce23660d1ffbc44304bfc80b802,352.0,352.0,RGBA,shha_87.png,.png
/home/manvith/Desktop/Projects/Tulu Dataset/Tulu-Dtatset-V2/shha/shha_20.png,Tulu-Dtatset-V2,shha,train,55e454269f37c7548e57272fb995ce2abe4aefe38d1775b4a9a3df6c96633f24,337.0,354.0,RGBA,shha_20.png,.png
/home/manvith/Desktop/Projects/Tulu Dataset/Tulu-Dtatset-V2/shha/shha_45.png,Tulu-Dtatset-V2,shha,train,c6c5eaa8d9692582641ff0995fc36446173bb1646da0ef1ef3300f7bca18be41,337.0,354.0,RGBA,shha_45.png,.png
/home/manvith/Desktop/Projects/Tulu Dataset/Tulu-Dtatset-V2/shha/shha_9.png,Tulu-Dtatset-V2,shha,train,9e18f1de8d47bfb5155c0f81b526594347d7f240c252f2208a583057b8a925bf,361.0,354.0,RGBA,shha_9.png,.png
/home/manvith/Desktop/Projects/Tulu Dataset/Tulu-Dtatset-V2/shha/shha_33.png,Tulu-Dtatset-V2,shha,train,a110495566a747b304480e1e9a1995cc7d19110a86e9b2326bfafaa9edac6848,337.0,354.0,RGBA,shha_33.png,.png
/home/manvith/Desktop/Projects/Tulu Dataset/Tulu-Dtatset-V2/shha/shha_80.png,Tulu-Dtatset-V2,shha,train,ffbbffd41fb61b133673f840cbf4ff3fdc2f9d1b986fe4e60f2549878e8f03ab,352.0,352.0,RGBA,shha_80.png,.png
/home/manvith/Desktop/Projects/Tulu Dataset/Tulu-Dtatset-V2/shha/shha_97.png,Tulu-Dtatset-V2,shha,train,48a9e5d0697edf064a2af398fee6222cf321b5cf7c7194549204e9686f7bcee1,352.0,352.0,RGBA,shha_97.png,.png
/home/manvith/Desktop/Projects/Tulu Dataset/Tulu-Dtatset-V2/shha/shha_67.png,Tulu-Dtatset-V2,shha,train,6782ed578e427d122e3820e3f40c64570ac1a9406c05c24921098e570e3c04a0,364.0,321.0,RGBA,shha_67.png,.png
/home/manvith/Desktop/Projects/Tulu Dataset/Tulu-Dtatset-V2/shha/shha_12.png,Tulu-Dtatset-V2,shha,train,33ba85f3917b6a783e8fbb1a490691af84ec7d6e01579800e2172ef86af8c2a7,360.0,325.0,RGBA,shha_12.png,.png
/home/manvith/Desktop/Projects/Tulu Dataset/Tulu-Dtatset-V2/shha/shha_27.png,Tulu-Dtatset-V2,shha,train,a0915a80beceacfe041585db1add2b41deb4a645879b7b2f2e2356ff46116dd1,337.0,354.0,RGBA,shha_27.png,.png
/home/manvith/Desktop/Projects/Tulu Dataset/Tulu-Dtatset-V2/shha/shha_77.png,Tulu-Dtatset-V2,shha,train,5c3792439cfa0fc1586ee070a537affa8135ccadc82c13615a9d65e171a119f5,352.0,352.0,RGBA,shha_77.png,.png
/home/manvith/Desktop/Projects/Tulu Dataset/Tulu-Dtatset-V2/shha/shha_37.png,Tulu-Dtatset-V2,shha,train,bf75e9c22413e3ff36d9aa6f95e5387b50ad916164332e606cb6b464969e1332,337.0,354.0,RGBA,shha_37.png,.png
/home/manvith/Desktop/Projects/Tulu Dataset/Tulu-Dtatset-V2/shha/shha_56.png,Tulu-Dtatset-V2,shha,train,fd14cdc8f85da37d9debd06b14c99c0b59ea6f45317c4d74da37f473fc32939a,364.0,321.0,RGBA,shha_56.png,.png
/home/manvith/Desktop/Projects/Tulu Dataset/Tulu-Dtatset-V2/shha/shha_10.png,Tulu-Dtatset-V2,shha,train,f469a351771aab0b4b18c9d2636a4e6d4de854bc0b8686fbe54fc8263e03e3f6,355.0,353.0,RGBA,shha_10.png,.png
/home/manvith/Desktop/Projects/Tulu Dataset/Tulu-Dtatset-V2/shha/shha_46.png,Tulu-Dtatset-V2,shha,train,18ddce098c6c39f4b7bbf8ce104b313d0ae94c77dec07c3f84554f5e399c7d4e,337.0,354.0,RGBA,shha_46.png,.png
/home/manvith/Desktop/Projects/Tulu Dataset/Tulu-Dtatset-V2/shha/shha_8.png,Tulu-Dtatset-V2,shha,train,1a7fbf159cc7aa25d34ff48cc00956bb02d27639754956ad8bac63c601f34018,351.0,341.0,RGBA,shha_8.png,.png
/home/manvith/Desktop/Projects/Tulu Dataset/Tulu-Dtatset-V2/shha/shha_83.png,Tulu-Dtatset-V2,shha,train,cb10d15ad4f48a7b95dc2244c945be3a972e6078ad15d770b91dea8abeb50b42,352.0,352.0,RGBA,shha_83.png,.png
/home/manvith/Desktop/Projects/Tulu Dataset/Tulu-Dtatset-V2/shha/shha_51.png,Tulu-Dtatset-V2,shha,train,b06d20ff786ebfd20e4138b4b47571b00f79b693605174fd0236e2719d3587ee,364.0,321.0,RGBA,shha_51.png,.png
/home/manvith/Desktop/Projects/Tulu Dataset/Tulu-Dtatset-V2/shha/shha_22.png,Tulu-Dtatset-V2,shha,train,875bb05b65778bea0e7d91d0b99c5958484d9c1e3860aa5182ab81fd7a434151,337.0,354.0,RGBA,shha_22.png,.png
/home/manvith/Desktop/Projects/Tulu Dataset/Tulu-Dtatset-V2/shha/shha_15.png,Tulu-Dtatset-V2,shha,train,7188c26482e044d0eb2facf83c2de204f01f6314a3bcc8d8bb639f93391e5655,357.0,345.0,RGBA,shha_15.png,.png
/home/manvith/Desktop/Projects/Tulu Dataset/Tulu-Dtatset-V2/shha/shha_86.png,Tulu-Dtatset-V2,shha,train,8d0756c42c3c4f6fd9acf2852bff98d581f32ea5353217409f2ca2876773261c,352.0,352.0,RGBA,shha_86.png,.png
/home/manvith/Desktop/Projects/Tulu Dataset/Tulu-Dtatset-V2/shha/shha_25.png,Tulu-Dtatset-V2,shha,train,dae36994c3debe30f5b0e0aa89931ccbd2ea32035dd5bdc8ea4b0aee16e67dc9,337.0,354.0,RGBA,shha_25.png,.png
/home/manvith/Desktop/Projects/Tulu Dataset/Tulu-Dtatset-V2/shha/shha_96.png,Tulu-Dtatset-V2,shha,train,159f35d566531a011b8e0bae0d1da64222e41410799e14f821352cd44a6b97b2,352.0,352.0,RGBA,shha_96.png,.png
/home/manvith/Desktop/Projects/Tulu Dataset/Tulu-Dtatset-V2/shha/shha_91.png,Tulu-Dtatset-V2,shha,train,e3ce91e97066b48d09dc8f18a161da3a132dec9bbababbb4342a6d1b94a761ef,352.0,352.0,RGBA,shha_91.png,.png
/home/manvith/Desktop/Projects/Tulu Dataset/Tulu-Dtatset-V2/shha/shha_69.png,Tulu-Dtatset-V2,shha,train,46336542ed97df5d44bb99e56369f5fe5703d465402f6565e65d792c6db2d269,364.0,321.0,RGBA,shha_69.png,.png
/home/manvith/Desktop/Projects/Tulu Dataset/Tulu-Dtatset-V2/shha/shha_70.png,Tulu-Dtatset-V2,shha,train,de4ce00338f3c8821d90d6eb916e21f73b9a4b7d1b9a3b1d73466268dac09945,364.0,321.0,RGBA,shha_70.png,.png
/home/manvith/Desktop/Projects/Tulu Dataset/Tulu-Dtatset-V2/shha/shha_52.png,Tulu-Dtatset-V2,shha,train,76025bba302fcf208641dff42a4e665ef193865fa1faca71a63eb1b30e69e66a,364.0,321.0,RGBA,shha_52.png,.png
/home/manvith/Desktop/Projects/Tulu Dataset/Tulu-Dtatset-V2/shha/shha_40.png,Tulu-Dtatset-V2,shha,train,9b3f77049ad2eac0d4d03f5fa8a84cad4b1aa6377e6e8fc966a0d16618295bf0,337.0,354.0,RGBA,shha_40.png,.png
/home/manvith/Desktop/Projects/Tulu Dataset/Tulu-Dtatset-V2/shha/shha_55.png,Tulu-Dtatset-V2,shha,train,975b3876e13039a8352f581ef69fce63f56fffd030957ba4d5a9f9961f5c88f0,364.0,321.0,RGBA,shha_55.png,.png
/home/manvith/Desktop/Projects/Tulu Dataset/Tulu-Dtatset-V2/shha/shha_76.png,Tulu-Dtatset-V2,shha,train,911ffcb02cbe9b4c8f3694702d6b3f2d6d4db056c625904cc77037a9ab09eaa7,352.0,352.0,RGBA,shha_76.png,.png
/home/manvith/Desktop/Projects/Tulu Dataset/Tulu-Dtatset-V2/shha/shha_82.png,Tulu-Dtatset-V2,shha,train,0494ce2965ed7c66cb3dd813a41d6aabf5882844fe4c4708cc1e3bdc9b152e39,352.0,352.0,RGBA,shha_82.png,.png
/home/manvith/Desktop/Projects/Tulu Dataset/Tulu-Dtatset-V2/shha/shha_4.png,Tulu-Dtatset-V2,shha,train,7739dbbc8d42fcd791f7905f92228a90a5c61bb455811936dc7d7cb105b537cd,359.0,341.0,RGBA,shha_4.png,.png
/home/manvith/Desktop/Projects/Tulu Dataset/Tulu-Dtatset-V2/shha/shha_29.png,Tulu-Dtatset-V2,shha,train,6460686bf3ee0bb8dc4c9c41266bc56f7ac614316018f72e32f24dc1a3ca0435,337.0,354.0,RGBA,shha_29.png,.png
/home/manvith/Desktop/Projects/Tulu Dataset/Tulu-Dtatset-V2/shha/shha_5.png,Tulu-Dtatset-V2,shha,train,e85d74e8ae9d29f95b15c8e3760210090e89b65d7973bfbd727d6fa8ee803fe7,367.0,320.0,RGBA,shha_5.png,.png
/home/manvith/Desktop/Projects/Tulu Dataset/Tulu-Dtatset-V2/shha/shha_13.png,Tulu-Dtatset-V2,shha,train,f989c23e421f820374d30b63301268f77766356351aa0c492bd3ce97db898a09,364.0,323.0,RGBA,shha_13.png,.png
/home/manvith/Desktop/Projects/Tulu Dataset/Tulu-Dtatset-V2/shha/shha_89.png,Tulu-Dtatset-V2,shha,train,9e05f7e1d3da32b89a6514fe807b703186abd7930baecb23cf0fdef4508273a8,352.0,352.0,RGBA,shha_89.png,.png
/home/manvith/Desktop/Projects/Tulu Dataset/Tulu-Dtatset-V2/shha/shha_47.png,Tulu-Dtatset-V2,shha,train,0bafc1ce5859138bec15fbd7967e74d4e3910df438e5fb88f0487e75f8137d47,337.0,354.0,RGBA,shha_47.png,.png
/home/manvith/Desktop/Projects/Tulu Dataset/Tulu-Dtatset-V2/shha/shha_49.png,Tulu-Dtatset-V2,shha,train,6089e6b209a54fd66c1810bc3260500e71606246a256c9ea239e26d8b2cc79e5,337.0,354.0,RGBA,shha_49.png,.png
/home/manvith/Desktop/Projects/Tulu Dataset/Tulu-Dtatset-V2/shha/shha_17.png,Tulu-Dtatset-V2,shha,train,215c73ce4a440af49a94adcd040dfb0d1ddc9e65b5b953a1a6ce14f94f68d567,337.0,354.0,RGBA,shha_17.png,.png
/home/manvith/Desktop/Projects/Tulu Dataset/Tulu-Dtatset-V2/shha/shha_79.png,Tulu-Dtatset-V2,shha,train,270c1d32e4684cac77500e2993a4f5a5ae70a267db8136453bf1c437edcafa4d,352.0,352.0,RGBA,shha_79.png,.png
/home/manvith/Desktop/Projects/Tulu Dataset/Tulu-Dtatset-V2/shha/shha_98.png,Tulu-Dtatset-V2,shha,train,62263d0b146a79c24b53af7ca43ee4444dd1a3327ae452cd6855f9a4b9d2e881,352.0,352.0,RGBA,shha_98.png,.png
/home/manvith/Desktop/Projects/Tulu Dataset/Tulu-Dtatset-V2/shha/shha_24.png,Tulu-Dtatset-V2,shha,train,4b2b709478e4f25f29702131bf2dcc0d1783c3ccbce2b69dff783fe1057ec1ad,337.0,354.0,RGBA,shha_24.png,.png
/home/manvith/Desktop/Projects/Tulu Dataset/Tulu-Dtatset-V2/shha/shha_73.png,Tulu-Dtatset-V2,shha,train,4a2c5847e35ba89795ddc3cd87f5e499406f87214ef407c77a51f6c13a0fc1a6,352.0,352.0,RGBA,shha_73.png,.png
/home/manvith/Desktop/Projects/Tulu Dataset/Tulu-Dtatset-V2/shha/shha_59.png,Tulu-Dtatset-V2,shha,train,3108b5f810d320742eefd43f5982cdac63e762b851f7b1cfccfff4034dd4fe8b,364.0,321.0,RGBA,shha_59.png,.png
/home/manvith/Desktop/Projects/Tulu Dataset/Tulu-Dtatset-V2/shha/shha_35.png,Tulu-Dtatset-V2,shha,train,74aca1a695a199a473cbb2f2bae0a4474fd81bc0e484f2c60aef12021f04fac3,337.0,354.0,RGBA,shha_35.png,.png
/home/manvith/Desktop/Projects/Tulu Dataset/Tulu-Dtatset-V2/shha/shha_60.png,Tulu-Dtatset-V2,shha,train,897d7055643e4ca95e7ec7dec11d0af912049f62f026fbf07d4d97b2a5f06bc5,364.0,321.0,RGBA,shha_60.png,.png
/home/manvith/Desktop/Projects/Tulu Dataset/Tulu-Dtatset-V2/shha/shha_23.png,Tulu-Dtatset-V2,shha,train,07fa055ec5247198952ec90dbeb68b6666406bb39227added2c24c9a0cffaff9,337.0,354.0,RGBA,shha_23.png,.png
/home/manvith/Desktop/Projects/Tulu Dataset/Tulu-Dtatset-V2/shha/shha_100.png,Tulu-Dtatset-V2,shha,train,efcae0a8ce183530430b9b2af9bf80abe02d766e5619a9a8d8d70487e6c053bd,352.0,352.0,RGBA,shha_100.png,.png
/home/manvith/Desktop/Projects/Tulu Dataset/Tulu-Dtatset-V2/shha/shha_34.png,Tulu-Dtatset-V2,shha,train,a9c94386d1a83379381a5f890cd25b3875e8287faec62a7609973fc34e893807,337.0,354.0,RGBA,shha_34.png,.png
/home/manvith/Desktop/Projects/Tulu Dataset/Tulu-Dtatset-V2/shha/shha_68.png,Tulu-Dtatset-V2,shha,train,48b994a89e83534c7528a269d05241a5e232d55a29f9c8308bb8bd244c802eac,364.0,321.0,RGBA,shha_68.png,.png
/home/manvith/Desktop/Projects/Tulu Dataset/Tulu-Dtatset-V2/shha/shha_7.png,Tulu-Dtatset-V2,shha,train,0e2ab1797018cd4530f2d6967dd7c8797bc9ac7ee7654736426e4dc931ab4af7,359.0,341.0,RGBA,shha_7.png,.png
/home/manvith/Desktop/Projects/Tulu Dataset/Tulu-Dtatset-V2/shha/shha_30.png,Tulu-Dtatset-V2,shha,train,ba507a281d1a29bef869d77aa9c329805a1331ad402e348b2af5883400139c55,337.0,354.0,RGBA,shha_30.png,.png
/home/manvith/Desktop/Projects/Tulu Dataset/Tulu-Dtatset-V2/shha/shha_6.png,Tulu-Dtatset-V2,shha,train,02af6076e2ee8bdcd994a1381ab8b7ac17e112e2f9138b5fb765b48e29950a7a,364.0,321.0,RGBA,shha_6.png,.png
/home/manvith/Desktop/Projects/Tulu Dataset/Tulu-Dtatset-V2/shha/shha_66.png,Tulu-Dtatset-V2,shha,train,d5e6ab39041198626bc44681afa862999a88d5ce87e3649bbc031fd15a11c3d5,364.0,321.0,RGBA,shha_66.png,.png
/home/manvith/Desktop/Projects/Tulu Dataset/Tulu-Dtatset-V2/shha/shha_3.png,Tulu-Dtatset-V2,shha,train,0baa3dc091b449dadda0468ac9e85e791a31ba589f60fedf34522da972359abc,337.0,354.0,RGBA,shha_3.png,.png
/home/manvith/Desktop/Projects/Tulu Dataset/Tulu-Dtatset-V2/shha/shha_53.png,Tulu-Dtatset-V2,shha,train,e7881dc658277b2dce3ef5630c93f8245d040abeb17937e77e4fb3ced667ad70,364.0,321.0,RGBA,shha_53.png,.png
/home/manvith/Desktop/Projects/Tulu Dataset/Tulu-Dtatset-V2/shha/shha_99.png,Tulu-Dtatset-V2,shha,train,02f303455b7faadb7c44539ef6bb5af4d01e564be8af98e3bd2d727928c01775,352.0,352.0,RGBA,shha_99.png,.png
/home/manvith/Desktop/Projects/Tulu Dataset/Tulu-Dtatset-V2/shha/shha_39.png,Tulu-Dtatset-V2,shha,train,19128603ee70490e86798571133b955ebbb7716ed3c5f25ccc99becd7108828f,337.0,354.0,RGBA,shha_39.png,.png
/home/manvith/Desktop/Projects/Tulu Dataset/Tulu-Dtatset-V2/shha/shha_90.png,Tulu-Dtatset-V2,shha,train,dcfa460b967095b1f716c00884f446484478c7e74bac686077aa43486ede371c,352.0,352.0,RGBA,shha_90.png,.png
/home/manvith/Desktop/Projects/Tulu Dataset/Tulu-Dtatset-V2/shha/shha_74.png,Tulu-Dtatset-V2,shha,train,de7123ee103b680ce6e72b499a278a86d135a8da310ab3eb9b83a36f98dad015,352.0,352.0,RGBA,shha_74.png,.png
/home/manvith/Desktop/Projects/Tulu Dataset/Tulu-Dtatset-V2/shha/shha_93.png,Tulu-Dtatset-V2,shha,train,919182654aaccb8c95521504aea88ac1b408e1e8c16ef841bcf0f25505412019,352.0,352.0,RGBA,shha_93.png,.png
/home/manvith/Desktop/Projects/Tulu Dataset/Tulu-Dtatset-V2/shha/shha_44.png,Tulu-Dtatset-V2,shha,train,67a3c18a1f24a7b330147756306ef459249077cdff4cf70cc0b371b4e5e3ea2f,337.0,354.0,RGBA,shha_44.png,.png
/home/manvith/Desktop/Projects/Tulu Dataset/Tulu-Dtatset-V2/shha/shha_21.png,Tulu-Dtatset-V2,shha,train,8eaad34e6388f1c0269d2e1559fa63ea85d9e57d423aa8e8f52cf4d5a0605100,337.0,354.0,RGBA,shha_21.png,.png
/home/manvith/Desktop/Projects/Tulu Dataset/Tulu-Dtatset-V2/shha/shha_63.png,Tulu-Dtatset-V2,shha,train,3003fe2beba6894a6f0629252feb1aaca308c9f31acbe4436eff971219de110b,364.0,321.0,RGBA,shha_63.png,.png
/home/manvith/Desktop/Projects/Tulu Dataset/Tulu-Dtatset-V2/shha/shha_18.png,Tulu-Dtatset-V2,shha,train,bc9d3c021847caa9b79f96c224cc4c05800c5c39c8bd412c20976a28f4f69cec,337.0,354.0,RGBA,shha_18.png,.png
/home/manvith/Desktop/Projects/Tulu Dataset/Tulu-Dtatset-V2/shha/shha_84.png,Tulu-Dtatset-V2,shha,train,75748d3c12e88f10ac5df53ee38b6b5e948b1ddaf756dd6abcd757f210c356ac,352.0,352.0,RGBA,shha_84.png,.png
/home/manvith/Desktop/Projects/Tulu Dataset/Tulu-Dtatset-V2/shha/shha_28.png,Tulu-Dtatset-V2,shha,train,9319a0105a5ede51c2fa1be9ea335fe089a75e04df34480a3208a4483e029917,337.0,354.0,RGBA,shha_28.png,.png
/home/manvith/Desktop/Projects/Tulu Dataset/Tulu-Dtatset-V2/shha/shha_32.png,Tulu-Dtatset-V2,shha,train,1ee925d828466b557df1fc5ef36c63f337882edaa48b2d56e07c3f61d042f8e0,337.0,354.0,RGBA,shha_32.png,.png
/home/manvith/Desktop/Projects/Tulu Dataset/Tulu-Dtatset-V2/shha/shha_11.png,Tulu-Dtatset-V2,shha,train,c1be8189cc8a15e86f831f2ab62c5e40f73a69afaa61742ab3490e9976136489,357.0,355.0,RGBA,shha_11.png,.png
/home/manvith/Desktop/Projects/Tulu Dataset/Tulu-Dtatset-V2/shha/shha_95.png,Tulu-Dtatset-V2,shha,train,acc65a4709f9b45eae45b2b73bbd70dc8e3783e81a5800d8e6b112f9d85794c1,352.0,352.0,RGBA,shha_95.png,.png
/home/manvith/Desktop/Projects/Tulu Dataset/Tulu-Dtatset-V2/shha/shha_31.png,Tulu-Dtatset-V2,shha,train,bc1a19ff3ed037b9c2319885a36d17dcef1fbbd7fe94953111b0ec3e512fe762,337.0,354.0,RGBA,shha_31.png,.png
/home/manvith/Desktop/Projects/Tulu Dataset/Tulu-Dtatset-V2/ta/ta_15.png,Tulu-Dtatset-V2,ta,train,cbacff9aa58bffb6afe0ef421087456decbdd58bdb717a922e50a0e0ad6ee567,366.0,348.0,RGBA,ta_15.png,.png
/home/manvith/Desktop/Projects/Tulu Dataset/Tulu-Dtatset-V2/ta/ta_52.png,Tulu-Dtatset-V2,ta,train,5e3d29f76e47c1b81209c1902b370f9e643524850ed044d76a2704f229bd933d,367.0,355.0,RGBA,ta_52.png,.png
/home/manvith/Desktop/Projects/Tulu Dataset/Tulu-Dtatset-V2/ta/ta_30.png,Tulu-Dtatset-V2,ta,train,4f64c6c5a5c86dd7140e8f0807d6bfc56d4f6fd13247b0ea8f9e9cbd0154faa6,361.0,346.0,RGBA,ta_30.png,.png
/home/manvith/Desktop/Projects/Tulu Dataset/Tulu-Dtatset-V2/ta/ta_60.png,Tulu-Dtatset-V2,ta,train,3a9def01db30a374f29555106ff719762de2548148b00f1065b460c5a87b2bc9,367.0,355.0,RGBA,ta_60.png,.png
/home/manvith/Desktop/Projects/Tulu Dataset/Tulu-Dtatset-V2/ta/ta_89.png,Tulu-Dtatset-V2,ta,train,81aa0190fe76f1cfca50271a5c682c05c54c7b9a1ba0747f64dd30508491764f,364.0,347.0,RGBA,ta_89.png,.png
/home/manvith/Desktop/Projects/Tulu Dataset/Tulu-Dtatset-V2/ta/ta_29.png,Tulu-Dtatset-V2,ta,train,7fff044d3dd1805b7a96dfbcafd0cf3f875693ecf8a7af53685dbc0ee8691796,361.0,346.0,RGBA,ta_29.png,.png
/home/manvith/Desktop/Projects/Tulu Dataset/Tulu-Dtatset-V2/ta/ta_80.png,Tulu-Dtatset-V2,ta,train,3c601e95c983d2c23f32ef149068be0ec10c00b10c40c3941e6584ea13cc1b21,364.0,347.0,RGBA,ta_80.png,.png
/home/manvith/Desktop/Projects/Tulu Dataset/Tulu-Dtatset-V2/ta/ta_18.png,Tulu-Dtatset-V2,ta,train,926a55af378224459cbd7040d44136608e243a4e71f18cac9df5f7a0cde90c58,361.0,346.0,RGBA,ta_18.png,.png
/home/manvith/Desktop/Projects/Tulu Dataset/Tulu-Dtatset-V2/ta/ta_1.png,Tulu-Dtatset-V2,ta,train,a4e35712b28babda6fb9ec04da90c97bf4e9fc179634a2e31fc304bf92421016,361.0,346.0,RGBA,ta_1.png,.png
/home/manvith/Desktop/Projects/Tulu Dataset/Tulu-Dtatset-V2/ta/ta_98.png,Tulu-Dtatset-V2,ta,train,d38502f3a5f112cdea4044146d5ccff567f3efc319d788a36ed1f8639812d888,364.0,347.0,RGBA,ta_98.png,.png
/home/manvith/Desktop/Projects/Tulu Dataset/Tulu-Dtatset-V2/ta/ta_47.png,Tulu-Dtatset-V2,ta,train,4283521818fab8897ba4bdc3ff7a9070fffc154da23dc3b09608c62f5f1f1aa3,361.0,346.0,RGBA,ta_47.png,.png
/home/manvith/Desktop/Projects/Tulu Dataset/Tulu-Dtatset-V2/ta/ta_51.png,Tulu-Dtatset-V2,ta,train,b33080d9f57f9a232d6b83d8fbf46e6b3670527ed3c481804217b7a72e73665f,367.0,355.0,RGBA,ta_51.png,.png
/home/manvith/Desktop/Projects/Tulu Dataset/Tulu-Dtatset-V2/ta/ta_90.png,Tulu-Dtatset-V2,ta,train,6c12b844806c3497c57156de7d9fe919bc7f9a524c9bf83c8c9d74ad3eade72d,364.0,347.0,RGBA,ta_90.png,.png
/home/manvith/Desktop/Projects/Tulu Dataset/Tulu-Dtatset-V2/ta/ta_85.png,Tulu-Dtatset-V2,ta,train,36956533ee173af8d9a354273b5b2811041ee0b24ac1a53348d91e7f725cd5e6,364.0,347.0,RGBA,ta_85.png,.png
/home/manvith/Desktop/Projects/Tulu Dataset/Tulu-Dtatset-V2/ta/ta_12.png,Tulu-Dtatset-V2,ta,train,4fe1c87e244dc17f5aff7273e69ab329b630ca00b9adbe520f5b3c8b1bf69444,364.0,341.0,RGBA,ta_12.png,.png
/home/manvith/Desktop/Projects/Tulu Dataset/Tulu-Dtatset-V2/ta/ta_32.png,Tulu-Dtatset-V2,ta,train,fa633afdc38357ddf2d240c76817d353a04217e7f061db6e106d08bb72c51072,361.0,346.0,RGBA,ta_32.png,.png
/home/manvith/Desktop/Projects/Tulu Dataset/Tulu-Dtatset-V2/ta/ta_13.png,Tulu-Dtatset-V2,ta,train,b5b31f7607f6af49e6d7b3388cf1b9ed5122646018d03e61d9cf199e2721ab26,364.0,336.0,RGBA,ta_13.png,.png
/home/manvith/Desktop/Projects/Tulu Dataset/Tulu-Dtatset-V2/ta/ta_33.png,Tulu-Dtatset-V2,ta,train,6e9617f9e8bfcbd61f0aa011b6e93b3696302b805baa6437ec0e4d2a3c0e76ef,361.0,346.0,RGBA,ta_33.png,.png
/home/manvith/Desktop/Projects/Tulu Dataset/Tulu-Dtatset-V2/ta/ta_6.png,Tulu-Dtatset-V2,ta,train,c7c62ed7d094e25a8204f5d69e1f9742170c69bdc4a148c69ba9d8ccad55e23a,363.0,342.0,RGBA,ta_6.png,.png
/home/manvith/Desktop/Projects/Tulu Dataset/Tulu-Dtatset-V2/ta/ta_65.png,Tulu-Dtatset-V2,ta,train,b0d8e8da8f2542aba6c97f71b2ab81d32c76a019af9022f28417b9e76f5ab5d8,367.0,355.0,RGBA,ta_65.png,.png
/home/manvith/Desktop/Projects/Tulu Dataset/Tulu-Dtatset-V2/ta/ta_23.png,Tulu-Dtatset-V2,ta,train,61560305886cff2535fd57909b6fdeb90ed776556960af37ba99f81174dc47b1,361.0,346.0,RGBA,ta_23.png,.png
/home/manvith/Desktop/Projects/Tulu Dataset/Tulu-Dtatset-V2/ta/ta_53.png,Tulu-Dtatset-V2,ta,train,e3d21bc01b38acd51b3f1f26b8044db2271f6db79a358bd934f1ba6b9e5cfeac,367.0,355.0,RGBA,ta_53.png,.png
/home/manvith/Desktop/Projects/Tulu Dataset/Tulu-Dtatset-V2/ta/ta_35.png,Tulu-Dtatset-V2,ta,train,f8391f49fdfdd13f3ad164422a3195c35d57455894e7ea9adcc7982c4d1262e3,361.0,346.0,RGBA,ta_35.png,.png
/home/manvith/Desktop/Projects/Tulu Dataset/Tulu-Dtatset-V2/ta/ta_56.png,Tulu-Dtatset-V2,ta,train,cc4cc4cf6dd5760c038477a0e15b8e8828357212e014210e39cf0f1b7d85553c,367.0,355.0,RGBA,ta_56.png,.png
/home/manvith/Desktop/Projects/Tulu Dataset/Tulu-Dtatset-V2/ta/ta_92.png,Tulu-Dtatset-V2,ta,train,f2c6955b0a197a65c20df70ba4dbf752ba36f6ca88c33690b7ab66feae21555f,364.0,347.0,RGBA,ta_92.png,.png
/home/manvith/Desktop/Projects/Tulu Dataset/Tulu-Dtatset-V2/ta/ta_42.png,Tulu-Dtatset-V2,ta,train,598447d4d332799abf9c97b83325be9471e447b8ee0411b32662a601671523e0,361.0,346.0,RGBA,ta_42.png,.png
/home/manvith/Desktop/Projects/Tulu Dataset/Tulu-Dtatset-V2/ta/ta_70.png,Tulu-Dtatset-V2,ta,train,6ae36d361efc458e6f64078e2f7c5dbc3b7113dea98a36786e21b8415b85cf33,367.0,355.0,RGBA,ta_70.png,.png
/home/manvith/Desktop/Projects/Tulu Dataset/Tulu-Dtatset-V2/ta/ta_38.png,Tulu-Dtatset-V2,ta,train,7cec8ed97b02c94deed066f7bcdea60a8ec7a18792ece62b1678717473162b4a,361.0,346.0,RGBA,ta_38.png,.png
/home/manvith/Desktop/Projects/Tulu Dataset/Tulu-Dtatset-V2/ta/ta_4.png,Tulu-Dtatset-V2,ta,train,68c05a437b3d5ef6ffdde13dc21839eee123e6aa2458aef8e76c6531c8787f57,363.0,337.0,RGBA,ta_4.png,.png
/home/manvith/Desktop/Projects/Tulu Dataset/Tulu-Dtatset-V2/ta/ta_76.png,Tulu-Dtatset-V2,ta,train,6706b7f8319b699989a3853ac46c893ec12f564f9a8ed425ca894b5069c5ea5a,364.0,347.0,RGBA,ta_76.png,.png
/home/manvith/Desktop/Projects/Tulu Dataset/Tulu-Dtatset-V2/ta/ta_69.png,Tulu-Dtatset-V2,ta,train,2b0a332dfbd21ba50ffa4cda8cb2873631e72cebe3a291e68a68fb1d3bc88f89,367.0,355.0,RGBA,ta_69.png,.png
/home/manvith/Desktop/Projects/Tulu Dataset/Tulu-Dtatset-V2/ta/ta_61.png,Tulu-Dtatset-V2,ta,train,e27704e978ad9bbcbb316d4eef069f88b243b1f58710feb98cc1b2db1da5f07c,367.0,355.0,RGBA,ta_61.png,.png
/home/manvith/Desktop/Projects/Tulu Dataset/Tulu-Dtatset-V2/ta/ta_27.png,Tulu-Dtatset-V2,ta,train,c5f21eea4ad48512d4e6a31e46547b6b0e585a969c18cad1122df5db480422b1,361.0,346.0,RGBA,ta_27.png,.png
/home/manvith/Desktop/Projects/Tulu Dataset/Tulu-Dtatset-V2/ta/ta_34.png,Tulu-Dtatset-V2,ta,train,a91d1a9f34bf006d1470135afc9ea283d2ca3cdd35d085d2411b353aa56aaab9,361.0,346.0,RGBA,ta_34.png,.png
/home/manvith/Desktop/Projects/Tulu Dataset/Tulu-Dtatset-V2/ta/ta_99.png,Tulu-Dtatset-V2,ta,train,ae328d373c935cff89a04a389f1f27cac7eadec9238996a5af0e8540c60e767d,364.0,347.0,RGBA,ta_99.png,.png
/home/manvith/Desktop/Projects/Tulu Dataset/Tulu-Dtatset-V2/ta/ta_97.png,Tulu-Dtatset-V2,ta,train,ff750aabcba6df6957af1b84a2fdd106c24129b74b9ddb092206821e4553e68a,364.0,347.0,RGBA,ta_97.png,.png
/home/manvith/Desktop/Projects/Tulu Dataset/Tulu-Dtatset-V2/ta/ta_83.png,Tulu-Dtatset-V2,ta,train,b77e796bcb2ab95629e54d8c3e92d9ab5bcfe740572bdce50325be1e1482f7be,364.0,347.0,RGBA,ta_83.png,.png
/home/manvith/Desktop/Projects/Tulu Dataset/Tulu-Dtatset-V2/ta/ta_14.png,Tulu-Dtatset-V2,ta,train,205ce8da11691f44d2f47981f4fe7081400e8610ad6979500821f3c9aa03771b,366.0,337.0,RGBA,ta_14.png,.png
/home/manvith/Desktop/Projects/Tulu Dataset/Tulu-Dtatset-V2/ta/ta_37.png,Tulu-Dtatset-V2,ta,train,9a2dd0e6f10b303985176f6872a17a05c2cd9260781d4e2f738bff8834fb195d,361.0,346.0,RGBA,ta_37.png,.png
/home/manvith/Desktop/Projects/Tulu Dataset/Tulu-Dtatset-V2/ta/ta_50.png,Tulu-Dtatset-V2,ta,train,911b604ed1924e6506b9058f0c4138ad3a33c4aad989a11964227f56c432a44d,361.0,346.0,RGBA,ta_50.png,.png
/home/manvith/Desktop/Projects/Tulu Dataset/Tulu-Dtatset-V2/ta/ta_91.png,Tulu-Dtatset-V2,ta,train,669956f07b271b3f9843738b7dff742d23654075e85b0050b99a0626a24b5b90,364.0,347.0,RGBA,ta_91.png,.png
/home/manvith/Desktop/Projects/Tulu Dataset/Tulu-Dtatset-V2/ta/ta_87.png,Tulu-Dtatset-V2,ta,train,e3adaf1ee477354f531ff8062bae8c5d19f03f91f78a195c31f7aed24a59df33,364.0,347.0,RGBA,ta_87.png,.png
/home/manvith/Desktop/Projects/Tulu Dataset/Tulu-Dtatset-V2/ta/ta_93.png,Tulu-Dtatset-V2,ta,train,35ee3d7358096af4a223699589c3c1d2a98383ec86594f4ce30aaf0dcd5357a8,364.0,347.0,RGBA,ta_93.png,.png
/home/manvith/Desktop/Projects/Tulu Dataset/Tulu-Dtatset-V2/ta/ta_88.png,Tulu-Dtatset-V2,ta,train,8b68592f1c1b81c8cca923f17fbddc959fb8715de896c62d9057795c8ec7fa1b,364.0,347.0,RGBA,ta_88.png,.png
/home/manvith/Desktop/Projects/Tulu Dataset/Tulu-Dtatset-V2/ta/ta_3.png,Tulu-Dtatset-V2,ta,train,5601eb33ac8f5a820d947d964827520b90e4d10b440648031c57b3425168d3fa,353.0,348.0,RGBA,ta_3.png,.png
/home/manvith/Desktop/Projects/Tulu Dataset/Tulu-Dtatset-V2/ta/ta_67.png,Tulu-Dtatset-V2,ta,train,c338b7134f74fc964cfce71b236e7d76133d97bcb62dfbfe1bff42e77f0eafe9,367.0,355.0,RGBA,ta_67.png,.png
/home/manvith/Desktop/Projects/Tulu Dataset/Tulu-Dtatset-V2/ta/ta_36.png,Tulu-Dtatset-V2,ta,train,4e666140ab62c45eb7b82b79e3cd5264961ab318e05c58e4ee5b64fa4c653a34,361.0,346.0,RGBA,ta_36.png,.png
/home/manvith/Desktop/Projects/Tulu Dataset/Tulu-Dtatset-V2/ta/ta_11.png,Tulu-Dtatset-V2,ta,train,f3d35d390030e1b434fc8f7d1f78b4a2d31f18e010e347a05c77cad8d4ad2b8b,364.0,348.0,RGBA,ta_11.png,.png
/home/manvith/Desktop/Projects/Tulu Dataset/Tulu-Dtatset-V2/ta/ta_22.png,Tulu-Dtatset-V2,ta,train,63f7a59de8cd8f50838dd8de44790f37c334bed930d51f1383e5060dfe76708e,361.0,346.0,RGBA,ta_22.png,.png
/home/manvith/Desktop/Projects/Tulu Dataset/Tulu-Dtatset-V2/ta/ta_59.png,Tulu-Dtatset-V2,ta,train,c1ae0691cb19cf13c6bbbd455f892f18d780eeb733d125d544556bf919f1c940,367.0,355.0,RGBA,ta_59.png,.png
/home/manvith/Desktop/Projects/Tulu Dataset/Tulu-Dtatset-V2/ta/ta_28.png,Tulu-Dtatset-V2,ta,train,3ed4703f5847b49aea2f5b3bc5f7d1200f39dbfaa98ff09e5e95e6acc7693d74,361.0,346.0,RGBA,ta_28.png,.png
/home/manvith/Desktop/Projects/Tulu Dataset/Tulu-Dtatset-V2/ta/ta_82.png,Tulu-Dtatset-V2,ta,train,a8eeb0f71bd7a39ae7f333e43c8e4ee1fe76f67c6f84ff60991d1e12ada1679b,364.0,347.0,RGBA,ta_82.png,.png
/home/manvith/Desktop/Projects/Tulu Dataset/Tulu-Dtatset-V2/ta/ta_68.png,Tulu-Dtatset-V2,ta,train,5c335451a1151b98c09c76e5e2c640c949dff58c940fe523ce98693691a19c45,367.0,355.0,RGBA,ta_68.png,.png
/home/manvith/Desktop/Projects/Tulu Dataset/Tulu-Dtatset-V2/ta/ta_63.png,Tulu-Dtatset-V2,ta,train,40332f32df369edcbf1903716d0676995736742636b85d21607c380ed43ae776,367.0,355.0,RGBA,ta_63.png,.png
/home/manvith/Desktop/Projects/Tulu Dataset/Tulu-Dtatset-V2/ta/ta_72.png,Tulu-Dtatset-V2,ta,train,f35b09acd9f5c83ef119f737db999b4a40999b5376b802607fb33e1539a044f8,364.0,347.0,RGBA,ta_72.png,.png
/home/manvith/Desktop/Projects/Tulu Dataset/Tulu-Dtatset-V2/ta/ta_48.png,Tulu-Dtatset-V2,ta,train,40196411da36166b1d66b2f42633e581ddae1b0a9274e498d62417ad3139a7f0,361.0,346.0,RGBA,ta_48.png,.png
/home/manvith/Desktop/Projects/Tulu Dataset/Tulu-Dtatset-V2/ta/ta_43.png,Tulu-Dtatset-V2,ta,train,0061059b35fa8d0b3ece5acb45979becf302e296c52b66e246045ef146df7295,361.0,346.0,RGBA,ta_43.png,.png
/home/manvith/Desktop/Projects/Tulu Dataset/Tulu-Dtatset-V2/ta/ta_44.png,Tulu-Dtatset-V2,ta,train,f056e02d415fbec163cd8b6fcfd9cf4800f664097dd1419ee32700d58e0248c2,361.0,346.0,RGBA,ta_44.png,.png
/home/manvith/Desktop/Projects/Tulu Dataset/Tulu-Dtatset-V2/ta/ta_17.png,Tulu-Dtatset-V2,ta,train,81e1d0ac2f40ee36e921ea88eba91cf288f47cadac08e632530359816d736aa6,361.0,346.0,RGBA,ta_17.png,.png
/home/manvith/Desktop/Projects/Tulu Dataset/Tulu-Dtatset-V2/ta/ta_31.png,Tulu-Dtatset-V2,ta,train,5dfd12fc0c6ce9e6e7d12463ffa509d51fc463216b7a0136b9666ad558c2fa7f,361.0,346.0,RGBA,ta_31.png,.png
/home/manvith/Desktop/Projects/Tulu Dataset/Tulu-Dtatset-V2/ta/ta_24.png,Tulu-Dtatset-V2,ta,train,89d4576c9861a91eea6b8f3f5cd808c877856395e968b07784918c1228b803c0,361.0,346.0,RGBA,ta_24.png,.png
/home/manvith/Desktop/Projects/Tulu Dataset/Tulu-Dtatset-V2/ta/ta_96.png,Tulu-Dtatset-V2,ta,train,86a5aab7f7441d200b3e5ca9b4df5d02fbc0e344cf06de7ff99eacd4039c0659,364.0,347.0,RGBA,ta_96.png,.png
/home/manvith/Desktop/Projects/Tulu Dataset/Tulu-Dtatset-V2/ta/ta_100.png,Tulu-Dtatset-V2,ta,train,163b0bd60537c3da9412b126e8a7f8465aa416d74f77143a087a1f98ff94f7b6,364.0,347.0,RGBA,ta_100.png,.png
/home/manvith/Desktop/Projects/Tulu Dataset/Tulu-Dtatset-V2/ta/ta_64.png,Tulu-Dtatset-V2,ta,train,fe1d6e18c8c04e3e097f41a2ca8b6ad04e663ca3acd0dfb7944807818192d38a,367.0,355.0,RGBA,ta_64.png,.png
/home/manvith/Desktop/Projects/Tulu Dataset/Tulu-Dtatset-V2/ta/ta_66.png,Tulu-Dtatset-V2,ta,train,a32bcba2c3fe83bf612495dcc9d2a716d4b87b24a3e018bedc4f78b55476ee09,367.0,355.0,RGBA,ta_66.png,.png
/home/manvith/Desktop/Projects/Tulu Dataset/Tulu-Dtatset-V2/ta/ta_95.png,Tulu-Dtatset-V2,ta,train,7188da5246a08f310592e57ac36e8282f991b476be3831e7ea7375a51e243273,364.0,347.0,RGBA,ta_95.png,.png
/home/manvith/Desktop/Projects/Tulu Dataset/Tulu-Dtatset-V2/ta/ta_39.png,Tulu-Dtatset-V2,ta,train,f22e8015982c4ed98c0ff485677cb8bfa0df8e7c52f93272719cc712fb8d4716,361.0,346.0,RGBA,ta_39.png,.png
/home/manvith/Desktop/Projects/Tulu Dataset/Tulu-Dtatset-V2/ta/ta_57.png,Tulu-Dtatset-V2,ta,train,160dbeed399037315782353289284459b2d7d1f4e9728558876aae9302114508,367.0,355.0,RGBA,ta_57.png,.png
/home/manvith/Desktop/Projects/Tulu Dataset/Tulu-Dtatset-V2/ta/ta_49.png,Tulu-Dtatset-V2,ta,train,6b3915dd6029456fa9b214198f82b6b2eccd6562524eb6bdde8fba9c8339fd5a,361.0,346.0,RGBA,ta_49.png,.png
/home/manvith/Desktop/Projects/Tulu Dataset/Tulu-Dtatset-V2/ta/ta_71.png,Tulu-Dtatset-V2,ta,train,aeead2718cfc44f548f124a425a3a76e35262d937deaf39aed2bd0071014289e,364.0,347.0,RGBA,ta_71.png,.png
/home/manvith/Desktop/Projects/Tulu Dataset/Tulu-Dtatset-V2/ta/ta_41.png,Tulu-Dtatset-V2,ta,train,db59406b948fd2fffbedb3d60882877bd79f670807631a5017bccc49c67df577,361.0,346.0,RGBA,ta_41.png,.png
/home/manvith/Desktop/Projects/Tulu Dataset/Tulu-Dtatset-V2/ta/ta_79.png,Tulu-Dtatset-V2,ta,train,7e22c73851e7557e58f52a0114e97cd9b5875242dcc019bebf47da8133f9a541,364.0,347.0,RGBA,ta_79.png,.png
/home/manvith/Desktop/Projects/Tulu Dataset/Tulu-Dtatset-V2/ta/ta_8.png,Tulu-Dtatset-V2,ta,train,9be707b4b567951ba2e6091bdb1db12c26f64adbe6f7e703cd9a94b4d693cf03,359.0,348.0,RGBA,ta_8.png,.png
/home/manvith/Desktop/Projects/Tulu Dataset/Tulu-Dtatset-V2/ta/ta_20.png,Tulu-Dtatset-V2,ta,train,ce6a64574492b763da81cf5d069b966ad49ee945c2d2ee12f17c2c7e534dab7e,361.0,346.0,RGBA,ta_20.png,.png
/home/manvith/Desktop/Projects/Tulu Dataset/Tulu-Dtatset-V2/ta/ta_2.png,Tulu-Dtatset-V2,ta,train,e1b108f6ca303df2f3552ef6578a69a161e5d5af74a36e3f9a0e22657a895163,367.0,355.0,RGBA,ta_2.png,.png
/home/manvith/Desktop/Projects/Tulu Dataset/Tulu-Dtatset-V2/ta/ta_77.png,Tulu-Dtatset-V2,ta,train,22afd1b2b03a5aa15bd603e3b128ff23c61e3131f5ca3b32e3f327c7dc806672,364.0,347.0,RGBA,ta_77.png,.png
/home/manvith/Desktop/Projects/Tulu Dataset/Tulu-Dtatset-V2/ta/ta_86.png,Tulu-Dtatset-V2,ta,train,2ae4c40c9ce747b022f73e8e4b6fbf79feb00e0b449f15baba0f5c2f9d03b8a8,364.0,347.0,RGBA,ta_86.png,.png
/home/manvith/Desktop/Projects/Tulu Dataset/Tulu-Dtatset-V2/ta/ta_75.png,Tulu-Dtatset-V2,ta,train,a9c75389da2d8c0d62709cba39897ee8467944a59c84edbbd89ca62f5b936d2e,364.0,347.0,RGBA,ta_75.png,.png
/home/manvith/Desktop/Projects/Tulu Dataset/Tulu-Dtatset-V2/ta/ta_25.png,Tulu-Dtatset-V2,ta,train,24246ad8a7c9ad67c084be74d697d65d6f17c2b373bf4fce198dfce0be07f937,361.0,346.0,RGBA,ta_25.png,.png
/home/manvith/Desktop/Projects/Tulu Dataset/Tulu-Dtatset-V2/tha/tha_37.png,Tulu-Dtatset-V2,tha,train,f7a4f77b91e0fd7bdb4005e567122002f0c09f0fee2095916b402d04f02ccec3,368.0,350.0,RGBA,tha_37.png,.png
/home/manvith/Desktop/Projects/Tulu Dataset/Tulu-Dtatset-V2/tha/tha_2.png,Tulu-Dtatset-V2,tha,train,9fd725734d3fbf59b02f1d5a9f2dc492eedcfe4343a203b95919a74403148e70,362.0,347.0,RGBA,tha_2.png,.png
/home/manvith/Desktop/Projects/Tulu Dataset/Tulu-Dtatset-V2/tha/tha_15.png,Tulu-Dtatset-V2,tha,train,07b7449c2983fdfdd1835aca888ee926f888b7f83093e94c1936697f5ab01aad,362.0,349.0,RGBA,tha_15.png,.png
/home/manvith/Desktop/Projects/Tulu Dataset/Tulu-Dtatset-V2/tha/tha_56.png,Tulu-Dtatset-V2,tha,train,45453e1ce45de85369230de9ddef1044357b031e00f42ebdad9e2eb7e4261dcf,356.0,345.0,RGBA,tha_56.png,.png
/home/manvith/Desktop/Projects/Tulu Dataset/Tulu-Dtatset-V2/tha/tha_57.png,Tulu-Dtatset-V2,tha,train,02ff22237539e6d6d3d054865b687ccf7214ba1a09aac5ac340e292acbab7dc0,356.0,345.0,RGBA,tha_57.png,.png
/home/manvith/Desktop/Projects/Tulu Dataset/Tulu-Dtatset-V2/tha/tha_93.png,Tulu-Dtatset-V2,tha,train,de450ba48c9ce85ae418bbfcdfd3f26127681c92607b5871976ff726ab61007e,361.0,338.0,RGBA,tha_93.png,.png
/home/manvith/Desktop/Projects/Tulu Dataset/Tulu-Dtatset-V2/tha/tha_68.png,Tulu-Dtatset-V2,tha,train,f6d9a863e751352c41e0b47d4dd721a6f41722361637fd3afdb2670cd0e4ee5f,356.0,345.0,RGBA,tha_68.png,.png
/home/manvith/Desktop/Projects/Tulu Dataset/Tulu-Dtatset-V2/tha/tha_95.png,Tulu-Dtatset-V2,tha,train,d4f89e65e2f76693f6899e34fdbb1e311bdfc04b9303a18e653ea176be37ad37,361.0,338.0,RGBA,tha_95.png,.png
/home/manvith/Desktop/Projects/Tulu Dataset/Tulu-Dtatset-V2/tha/tha_25.png,Tulu-Dtatset-V2,tha,train,7ef12f2567f8f8df03788cc56cb2a8f4c3a68461afae504f8f9f9a1134e0ac40,368.0,350.0,RGBA,tha_25.png,.png
/home/manvith/Desktop/Projects/Tulu Dataset/Tulu-Dtatset-V2/tha/tha_74.png,Tulu-Dtatset-V2,tha,train,ddb56fa412043da068da9d7cbf30d474b2108628914d55895d8fc37758181fc1,356.0,345.0,RGBA,tha_74.png,.png
/home/manvith/Desktop/Projects/Tulu Dataset/Tulu-Dtatset-V2/tha/tha_81.png,Tulu-Dtatset-V2,tha,train,461888953e55784428692e56a0d93c74a96a0745ddb52ea46b665cb52066040a,361.0,338.0,RGBA,tha_81.png,.png
/home/manvith/Desktop/Projects/Tulu Dataset/Tulu-Dtatset-V2/tha/tha_86.png,Tulu-Dtatset-V2,tha,train,486773e4914ae6db37243c1130387e599a3870de91206ff013f714ee0c2d2ec9,361.0,338.0,RGBA,tha_86.png,.png
/home/manvith/Desktop/Projects/Tulu Dataset/Tulu-Dtatset-V2/tha/tha_13.png,Tulu-Dtatset-V2,tha,train,6e2f5c0c5c22bf11f00d4d62dd540fb49fbf2a67b9880120f9b8684463632775,362.0,347.0,RGBA,tha_13.png,.png
/home/manvith/Desktop/Projects/Tulu Dataset/Tulu-Dtatset-V2/tha/tha_45.png,Tulu-Dtatset-V2,tha,train,65d310a2631040f0eb46da1c7bbb268a6d000a16c85e860078c187f57b76b56e,368.0,350.0,RGBA,tha_45.png,.png
/home/manvith/Desktop/Projects/Tulu Dataset/Tulu-Dtatset-V2/tha/tha_12.png,Tulu-Dtatset-V2,tha,train,e0322ee6771084b3006f4278e02845d134024424ae95590df416ca097495b30f,361.0,338.0,RGBA,tha_12.png,.png
/home/manvith/Desktop/Projects/Tulu Dataset/Tulu-Dtatset-V2/tha/tha_18.png,Tulu-Dtatset-V2,tha,train,9d6d10e581b7707ab7563989e412d426c3324f2ed5296c759efbb400c38b1856,368.0,350.0,RGBA,tha_18.png,.png
/home/manvith/Desktop/Projects/Tulu Dataset/Tulu-Dtatset-V2/tha/tha_100.png,Tulu-Dtatset-V2,tha,train,e86e6b2a24e999d3ad1aa43f7685d344becfb64db639aa3c05c05f0228051135,361.0,338.0,RGBA,tha_100.png,.png
/home/manvith/Desktop/Projects/Tulu Dataset/Tulu-Dtatset-V2/tha/tha_9.png,Tulu-Dtatset-V2,tha,train,e10404339910538d346aa43ec6391d2d3d2612efb516ea6c04e53ee6bc97f226,369.0,356.0,RGBA,tha_9.png,.png
/home/manvith/Desktop/Projects/Tulu Dataset/Tulu-Dtatset-V2/tha/tha_73.png,Tulu-Dtatset-V2,tha,train,2b97d1d84aad87f0f3112fc81c887f047476b5cf0b805dae5e8f34e324c4cb26,356.0,345.0,RGBA,tha_73.png,.png
/home/manvith/Desktop/Projects/Tulu Dataset/Tulu-Dtatset-V2/tha/tha_3.png,Tulu-Dtatset-V2,tha,train,241150c68f96272377106998518f270a7eb6c630131a2b125068042a48f09a1b,357.0,350.0,RGBA,tha_3.png,.png
/home/manvith/Desktop/Projects/Tulu Dataset/Tulu-Dtatset-V2/tha/tha_17.png,Tulu-Dtatset-V2,tha,train,45bcbb310ab945d18012dfe02aa2282ef4f07d7eb2882fd3ce39bac753bb1560,368.0,350.0,RGBA,tha_17.png,.png
/home/manvith/Desktop/Projects/Tulu Dataset/Tulu-Dtatset-V2/tha/tha_44.png,Tulu-Dtatset-V2,tha,train,1fc44c6caa9d22b2d878f083330bafa2c096a9f4018a5be01cde64ba1500c4b6,368.0,350.0,RGBA,tha_44.png,.png
/home/manvith/Desktop/Projects/Tulu Dataset/Tulu-Dtatset-V2/tha/tha_66.png,Tulu-Dtatset-V2,tha,train,198c8d2ded2d39400a8f8a9860ddff477fd5608985d36b28b0c185c70e2d6a03,356.0,345.0,RGBA,tha_66.png,.png
/home/manvith/Desktop/Projects/Tulu Dataset/Tulu-Dtatset-V2/tha/tha_70.png,Tulu-Dtatset-V2,tha,train,e271ea8014d20694929a1bcc7ca3e5eac326736bfcabae44809dafce6b2eb31a,356.0,345.0,RGBA,tha_70.png,.png
/home/manvith/Desktop/Projects/Tulu Dataset/Tulu-Dtatset-V2/tha/tha_47.png,Tulu-Dtatset-V2,tha,train,abf6442256dca760799adced04ed1a438d62afac8df78267599d8be8075769ca,368.0,350.0,RGBA,tha_47.png,.png
/home/manvith/Desktop/Projects/Tulu Dataset/Tulu-Dtatset-V2/tha/tha_91.png,Tulu-Dtatset-V2,tha,train,90b1db48dd37d67ed27ae8f2eab70cdfbaaaf5e78303d2373fe617a9fba8f33b,361.0,338.0,RGBA,tha_91.png,.png
/home/manvith/Desktop/Projects/Tulu Dataset/Tulu-Dtatset-V2/tha/tha_61.png,Tulu-Dtatset-V2,tha,train,47fd567f1ab379a13c5d64ea908ab54c9fc027efae78b37a240dc1056979a9d8,356.0,345.0,RGBA,tha_61.png,.png
/home/manvith/Desktop/Projects/Tulu Dataset/Tulu-Dtatset-V2/tha/tha_64.png,Tulu-Dtatset-V2,tha,train,50eeb14e48fd8672e88483cd85bda498ed204fa1e65611e489ebddac0c4be9dd,356.0,345.0,RGBA,tha_64.png,.png
/home/manvith/Desktop/Projects/Tulu Dataset/Tulu-Dtatset-V2/tha/tha_28.png,Tulu-Dtatset-V2,tha,train,cc6341edfb2306e29d2892db6932274d3eb9b537d3abed59cd39dc66f984bf0b,368.0,350.0,RGBA,tha_28.png,.png
/home/manvith/Desktop/Projects/Tulu Dataset/Tulu-Dtatset-V2/tha/tha_42.png,Tulu-Dtatset-V2,tha,train,6c3749f16725046fde1e364c0aa382132f811044dd3f38c06d9c1634bc15c3f8,368.0,350.0,RGBA,tha_42.png,.png
/home/manvith/Desktop/Projects/Tulu Dataset/Tulu-Dtatset-V2/tha/tha_52.png,Tulu-Dtatset-V2,tha,train,12fea0d82f8b06cad1d5c8d15566912bd9fafff783bbb7c30907eeab4ef62bf6,356.0,345.0,RGBA,tha_52.png,.png
/home/manvith/Desktop/Projects/Tulu Dataset/Tulu-Dtatset-V2/tha/tha_71.png,Tulu-Dtatset-V2,tha,train,3ae42d7d6f00ff19858b9224828956e65e26a9881118fbe70f9c2819e09a73a2,356.0,345.0,RGBA,tha_71.png,.png
/home/manvith/Desktop/Projects/Tulu Dataset/Tulu-Dtatset-V2/tha/tha_96.png,Tulu-Dtatset-V2,tha,train,5b2b59bf184f8dcc92b3b3d78d5fe9c08b0f69b11ce1520a576bd04ccc6ea35c,361.0,338.0,RGBA,tha_96.png,.png
/home/manvith/Desktop/Projects/Tulu Dataset/Tulu-Dtatset-V2/tha/tha_76.png,Tulu-Dtatset-V2,tha,train,1baf00bdc75e116aeca29fc73f21fb15b7d1b0f9ce8edebcbec2435d1482e225,356.0,345.0,RGBA,tha_76.png,.png
/home/manvith/Desktop/Projects/Tulu Dataset/Tulu-Dtatset-V2/tha/tha_84.png,Tulu-Dtatset-V2,tha,train,461ad01432eaae75b8d0b89f11ed082421c2ef957dcb0409756239009e15201c,361.0,338.0,RGBA,tha_84.png,.png
/home/manvith/Desktop/Projects/Tulu Dataset/Tulu-Dtatset-V2/tha/tha_5.png,Tulu-Dtatset-V2,tha,train,77b16945912e4e84ccbba997695849cf7c08ce67906b9af080e3bbbe5d8d89ea,368.0,346.0,RGBA,tha_5.png,.png
/home/manvith/Desktop/Projects/Tulu Dataset/Tulu-Dtatset-V2/tha/tha_20.png,Tulu-Dtatset-V2,tha,train,2a7396c30e244ab71fd2f47204f47662925d124bda2b9e3eb9d5730ce62b31d6,368.0,350.0,RGBA,tha_20.png,.png
/home/manvith/Desktop/Projects/Tulu Dataset/Tulu-Dtatset-V2/tha/tha_98.png,Tulu-Dtatset-V2,tha,train,f3a6c16b008de0df0226634b579c1643a5cfeaa0f7fd4c2718ef6e794fef3916,361.0,338.0,RGBA,tha_98.png,.png
/home/manvith/Desktop/Projects/Tulu Dataset/Tulu-Dtatset-V2/tha/tha_35.png,Tulu-Dtatset-V2,tha,train,1b33376b0a0c1deabb7c36283b6ebcdfd075f321ffbff1fbfa96fb4d08413368,368.0,350.0,RGBA,tha_35.png,.png
/home/manvith/Desktop/Projects/Tulu Dataset/Tulu-Dtatset-V2/tha/tha_97.png,Tulu-Dtatset-V2,tha,train,13e22ef8677d9017a0df7398e840483fd9be0e7227a8398fb2deaf84d89d39a8,361.0,338.0,RGBA,tha_97.png,.png
/home/manvith/Desktop/Projects/Tulu Dataset/Tulu-Dtatset-V2/tha/tha_30.png,Tulu-Dtatset-V2,tha,train,51424ad6697740ec47fbec734b6324072fe7162b2dfa7b399254705faa7c9655,368.0,350.0,RGBA,tha_30.png,.png
/home/manvith/Desktop/Projects/Tulu Dataset/Tulu-Dtatset-V2/tha/tha_7.png,Tulu-Dtatset-V2,tha,train,bd9f65ad119af20cea34992a83247cbbe73a524b541e941d7caa5d41958e8e57,356.0,345.0,RGBA,tha_7.png,.png
/home/manvith/Desktop/Projects/Tulu Dataset/Tulu-Dtatset-V2/tha/tha_24.png,Tulu-Dtatset-V2,tha,train,1d13b89cb86d942c5bbabcbbb6ab13fb19c6a3af46b9b066be350c5bb128600e,368.0,350.0,RGBA,tha_24.png,.png
/home/manvith/Desktop/Projects/Tulu Dataset/Tulu-Dtatset-V2/tha/tha_55.png,Tulu-Dtatset-V2,tha,train,3e72007f3fdeb5bc9260d7426e10a96dc6d025fb1dfa8073aaa90c23497f0111,356.0,345.0,RGBA,tha_55.png,.png
/home/manvith/Desktop/Projects/Tulu Dataset/Tulu-Dtatset-V2/tha/tha_26.png,Tulu-Dtatset-V2,tha,train,a27fa5baf3d850627d829793c19da35a32721c2ebf6dc71e3e143d8e6926c774,368.0,350.0,RGBA,tha_26.png,.png
/home/manvith/Desktop/Projects/Tulu Dataset/Tulu-Dtatset-V2/tha/tha_6.png,Tulu-Dtatset-V2,tha,train,dfff6d86cc2d804783719699aedc2ffe16d32f44be88c55a4a9c405c088bc898,361.0,342.0,RGBA,tha_6.png,.png
/home/manvith/Desktop/Projects/Tulu Dataset/Tulu-Dtatset-V2/tha/tha_23.png,Tulu-Dtatset-V2,tha,train,f8e9202c518e53a763cf001fe13a9bcc089f6815cb6e863f6668bf94ead2b453,368.0,350.0,RGBA,tha_23.png,.png
/home/manvith/Desktop/Projects/Tulu Dataset/Tulu-Dtatset-V2/tha/tha_21.png,Tulu-Dtatset-V2,tha,train,cedac59503e2fc8f0c0972e56fb43f3a590f65b964e9ffee78aa0adb4638d905,368.0,350.0,RGBA,tha_21.png,.png
/home/manvith/Desktop/Projects/Tulu Dataset/Tulu-Dtatset-V2/tha/tha_58.png,Tulu-Dtatset-V2,tha,train,058c1cf0006eda8c88c6263175adaec4ec0211a86e2bdbb782bfd1443cb7367c,356.0,345.0,RGBA,tha_58.png,.png
/home/manvith/Desktop/Projects/Tulu Dataset/Tulu-Dtatset-V2/tha/tha_43.png,Tulu-Dtatset-V2,tha,train,f5d7d945ab44db3f1d6a646d76f12f29e92d7c7cd77cb826accf180b8977342b,368.0,350.0,RGBA,tha_43.png,.png
/home/manvith/Desktop/Projects/Tulu Dataset/Tulu-Dtatset-V2/tha/tha_75.png,Tulu-Dtatset-V2,tha,train,b7f67a57bd762e9112465ecce884bb2e75466cf15eb488c4cf5ca04560a90374,356.0,345.0,RGBA,tha_75.png,.png
/home/manvith/Desktop/Projects/Tulu Dataset/Tulu-Dtatset-V2/tha/tha_85.png,Tulu-Dtatset-V2,tha,train,7bc51b9ea500ca1ff8b7b966bab221429ae7d5939547fa7f03746ed82afca8e0,361.0,338.0,RGBA,tha_85.png,.png
/home/manvith/Desktop/Projects/Tulu Dataset/Tulu-Dtatset-V2/tha/tha_16.png,Tulu-Dtatset-V2,tha,train,5238c18d67514b7629571f66100ac5ac5ec8cf752658a3422581a4c1e074c798,368.0,350.0,RGBA,tha_16.png,.png
/home/manvith/Desktop/Projects/Tulu Dataset/Tulu-Dtatset-V2/tha/tha_87.png,Tulu-Dtatset-V2,tha,train,d5862821183bf1ca5d5d8767bd19fb810f354d3154d483d8316fbd35918ee6f8,361.0,338.0,RGBA,tha_87.png,.png
/home/manvith/Desktop/Projects/Tulu Dataset/Tulu-Dtatset-V2/tha/tha_1.png,Tulu-Dtatset-V2,tha,train,d3c735004ee2a43e66d57bfd11f421c3be2144ce952b955ac97533bad254a882,364.0,349.0,RGBA,tha_1.png,.png
/home/manvith/Desktop/Projects/Tulu Dataset/Tulu-Dtatset-V2/tha/tha_48.png,Tulu-Dtatset-V2,tha,train,da12cdf2005c94450d676a49e1aaeb9f6ff100c788a6fda89e1306a59fc38431,368.0,350.0,RGBA,tha_48.png,.png
/home/manvith/Desktop/Projects/Tulu Dataset/Tulu-Dtatset-V2/tha/tha_83.png,Tulu-Dtatset-V2,tha,train,147a08bec728fcf2dcde009c410fa2ad2294c0302e98f219a0a2839335352756,361.0,338.0,RGBA,tha_83.png,.png
/home/manvith/Desktop/Projects/Tulu Dataset/Tulu-Dtatset-V2/tha/tha_8.png,Tulu-Dtatset-V2,tha,train,db0a3451dbf4ef8c173755db1a0eea1f14a63c11aa3f06ed0c0b247d604e2c05,359.0,343.0,RGBA,tha_8.png,.png
/home/manvith/Desktop/Projects/Tulu Dataset/Tulu-Dtatset-V2/tha/tha_59.png,Tulu-Dtatset-V2,tha,train,63e2dfd7a4f576d2b7fcb0969e7b90532ba49ef6852aa3cc166a3fe48fd97c17,356.0,345.0,RGBA,tha_59.png,.png
/home/manvith/Desktop/Projects/Tulu Dataset/Tulu-Dtatset-V2/tha/tha_10.png,Tulu-Dtatset-V2,tha,train,f3952e2c6714fc696faa72ee2540c843da521f066f1467a74729e06899f91122,368.0,350.0,RGBA,tha_10.png,.png
/home/manvith/Desktop/Projects/Tulu Dataset/Tulu-Dtatset-V2/tha/tha_38.png,Tulu-Dtatset-V2,tha,train,113096c356884b175875ea2d20313a0ad93322a8b9f7aaa1f7cb43e5b7aa90dd,368.0,350.0,RGBA,tha_38.png,.png
/home/manvith/Desktop/Projects/Tulu Dataset/Tulu-Dtatset-V2/tha/tha_92.png,Tulu-Dtatset-V2,tha,train,8112b7dabb6baa658bc79f3a775edd38071a62ef0c13458fa82711680499b70b,361.0,338.0,RGBA,tha_92.png,.png
/home/manvith/Desktop/Projects/Tulu Dataset/Tulu-Dtatset-V2/tha/tha_46.png,Tulu-Dtatset-V2,tha,train,f790dbee5a5cb01303605242383e33cf4df7192bcf0b5cfcaa292f315ea5f93c,368.0,350.0,RGBA,tha_46.png,.png
/home/manvith/Desktop/Projects/Tulu Dataset/Tulu-Dtatset-V2/tha/tha_4.png,Tulu-Dtatset-V2,tha,train,f80bf5ac72de620dc471c21036417c676b9d2cb980bd818710bbf057b34c66e2,362.0,349.0,RGBA,tha_4.png,.png
/home/manvith/Desktop/Projects/Tulu Dataset/Tulu-Dtatset-V2/tha/tha_32.png,Tulu-Dtatset-V2,tha,train,e3459dbbebcd26fe74238f124411c0dffcd42a1c686b71c92ec384278aee341c,368.0,350.0,RGBA,tha_32.png,.png
/home/manvith/Desktop/Projects/Tulu Dataset/Tulu-Dtatset-V2/tha/tha_69.png,Tulu-Dtatset-V2,tha,train,28efe6c8bcb2201bb935e2130edff4d9c7ba8d08872a797bec62690365a9802f,356.0,345.0,RGBA,tha_69.png,.png
/home/manvith/Desktop/Projects/Tulu Dataset/Tulu-Dtatset-V2/tha/tha_34.png,Tulu-Dtatset-V2,tha,train,8cb91db94bd401bd3259f696a81026ee9dfa21ccd410f3ab5ef3fc910cb492c9,368.0,350.0,RGBA,tha_34.png,.png
/home/manvith/Desktop/Projects/Tulu Dataset/Tulu-Dtatset-V2/tha/tha_33.png,Tulu-Dtatset-V2,tha,train,0beeca4141edfc099fc8d6f57d574325271174fc5cf446ad4cc23a008fb3c1b9,368.0,350.0,RGBA,tha_33.png,.png
/home/manvith/Desktop/Projects/Tulu Dataset/Tulu-Dtatset-V2/tha/tha_80.png,Tulu-Dtatset-V2,tha,train,5e8f127635a7129cd5a5602d04404575931d4a0156c7a20644d65d4fdbc63ae5,356.0,345.0,RGBA,tha_80.png,.png
/home/manvith/Desktop/Projects/Tulu Dataset/Tulu-Dtatset-V2/tha/tha_99.png,Tulu-Dtatset-V2,tha,train,2dce5a21ab29a8f5c646a343e54033e108d04f8fe17cd8297e0f781b2e5e3ee1,361.0,338.0,RGBA,tha_99.png,.png
/home/manvith/Desktop/Projects/Tulu Dataset/Tulu-Dtatset-V2/tha/tha_53.png,Tulu-Dtatset-V2,tha,train,9f3ec66e889cab459418c78d7ad0b411680ac1f52badfaebcf2dc2a24fb834aa,356.0,345.0,RGBA,tha_53.png,.png
/home/manvith/Desktop/Projects/Tulu Dataset/Tulu-Dtatset-V2/tha/tha_89.png,Tulu-Dtatset-V2,tha,train,d2f9aee57ec2a4d97acc40b20eaaad9042d7a6f8c2852371b0833133149cc5eb,361.0,338.0,RGBA,tha_89.png,.png
/home/manvith/Desktop/Projects/Tulu Dataset/Tulu-Dtatset-V2/tha/tha_41.png,Tulu-Dtatset-V2,tha,train,368810bc8122cf35bcc54081e2d31c5db2b7d7f3405ef66479210c92841867d8,368.0,350.0,RGBA,tha_41.png,.png
/home/manvith/Desktop/Projects/Tulu Dataset/Tulu-Dtatset-V2/tha/tha_19.png,Tulu-Dtatset-V2,tha,train,6f7f3de4d1972a8f07297502d0296e6f08e7365238e6542f24790837beed175e,368.0,350.0,RGBA,tha_19.png,.png
/home/manvith/Desktop/Projects/Tulu Dataset/Tulu-Dtatset-V2/tha/tha_39.png,Tulu-Dtatset-V2,tha,train,099f70cf08fa175cacf1661ef0163608b25af0b33e927ed2e2516a3112a566a6,368.0,350.0,RGBA,tha_39.png,.png
/home/manvith/Desktop/Projects/Tulu Dataset/Tulu-Dtatset-V2/tha/tha_27.png,Tulu-Dtatset-V2,tha,train,be5b57208a81e5bb13a01fd9014807d3ece3829ef26b7fa92ac44c3df050c7ee,368.0,350.0,RGBA,tha_27.png,.png
/home/manvith/Desktop/Projects/Tulu Dataset/Tulu-Dtatset-V2/tha/tha_79.png,Tulu-Dtatset-V2,tha,train,0b6be1140b251042b5dfb38f8d7936703ce784b438c6383230c384b973ddb2ae,356.0,345.0,RGBA,tha_79.png,.png
/home/manvith/Desktop/Projects/Tulu Dataset/Tulu-Dtatset-V2/tha/tha_49.png,Tulu-Dtatset-V2,tha,train,bf56da0cd17183f9dc8309440171b3cb643e74e4165d32a6b1ab50469bd78b8c,368.0,350.0,RGBA,tha_49.png,.png
/home/manvith/Desktop/Projects/Tulu Dataset/Tulu-Dtatset-V2/tha/tha_72.png,Tulu-Dtatset-V2,tha,train,fbb1eb739779e59f215c2d96946dea29b307332b08178d960d9eae21494fadf9,356.0,345.0,RGBA,tha_72.png,.png
/home/manvith/Desktop/Projects/Tulu Dataset/Tulu-Dtatset-V2/tha/tha_77.png,Tulu-Dtatset-V2,tha,train,7e7693972a134d46dba7503639ea30253c71d8f9a372ae515055e954d4a684f1,356.0,345.0,RGBA,tha_77.png,.png
/home/manvith/Desktop/Projects/Tulu Dataset/Tulu-Dtatset-V2/thha/thha_58.png,Tulu-Dtatset-V2,thha,train,f845bbe955d8d73e3d422b6a9fda5db0de871f8b373e07028e97143ec83e7484,360.0,339.0,RGBA,thha_58.png,.png
/home/manvith/Desktop/Projects/Tulu Dataset/Tulu-Dtatset-V2/thha/thha_94.png,Tulu-Dtatset-V2,thha,train,953f969111701be57845b709e94485057fc8cd4c3008f0aa8b6e731f2fad0959,360.0,337.0,RGBA,thha_94.png,.png
/home/manvith/Desktop/Projects/Tulu Dataset/Tulu-Dtatset-V2/thha/thha_14.png,Tulu-Dtatset-V2,thha,train,58d7da08da57b4631e34cd9d3c4e536d19b5b66fa0ff0e5c59c689998d8bce69,360.0,344.0,RGBA,thha_14.png,.png
/home/manvith/Desktop/Projects/Tulu Dataset/Tulu-Dtatset-V2/thha/thha_41.png,Tulu-Dtatset-V2,thha,train,b7d9c682253e8f1e6f658de96183e932757ec342f78a6c50b55861f9c74ec33c,362.0,337.0,RGBA,thha_41.png,.png
/home/manvith/Desktop/Projects/Tulu Dataset/Tulu-Dtatset-V2/thha/thha_90.png,Tulu-Dtatset-V2,thha,train,48939e7604c7206219ebdd8118311f93f5b4466ea4499afa228735f874e30dbd,360.0,337.0,RGBA,thha_90.png,.png
/home/manvith/Desktop/Projects/Tulu Dataset/Tulu-Dtatset-V2/thha/thha_60.png,Tulu-Dtatset-V2,thha,train,29db53f8e3a9c786a03fb6c32d83c78f5e808dca3c942bc56a9da4236e1066bb,360.0,339.0,RGBA,thha_60.png,.png
/home/manvith/Desktop/Projects/Tulu Dataset/Tulu-Dtatset-V2/thha/thha_65.png,Tulu-Dtatset-V2,thha,train,70cc1846f228d24aaad6cab103df322f79cb661ab871d237bdb3002a61cae009,360.0,339.0,RGBA,thha_65.png,.png
/home/manvith/Desktop/Projects/Tulu Dataset/Tulu-Dtatset-V2/thha/thha_98.png,Tulu-Dtatset-V2,thha,train,62c81763ac22240fdb78359cbff2d587fe43fb5d3534102d454d1891b3e7c7cf,360.0,337.0,RGBA,thha_98.png,.png
/home/manvith/Desktop/Projects/Tulu Dataset/Tulu-Dtatset-V2/thha/thha_49.png,Tulu-Dtatset-V2,thha,train,ec217ab34b80b69b64353168daedbd483695a722b91f55482248171dfd8a9d85,362.0,337.0,RGBA,thha_49.png,.png
/home/manvith/Desktop/Projects/Tulu Dataset/Tulu-Dtatset-V2/thha/thha_69.png,Tulu-Dtatset-V2,thha,train,4679c047768b4751c151890ce5ce73cd61037bb4c57430abe58d8b8c4e3a7092,360.0,339.0,RGBA,thha_69.png,.png
/home/manvith/Desktop/Projects/Tulu Dataset/Tulu-Dtatset-V2/thha/thha_8.png,Tulu-Dtatset-V2,thha,train,a0484436c994b7e748785fd777cd785fa381b752f7b20e02af35415818bafe60,357.0,346.0,RGBA,thha_8.png,.png
/home/manvith/Desktop/Projects/Tulu Dataset/Tulu-Dtatset-V2/thha/thha_79.png,Tulu-Dtatset-V2,thha,train,06eabc542e1583e28353cbe03674202f5ef7d88de3d0138ad4cbba7cc0f28eff,362.0,337.0,RGBA,thha_79.png,.png
/home/manvith/Desktop/Projects/Tulu Dataset/Tulu-Dtatset-V2/thha/thha_37.png,Tulu-Dtatset-V2,thha,train,ea2fb86323132144df1085757c495d3297e6c8e38119090328597be0e7c4f4ab,362.0,337.0,RGBA,thha_37.png,.png
/home/manvith/Desktop/Projects/Tulu Dataset/Tulu-Dtatset-V2/thha/thha_4.png,Tulu-Dtatset-V2,thha,train,a5aaf27c3e7dbc717b6220f643408d5bea3ce32955544cde607a6570040da3fb,360.0,339.0,RGBA,thha_4.png,.png
/home/manvith/Desktop/Projects/Tulu Dataset/Tulu-Dtatset-V2/thha/thha_40.png,Tulu-Dtatset-V2,thha,train,d6fba367ed0302dc5bb748b2f5f9eeed56bc5fff6cb85bdf33eaf533c2b3a63d,362.0,337.0,RGBA,thha_40.png,.png
/home/manvith/Desktop/Projects/Tulu Dataset/Tulu-Dtatset-V2/thha/thha_33.png,Tulu-Dtatset-V2,thha,train,cee598b83c95cd223e93563dcc7297822ca080b551dc51d3747c7c5718595560,362.0,337.0,RGBA,thha_33.png,.png
/home/manvith/Desktop/Projects/Tulu Dataset/Tulu-Dtatset-V2/thha/thha_1.png,Tulu-Dtatset-V2,thha,train,dc105ffb4a19498f08795d4f5d09c5295953e86fa23a4aff247bc5de957db30c,363.0,347.0,RGBA,thha_1.png,.png
/home/manvith/Desktop/Projects/Tulu Dataset/Tulu-Dtatset-V2/thha/thha_10.png,Tulu-Dtatset-V2,thha,train,41fbfcaed75db3e3ef5f0567d8e85ab77eca351939e47937c24ef9aee01be825,363.0,349.0,RGBA,thha_10.png,.png
/home/manvith/Desktop/Projects/Tulu Dataset/Tulu-Dtatset-V2/thha/thha_27.png,Tulu-Dtatset-V2,thha,train,420134afb7e40d2f6419614ed28f5bf7f0136a0979bfc293981634176ecfb9d7,362.0,337.0,RGBA,thha_27.png,.png
/home/manvith/Desktop/Projects/Tulu Dataset/Tulu-Dtatset-V2/thha/thha_64.png,Tulu-Dtatset-V2,thha,train,9113d6a8da5dde159712d3ae464dd91e002b2cb7238f18777f54d88c371a23cf,360.0,339.0,RGBA,thha_64.png,.png
/home/manvith/Desktop/Projects/Tulu Dataset/Tulu-Dtatset-V2/thha/thha_31.png,Tulu-Dtatset-V2,thha,train,61a29b1c69a8242c32100ece3d3f63180290964afdaed011917e36c4587db1b0,362.0,337.0,RGBA,thha_31.png,.png
/home/manvith/Desktop/Projects/Tulu Dataset/Tulu-Dtatset-V2/thha/thha_22.png,Tulu-Dtatset-V2,thha,train,42aa184c3b0c56ec7050149ed20b92b4870ed61700931362372767f861ba7551,362.0,337.0,RGBA,thha_22.png,.png
/home/manvith/Desktop/Projects/Tulu Dataset/Tulu-Dtatset-V2/thha/thha_100.png,Tulu-Dtatset-V2,thha,train,b8c982be45b7f5066f3c70953d3fae09057cefaa1fd7c84254ee5e6d1d7cdf66,360.0,337.0,RGBA,thha_100.png,.png
/home/manvith/Desktop/Projects/Tulu Dataset/Tulu-Dtatset-V2/thha/thha_13.png,Tulu-Dtatset-V2,thha,train,45ac0df597eee8435849408cc9dce6a590651ec0c7a8c10e5aa2d6ba714622e1,360.0,337.0,RGBA,thha_13.png,.png
/home/manvith/Desktop/Projects/Tulu Dataset/Tulu-Dtatset-V2/thha/thha_29.png,Tulu-Dtatset-V2,thha,train,101c93e86da8728c1f72fd7731a15aaadcbc7d3b1a70009db90bad4af75ff635,362.0,337.0,RGBA,thha_29.png,.png
/home/manvith/Desktop/Projects/Tulu Dataset/Tulu-Dtatset-V2/thha/thha_7.png,Tulu-Dtatset-V2,thha,train,de5ac8ecb652c6d91ec04eaf430f4262a409db2763e21c83b480cfe640cb266e,362.0,348.0,RGBA,thha_7.png,.png
/home/manvith/Desktop/Projects/Tulu Dataset/Tulu-Dtatset-V2/thha/thha_85.png,Tulu-Dtatset-V2,thha,train,f74508ba229ec05c6a181ea9ed42b64d074f11ba3192177fe26322d7cb3e677f,360.0,337.0,RGBA,thha_85.png,.png
/home/manvith/Desktop/Projects/Tulu Dataset/Tulu-Dtatset-V2/thha/thha_21.png,Tulu-Dtatset-V2,thha,train,ace4613cfcb760059b3f0e7da6bf380aee9ba7cee7c0d023d4b26c613b44828e,362.0,337.0,RGBA,thha_21.png,.png
/home/manvith/Desktop/Projects/Tulu Dataset/Tulu-Dtatset-V2/thha/thha_56.png,Tulu-Dtatset-V2,thha,train,53b435f24fc414f3820985d1efc87f921d5e6b2502051cde3496278c5e8488e0,360.0,339.0,RGBA,thha_56.png,.png
/home/manvith/Desktop/Projects/Tulu Dataset/Tulu-Dtatset-V2/thha/thha_20.png,Tulu-Dtatset-V2,thha,train,1d2a903bd64c35528743e6079b3692b3dddaf696bb7f0808ac19a827e33c1054,362.0,337.0,RGBA,thha_20.png,.png
/home/manvith/Desktop/Projects/Tulu Dataset/Tulu-Dtatset-V2/thha/thha_18.png,Tulu-Dtatset-V2,thha,train,d4f2f111f73547f69418cfbc3d0f07bc97d77f483f5499f2b9452d8054517016,362.0,337.0,RGBA,thha_18.png,.png
/home/manvith/Desktop/Projects/Tulu Dataset/Tulu-Dtatset-V2/thha/thha_46.png,Tulu-Dtatset-V2,thha,train,4ed4f7ffe68f22e669c6c8f1c8f7261c917fa423a30274be83234e378333191f,362.0,337.0,RGBA,thha_46.png,.png
/home/manvith/Desktop/Projects/Tulu Dataset/Tulu-Dtatset-V2/thha/thha_16.png,Tulu-Dtatset-V2,thha,train,9e2b8b33c4708fc5173ccea4503cf4d795355434bafffd98d2a264edbe1cc57b,362.0,337.0,RGBA,thha_16.png,.png
/home/manvith/Desktop/Projects/Tulu Dataset/Tulu-Dtatset-V2/thha/thha_17.png,Tulu-Dtatset-V2,thha,train,30b39e49c277ddf981fb93989bb9237c9ecbb17dae9a00fe0226960fa4ff5282,362.0,337.0,RGBA,thha_17.png,.png
/home/manvith/Desktop/Projects/Tulu Dataset/Tulu-Dtatset-V2/thha/thha_52.png,Tulu-Dtatset-V2,thha,train,f0704ada24fc72c0f4deaf4cbc54638e77dcf883aa9b6119779d9dfd97e36adf,360.0,339.0,RGBA,thha_52.png,.png
/home/manvith/Desktop/Projects/Tulu Dataset/Tulu-Dtatset-V2/thha/thha_62.png,Tulu-Dtatset-V2,thha,train,a6a334855777153aafab8d20f33b02800174970c951f35599194c7298db67006,360.0,339.0,RGBA,thha_62.png,.png
/home/manvith/Desktop/Projects/Tulu Dataset/Tulu-Dtatset-V2/thha/thha_77.png,Tulu-Dtatset-V2,thha,train,b06c4e8256acf23bb6834fd83665493ae5fefd2dfe6caf638efbb20a19d56db5,362.0,337.0,RGBA,thha_77.png,.png
/home/manvith/Desktop/Projects/Tulu Dataset/Tulu-Dtatset-V2/thha/thha_71.png,Tulu-Dtatset-V2,thha,train,86b582decc8cad43a8eaf0317eb4f62bee68f95b7af2bf44b86f631c29c71023,362.0,337.0,RGBA,thha_71.png,.png
/home/manvith/Desktop/Projects/Tulu Dataset/Tulu-Dtatset-V2/thha/thha_86.png,Tulu-Dtatset-V2,thha,train,831ac5f5c990f75f34527697f63e126c3b92f8074b9c431e1ca10d188fd0fee1,360.0,337.0,RGBA,thha_86.png,.png
/home/manvith/Desktop/Projects/Tulu Dataset/Tulu-Dtatset-V2/thha/thha_61.png,Tulu-Dtatset-V2,thha,train,12021fdaabb8a909bcb0470a3c6c5801954900e97f083b399d503f0d7cf962da,360.0,339.0,RGBA,thha_61.png,.png
/home/manvith/Desktop/Projects/Tulu Dataset/Tulu-Dtatset-V2/thha/thha_38.png,Tulu-Dtatset-V2,thha,train,f98d5d7e14a00b9960ededde6a0a529b63ec2558d5ae4690b93719ba49859947,362.0,337.0,RGBA,thha_38.png,.png
/home/manvith/Desktop/Projects/Tulu Dataset/Tulu-Dtatset-V2/thha/thha_74.png,Tulu-Dtatset-V2,thha,train,65de5822142abcff1bcfcf97aedaea6889cdc00600a4fd5a2063fc1139d42674,362.0,337.0,RGBA,thha_74.png,.png
/home/manvith/Desktop/Projects/Tulu Dataset/Tulu-Dtatset-V2/thha/thha_9.png,Tulu-Dtatset-V2,thha,train,6cf01567ac38c887fe372f24251b81c167d3ea3534478fbdb480a4988978df97,369.0,356.0,RGBA,thha_9.png,.png
/home/manvith/Desktop/Projects/Tulu Dataset/Tulu-Dtatset-V2/thha/thha_89.png,Tulu-Dtatset-V2,thha,train,ad01979fcfead2e27dbe91a026b1a94a77282b4ca8e00a5f9085d25390f1b4e5,360.0,337.0,RGBA,thha_89.png,.png
/home/manvith/Desktop/Projects/Tulu Dataset/Tulu-Dtatset-V2/thha/thha_44.png,Tulu-Dtatset-V2,thha,train,9ed8a1ff0122d2711d4f28a70edcca4b3c7dd7ff2e3f5419a93d29d7f1633e5e,362.0,337.0,RGBA,thha_44.png,.png
/home/manvith/Desktop/Projects/Tulu Dataset/Tulu-Dtatset-V2/thha/thha_50.png,Tulu-Dtatset-V2,thha,train,cce9c7eac717964ac729596f2fb7a884727e2163ac6f3cd50c49a52efb8aa762,362.0,337.0,RGBA,thha_50.png,.png
/home/manvith/Desktop/Projects/Tulu Dataset/Tulu-Dtatset-V2/thha/thha_91.png,Tulu-Dtatset-V2,thha,train,629320967e290be7caf7420102f3ccf2e0ce03bb465deae697456821ec89e802,360.0,337.0,RGBA,thha_91.png,.png
/home/manvith/Desktop/Projects/Tulu Dataset/Tulu-Dtatset-V2/thha/thha_45.png,Tulu-Dtatset-V2,thha,train,62d90c12aaae84d54bc92812a604178b7858ee8a1b10442c46f31c6281ca374b,362.0,337.0,RGBA,thha_45.png,.png
/home/manvith/Desktop/Projects/Tulu Dataset/Tulu-Dtatset-V2/thha/thha_96.png,Tulu-Dtatset-V2,thha,train,9bfd429cba3995eede61f11c7194c508e59c8482fdf2960c647d78614411de68,360.0,337.0,RGBA,thha_96.png,.png
/home/manvith/Desktop/Projects/Tulu Dataset/Tulu-Dtatset-V2/thha/thha_36.png,Tulu-Dtatset-V2,thha,train,d53fa39c994474657ddb519c769081749316521ea50231134baf56396ce3fe49,362.0,337.0,RGBA,thha_36.png,.png
/home/manvith/Desktop/Projects/Tulu Dataset/Tulu-Dtatset-V2/thha/thha_15.png,Tulu-Dtatset-V2,thha,train,dc3eced28ceee99e41378eaf7cde0180400640af49ef8d4df1d50c88668a249c,360.0,348.0,RGBA,thha_15.png,.png
/home/manvith/Desktop/Projects/Tulu Dataset/Tulu-Dtatset-V2/thha/thha_35.png,Tulu-Dtatset-V2,thha,train,e1617775d11d3eae30c4015b14e08f838506346bfda4eb1087290e523af7b735,362.0,337.0,RGBA,thha_35.png,.png
/home/manvith/Desktop/Projects/Tulu Dataset/Tulu-Dtatset-V2/thha/thha_25.png,Tulu-Dtatset-V2,thha,train,e5b58313e80f31cd5e4f69d90563f29c3d6153045ac55b6739665d9f67e5d39f,362.0,337.0,RGBA,thha_25.png,.png
/home/manvith/Desktop/Projects/Tulu Dataset/Tulu-Dtatset-V2/thha/thha_87.png,Tulu-Dtatset-V2,thha,train,8cc2b61035f2a17d273c36d0b00e6c6bd874044046e62c9b1ac5d0b51d01191f,360.0,337.0,RGBA,thha_87.png,.png
/home/manvith/Desktop/Projects/Tulu Dataset/Tulu-Dtatset-V2/thha/thha_72.png,Tulu-Dtatset-V2,thha,train,ba77efa113ef670d4954604b1e98bc1ca178689d4b6d7ad20c2f2bffcc9d98f5,362.0,337.0,RGBA,thha_72.png,.png
/home/manvith/Desktop/Projects/Tulu Dataset/Tulu-Dtatset-V2/thha/thha_83.png,Tulu-Dtatset-V2,thha,train,962b051863a6470b21784f9fd266acab090ba9a457940d445bfc44d5dc7afe12,360.0,337.0,RGBA,thha_83.png,.png
/home/manvith/Desktop/Projects/Tulu Dataset/Tulu-Dtatset-V2/thha/thha_78.png,Tulu-Dtatset-V2,thha,train,cac6d83a0ae2a10582783ba3ec16f4f51ae8f7a77d793a5b80bfaac1d32ccc46,362.0,337.0,RGBA,thha_78.png,.png
/home/manvith/Desktop/Projects/Tulu Dataset/Tulu-Dtatset-V2/thha/thha_6.png,Tulu-Dtatset-V2,thha,train,33f62b3a982a33f481f118545fbd0a7a5abfaa7916528cee829775c4809b6621,366.0,344.0,RGBA,thha_6.png,.png
/home/manvith/Desktop/Projects/Tulu Dataset/Tulu-Dtatset-V2/thha/thha_54.png,Tulu-Dtatset-V2,thha,train,5251ba2e970a5f1d1f03d5ea2ea651f0b55affaae03172ed5f61c8229e0addf5,360.0,339.0,RGBA,thha_54.png,.png
/home/manvith/Desktop/Projects/Tulu Dataset/Tulu-Dtatset-V2/thha/thha_32.png,Tulu-Dtatset-V2,thha,train,8f34f51b12768d4b7ebee130624b76b17d79d8d5dfabdd1750fb9f3a90f80a45,362.0,337.0,RGBA,thha_32.png,.png
/home/manvith/Desktop/Projects/Tulu Dataset/Tulu-Dtatset-V2/thha/thha_26.png,Tulu-Dtatset-V2,thha,train,0a0df246cfc1851eac20cea0f93ea1ebf7615dfcd3933fd6d55112e597af89f1,362.0,337.0,RGBA,thha_26.png,.png
/home/manvith/Desktop/Projects/Tulu Dataset/Tulu-Dtatset-V2/thha/thha_59.png,Tulu-Dtatset-V2,thha,train,00b2b03917ff28e5d2fe21c2b49a35c5929b9483d3987716f81751760a65c023,360.0,339.0,RGBA,thha_59.png,.png
/home/manvith/Desktop/Projects/Tulu Dataset/Tulu-Dtatset-V2/thha/thha_51.png,Tulu-Dtatset-V2,thha,train,ea82ea560fa123b82e199c793b4cff0013c7c460cadbdb4c68a049df9d584aff,360.0,339.0,RGBA,thha_51.png,.png
/home/manvith/Desktop/Projects/Tulu Dataset/Tulu-Dtatset-V2/thha/thha_68.png,Tulu-Dtatset-V2,thha,train,89b7890d612ecd755903991cdc6eedac9fb5bf9069687e92e5f286cc01bd4bc1,360.0,339.0,RGBA,thha_68.png,.png
/home/manvith/Desktop/Projects/Tulu Dataset/Tulu-Dtatset-V2/thha/thha_80.png,Tulu-Dtatset-V2,thha,train,c3ba0e39e36054f79d5dc86aa9d79a5f2b44b08de61cd014398b07d1c3c4a9b1,362.0,337.0,RGBA,thha_80.png,.png
/home/manvith/Desktop/Projects/Tulu Dataset/Tulu-Dtatset-V2/thha/thha_95.png,Tulu-Dtatset-V2,thha,train,074c9629222aec6fe3fdf481935f20a57c30eb8205c76a9d7e54b3c1a7e1f16d,360.0,337.0,RGBA,thha_95.png,.png
/home/manvith/Desktop/Projects/Tulu Dataset/Tulu-Dtatset-V2/thha/thha_19.png,Tulu-Dtatset-V2,thha,train,dede80107907f064951d11d4cb969cfcc1b5129431047737a1f266a55d3a3a62,362.0,337.0,RGBA,thha_19.png,.png
/home/manvith/Desktop/Projects/Tulu Dataset/Tulu-Dtatset-V2/thha/thha_47.png,Tulu-Dtatset-V2,thha,train,1c4ab9b2e5c2f0f56d14da7eb4c945167e5046d2fa8493ee7b726e7cd831fcf2,362.0,337.0,RGBA,thha_47.png,.png
/home/manvith/Desktop/Projects/Tulu Dataset/Tulu-Dtatset-V2/thha/thha_99.png,Tulu-Dtatset-V2,thha,train,b40e1eded084c16907cde9c86f7dabacf7bc95021543ed70fc82c32bc834c8db,360.0,337.0,RGBA,thha_99.png,.png
/home/manvith/Desktop/Projects/Tulu Dataset/Tulu-Dtatset-V2/thha/thha_97.png,Tulu-Dtatset-V2,thha,train,574f2f115437b20fdf74c501f24b464b45b467144dfeafab64b84b55d9aba8d8,360.0,337.0,RGBA,thha_97.png,.png
/home/manvith/Desktop/Projects/Tulu Dataset/Tulu-Dtatset-V2/thha/thha_23.png,Tulu-Dtatset-V2,thha,train,85b343053c1349be80c49b13be3b01fc126e5b60c1b60d2009d4a6e062ec01d8,362.0,337.0,RGBA,thha_23.png,.png
/home/manvith/Desktop/Projects/Tulu Dataset/Tulu-Dtatset-V2/thha/thha_81.png,Tulu-Dtatset-V2,thha,train,d8dc8d53d96517ef30e1e2ab1502e5d7679602ddd05ac87eb509136342cf0ad7,360.0,337.0,RGBA,thha_81.png,.png
/home/manvith/Desktop/Projects/Tulu Dataset/Tulu-Dtatset-V2/thha/thha_2.png,Tulu-Dtatset-V2,thha,train,371bf7676f0b94f19c76802550f9d2b3bc3a4c6c9d5c425303e10cabd70aa3eb,361.0,344.0,RGBA,thha_2.png,.png
/home/manvith/Desktop/Projects/Tulu Dataset/Tulu-Dtatset-V2/thha/thha_93.png,Tulu-Dtatset-V2,thha,train,77be474be44bacb77860f3d6a796c214b9d8c0dd0b77823860fbff31468a32b7,360.0,337.0,RGBA,thha_93.png,.png
/home/manvith/Desktop/Projects/Tulu Dataset/Tulu-Dtatset-V2/thha/thha_3.png,Tulu-Dtatset-V2,thha,train,1390d8e36d6b56e2d40bbff9a13832d2c1ea6c2594989b68cfe628a08301cfd5,353.0,350.0,RGBA,thha_3.png,.png
/home/manvith/Desktop/Projects/Tulu Dataset/Tulu-Dtatset-V2/thha/thha_73.png,Tulu-Dtatset-V2,thha,train,fd925d0b1b40bfdc0cdd363e5e1903fb5e5e95237f726e9ec6330fc639bc0c6d,362.0,337.0,RGBA,thha_73.png,.png
/home/manvith/Desktop/Projects/Tulu Dataset/Tulu-Dtatset-V2/thha/thha_28.png,Tulu-Dtatset-V2,thha,train,581017f6756c653579ae1fd6a5f1cefaa8a62ecef3e414563c382019b15ee0c8,362.0,337.0,RGBA,thha_28.png,.png
/home/manvith/Desktop/Projects/Tulu Dataset/Tulu-Dtatset-V2/thha/thha_43.png,Tulu-Dtatset-V2,thha,train,9c699eddd9ad6da121c9171d9391cc01728168652c9a07ea192565e6f22b9ca2,362.0,337.0,RGBA,thha_43.png,.png
/home/manvith/Desktop/Projects/Tulu Dataset/Tulu-Dtatset-V2/thha/thha_67.png,Tulu-Dtatset-V2,thha,train,e250aa497cdcd7a33612052995aa0b737675378d8e5bcf18640d1daf773fa865,360.0,339.0,RGBA,thha_67.png,.png
/home/manvith/Desktop/Projects/Tulu Dataset/Tulu-Dtatset-V2/thha/thha_5.png,Tulu-Dtatset-V2,thha,train,c0bdbbb95ac03e9d2851a691121b51353f0e25e513517a7a0bef41a0d0932f63,364.0,349.0,RGBA,thha_5.png,.png
/home/manvith/Desktop/Projects/Tulu Dataset/Tulu-Dtatset-V2/tta/tta_99.png,Tulu-Dtatset-V2,tta,train,4ca722919abf96bb216f17c74799e9e113c18dd8dd9969361d91bb559a6b900e,362.0,350.0,RGBA,tta_99.png,.png
/home/manvith/Desktop/Projects/Tulu Dataset/Tulu-Dtatset-V2/tta/tta_83.png,Tulu-Dtatset-V2,tta,train,665291f6f14a931e01853569c78773b9c8bcab9472ba3131fc2d5fde224a7986,362.0,350.0,RGBA,tta_83.png,.png
/home/manvith/Desktop/Projects/Tulu Dataset/Tulu-Dtatset-V2/tta/tta_47.png,Tulu-Dtatset-V2,tta,train,fbcd4efb3be4995407740cafda4569869eda75097c6c9fe9cf860c156a431713,362.0,344.0,RGBA,tta_47.png,.png
/home/manvith/Desktop/Projects/Tulu Dataset/Tulu-Dtatset-V2/tta/tta_72.png,Tulu-Dtatset-V2,tta,train,7b2a19c2a23657d13632ebfc105a21a6e479d452ddab1a08878c9f2ef18833d7,362.0,350.0,RGBA,tta_72.png,.png
/home/manvith/Desktop/Projects/Tulu Dataset/Tulu-Dtatset-V2/tta/tta_73.png,Tulu-Dtatset-V2,tta,train,16da10361bbf2a47110f989cff33773f188981d3c10fc7b16bc276f6b6ee5dcd,362.0,350.0,RGBA,tta_73.png,.png
/home/manvith/Desktop/Projects/Tulu Dataset/Tulu-Dtatset-V2/tta/tta_26.png,Tulu-Dtatset-V2,tta,train,7b538d74ca4dc81ee6eba498d7fdaf5b86daa4579fbba58ebe7f854653f463c7,362.0,344.0,RGBA,tta_26.png,.png
/home/manvith/Desktop/Projects/Tulu Dataset/Tulu-Dtatset-V2/tta/tta_84.png,Tulu-Dtatset-V2,tta,train,3cebc772b8588c41a70f5c05beefc3b84fdbb91dbed0943fdc76f4f474aa00a6,362.0,350.0,RGBA,tta_84.png,.png
/home/manvith/Desktop/Projects/Tulu Dataset/Tulu-Dtatset-V2/tta/tta_32.png,Tulu-Dtatset-V2,tta,train,12fac3babc8ea30721671fe823ccca9b7ff488ae529e4d07493d6a856bd1b925,362.0,344.0,RGBA,tta_32.png,.png
/home/manvith/Desktop/Projects/Tulu Dataset/Tulu-Dtatset-V2/tta/tta_76.png,Tulu-Dtatset-V2,tta,train,2139e9f16bdc48b1523ccb6867b108eb8f7ddb3ee08a7370deff49627108e8ae,362.0,350.0,RGBA,tta_76.png,.png
/home/manvith/Desktop/Projects/Tulu Dataset/Tulu-Dtatset-V2/tta/tta_39.png,Tulu-Dtatset-V2,tta,train,fccc223e6637d8cd95148d3c2d4f345ad2ab69fd105822e83db81ab7052ff6f0,362.0,344.0,RGBA,tta_39.png,.png
/home/manvith/Desktop/Projects/Tulu Dataset/Tulu-Dtatset-V2/tta/tta_75.png,Tulu-Dtatset-V2,tta,train,57e864f398fefa540056e337fe3a0e691591811fc1570eba58fa55a7b77881bd,362.0,350.0,RGBA,tta_75.png,.png
/home/manvith/Desktop/Projects/Tulu Dataset/Tulu-Dtatset-V2/tta/tta_45.png,Tulu-Dtatset-V2,tta,train,cb135c73e9d236100dc6049dbe5c7509df94266fd3d7a1087ce68ac7b1b1e2ca,362.0,344.0,RGBA,tta_45.png,.png
/home/manvith/Desktop/Projects/Tulu Dataset/Tulu-Dtatset-V2/tta/tta_19.png,Tulu-Dtatset-V2,tta,train,9856ed6f4b29dccea52625f75106e057da132136b8e7e359f8642a3ce1a8b611,362.0,344.0,RGBA,tta_19.png,.png
/home/manvith/Desktop/Projects/Tulu Dataset/Tulu-Dtatset-V2/tta/tta_35.png,Tulu-Dtatset-V2,tta,train,413ae04281c6addf0adb1ac44b0076c1018c564492049c6f857c30f8b548659f,362.0,344.0,RGBA,tta_35.png,.png
/home/manvith/Desktop/Projects/Tulu Dataset/Tulu-Dtatset-V2/tta/tta_25.png,Tulu-Dtatset-V2,tta,train,790454e32fa42fce910a80e6ebb5e1cf994ab43f31d939ccc9a9a78fa65a1d1e,362.0,344.0,RGBA,tta_25.png,.png
/home/manvith/Desktop/Projects/Tulu Dataset/Tulu-Dtatset-V2/tta/tta_68.png,Tulu-Dtatset-V2,tta,train,b1b27a1567866dde5c43071e48f6b6b63478f9c78f94c35715ccd7c230adf2b0,362.0,350.0,RGBA,tta_68.png,.png
/home/manvith/Desktop/Projects/Tulu Dataset/Tulu-Dtatset-V2/tta/tta_33.png,Tulu-Dtatset-V2,tta,train,0ecb1dec12adb16c3ae400f6482d874d1e9b23117597f9c4bcae9a0ac9542820,362.0,344.0,RGBA,tta_33.png,.png
/home/manvith/Desktop/Projects/Tulu Dataset/Tulu-Dtatset-V2/tta/tta_36.png,Tulu-Dtatset-V2,tta,train,de2750cdfe04267e84ebedf715fec36869e14d3762c50808947f0df8bff3183c,362.0,344.0,RGBA,tta_36.png,.png
/home/manvith/Desktop/Projects/Tulu Dataset/Tulu-Dtatset-V2/tta/tta_17.png,Tulu-Dtatset-V2,tta,train,f649cce4ed907ea95d7fc705d49ce7232b122c650a72ce2dd471898a9628b71f,362.0,344.0,RGBA,tta_17.png,.png
/home/manvith/Desktop/Projects/Tulu Dataset/Tulu-Dtatset-V2/tta/tta_87.png,Tulu-Dtatset-V2,tta,train,cb681cd6e885e5580ff28884ff82106c81cd8bb0d47774a9f176ae98cbc49924,362.0,350.0,RGBA,tta_87.png,.png
/home/manvith/Desktop/Projects/Tulu Dataset/Tulu-Dtatset-V2/tta/tta_27.png,Tulu-Dtatset-V2,tta,train,f05817ad2c9b1970b75eaffee970bb79f75cdf9cbd004617461bb396ef02d7db,362.0,344.0,RGBA,tta_27.png,.png
/home/manvith/Desktop/Projects/Tulu Dataset/Tulu-Dtatset-V2/tta/tta_62.png,Tulu-Dtatset-V2,tta,train,f1ad921c30f12bf49a766d52046ddbd7b0fc8fdbd22687a93c74aace271d2660,362.0,350.0,RGBA,tta_62.png,.png
/home/manvith/Desktop/Projects/Tulu Dataset/Tulu-Dtatset-V2/tta/tta_96.png,Tulu-Dtatset-V2,tta,train,1f52ff3836e082044be1e542bf488b4f228f93772709d7956aeec9cdbb2645b2,362.0,350.0,RGBA,tta_96.png,.png
/home/manvith/Desktop/Projects/Tulu Dataset/Tulu-Dtatset-V2/tta/tta_63.png,Tulu-Dtatset-V2,tta,train,6536d9cdd569220e2c51485e9c6583572a4dffe84a705de6aa9855c3ebc46e16,362.0,350.0,RGBA,tta_63.png,.png
/home/manvith/Desktop/Projects/Tulu Dataset/Tulu-Dtatset-V2/tta/tta_22.png,Tulu-Dtatset-V2,tta,train,33d703beea57090ebf0298adeaaac8a537f66b50d40b0f0f0e74a002f5102af2,362.0,344.0,RGBA,tta_22.png,.png
/home/manvith/Desktop/Projects/Tulu Dataset/Tulu-Dtatset-V2/tta/tta_54.png,Tulu-Dtatset-V2,tta,train,d569deb22c4bb66f93dde3c1810842a3239e7d798867fc0468d01d067a42d3e7,362.0,350.0,RGBA,tta_54.png,.png
/home/manvith/Desktop/Projects/Tulu Dataset/Tulu-Dtatset-V2/tta/tta_78.png,Tulu-Dtatset-V2,tta,train,8ff6a41356152f78b68dbd89090779b1586167d029a9c4409ba8897e5b7e4049,362.0,350.0,RGBA,tta_78.png,.png
/home/manvith/Desktop/Projects/Tulu Dataset/Tulu-Dtatset-V2/tta/tta_5.png,Tulu-Dtatset-V2,tta,train,d15d5a00ac01c3d0a98ff32e7fe460b2e96ce5f55d5e5b7e722a6d7c92596770,366.0,336.0,RGBA,tta_5.png,.png
/home/manvith/Desktop/Projects/Tulu Dataset/Tulu-Dtatset-V2/tta/tta_95.png,Tulu-Dtatset-V2,tta,train,2f9b4dcc07ca78f88f86b3ac8f6d5a28a6bcdc9b402aac2b7b08d3400b990791,362.0,350.0,RGBA,tta_95.png,.png
/home/manvith/Desktop/Projects/Tulu Dataset/Tulu-Dtatset-V2/tta/tta_56.png,Tulu-Dtatset-V2,tta,train,bbc01641312134759a2212c689d7692ce53a5469b829e045794c5d5006913128,362.0,350.0,RGBA,tta_56.png,.png
/home/manvith/Desktop/Projects/Tulu Dataset/Tulu-Dtatset-V2/tta/tta_79.png,Tulu-Dtatset-V2,tta,train,4c105d98d698aa509ca4f74ba9c92fa3b29e731dbf4c3e6a74f1257507a7f328,362.0,350.0,RGBA,tta_79.png,.png
/home/manvith/Desktop/Projects/Tulu Dataset/Tulu-Dtatset-V2/tta/tta_66.png,Tulu-Dtatset-V2,tta,train,50269c7071666e3e38fe9101bd1c7b1d12809c78003b61dad1978a4f081525d5,362.0,350.0,RGBA,tta_66.png,.png
/home/manvith/Desktop/Projects/Tulu Dataset/Tulu-Dtatset-V2/tta/tta_40.png,Tulu-Dtatset-V2,tta,train,2e043b14aeeb0c3444d8a72167052a993bd058b3d78623817de19f13ec5055dd,362.0,344.0,RGBA,tta_40.png,.png
/home/manvith/Desktop/Projects/Tulu Dataset/Tulu-Dtatset-V2/tta/tta_93.png,Tulu-Dtatset-V2,tta,train,bb468de126e1f7d063d4bdd25a78102b17b0dcfd071913e57b53d9c4938ad585,362.0,350.0,RGBA,tta_93.png,.png
/home/manvith/Desktop/Projects/Tulu Dataset/Tulu-Dtatset-V2/tta/tta_14.png,Tulu-Dtatset-V2,tta,train,4a7a88408081856a2128fc0f951d8f65ebae8627fe644b2a7d913d31fefe3559,362.0,345.0,RGBA,tta_14.png,.png
/home/manvith/Desktop/Projects/Tulu Dataset/Tulu-Dtatset-V2/tta/tta_41.png,Tulu-Dtatset-V2,tta,train,1df4ace368fa79835c9b223169fc5898afd0b750cac4e68457776413f38b3c88,362.0,344.0,RGBA,tta_41.png,.png
/home/manvith/Desktop/Projects/Tulu Dataset/Tulu-Dtatset-V2/tta/tta_11.png,Tulu-Dtatset-V2,tta,train,39c01ac4916d9190de8da43a0662ccca0e685e0021d2d11cfdb71d8eed007799,363.0,347.0,RGBA,tta_11.png,.png
/home/manvith/Desktop/Projects/Tulu Dataset/Tulu-Dtatset-V2/tta/tta_4.png,Tulu-Dtatset-V2,tta,train,2f461c07985c57d2adbf1b83b1381b5ed931aa9fd355dd7a6261f5bcc30bb67b,369.0,335.0,RGBA,tta_4.png,.png
/home/manvith/Desktop/Projects/Tulu Dataset/Tulu-Dtatset-V2/tta/tta_81.png,Tulu-Dtatset-V2,tta,train,762bc7ac6377736172240c43ee35d0feb95aae446f7fdda00fa45ba376e1b3f0,362.0,350.0,RGBA,tta_81.png,.png
/home/manvith/Desktop/Projects/Tulu Dataset/Tulu-Dtatset-V2/tta/tta_9.png,Tulu-Dtatset-V2,tta,train,97073b3e230e2d9128aaf580e705605d39a21a4c51cca566e2e2402fc29692c7,363.0,350.0,RGBA,tta_9.png,.png
/home/manvith/Desktop/Projects/Tulu Dataset/Tulu-Dtatset-V2/tta/tta_89.png,Tulu-Dtatset-V2,tta,train,e050e381a00e69a046a4fa1d40567ca4d7c89c1c2049cbca72f22f449000a3cd,362.0,350.0,RGBA,tta_89.png,.png
/home/manvith/Desktop/Projects/Tulu Dataset/Tulu-Dtatset-V2/tta/tta_91.png,Tulu-Dtatset-V2,tta,train,656d87d912bd7e7dcced4ecca82ade579be1a19c38d998ec8626712b173155ed,362.0,350.0,RGBA,tta_91.png,.png
/home/manvith/Desktop/Projects/Tulu Dataset/Tulu-Dtatset-V2/tta/tta_3.png,Tulu-Dtatset-V2,tta,train,e724c656c91bad329f9ccf1afa233fe0a59e88517d3334e9dd80dea65398a478,351.0,349.0,RGBA,tta_3.png,.png
/home/manvith/Desktop/Projects/Tulu Dataset/Tulu-Dtatset-V2/tta/tta_15.png,Tulu-Dtatset-V2,tta,train,126091dc33fa819626a173bcc902e0c2c7006d42d76615ea707eecd468f6596f,365.0,348.0,RGBA,tta_15.png,.png
/home/manvith/Desktop/Projects/Tulu Dataset/Tulu-Dtatset-V2/tta/tta_65.png,Tulu-Dtatset-V2,tta,train,0d07647641b0e7e89f4c28394ee7cfe0216a5967f093aff38c0f8e52849b2753,362.0,350.0,RGBA,tta_65.png,.png
/home/manvith/Desktop/Projects/Tulu Dataset/Tulu-Dtatset-V2/tta/tta_38.png,Tulu-Dtatset-V2,tta,train,eef33aa8112bd429292d01486f78601161e58938b1173ea9a8054256a536c9ef,362.0,344.0,RGBA,tta_38.png,.png
/home/manvith/Desktop/Projects/Tulu Dataset/Tulu-Dtatset-V2/tta/tta_71.png,Tulu-Dtatset-V2,tta,train,6f69ab681ce97ee2f42cc6832f33ed1e6587c4a1a684fef6b890595fff17103d,362.0,350.0,RGBA,tta_71.png,.png
/home/manvith/Desktop/Projects/Tulu Dataset/Tulu-Dtatset-V2/tta/tta_58.png,Tulu-Dtatset-V2,tta,train,7c95e6d03505bba240ea9a0a9daae65c4c7db883ded1d2f9fd98374b81ddd64c,362.0,350.0,RGBA,tta_58.png,.png
/home/manvith/Desktop/Projects/Tulu Dataset/Tulu-Dtatset-V2/tta/tta_6.png,Tulu-Dtatset-V2,tta,train,87a5174af0f1665dda7c0d705a8e447c13f7c43e67881547888dc201f0230901,367.0,335.0,RGBA,tta_6.png,.png
/home/manvith/Desktop/Projects/Tulu Dataset/Tulu-Dtatset-V2/tta/tta_80.png,Tulu-Dtatset-V2,tta,train,7ffcabfbebe113e11a6ee9481a2afce8cf44e426cf274db6a5e922814b53bb7d,362.0,350.0,RGBA,tta_80.png,.png
/home/manvith/Desktop/Projects/Tulu Dataset/Tulu-Dtatset-V2/tta/tta_74.png,Tulu-Dtatset-V2,tta,train,70db564ea082507e84a728b19a88058f1112b388df43e15d264b7031a22d1690,362.0,350.0,RGBA,tta_74.png,.png
/home/manvith/Desktop/Projects/Tulu Dataset/Tulu-Dtatset-V2/tta/tta_50.png,Tulu-Dtatset-V2,tta,train,0a86cc5359b5952e01050f6f3ee4ce05212b9dd1293414a62787b5faf005422c,362.0,344.0,RGBA,tta_50.png,.png
/home/manvith/Desktop/Projects/Tulu Dataset/Tulu-Dtatset-V2/tta/tta_57.png,Tulu-Dtatset-V2,tta,train,3741c20c4bca6fbd2123650c9d07f3f08bea9b346bd691ca506fbda3b5ba8a1f,362.0,350.0,RGBA,tta_57.png,.png
/home/manvith/Desktop/Projects/Tulu Dataset/Tulu-Dtatset-V2/tta/tta_21.png,Tulu-Dtatset-V2,tta,train,6178e5da37215a83587481a674c12ee1fb196d182b0bba2544baec05ee15ae0a,362.0,344.0,RGBA,tta_21.png,.png
/home/manvith/Desktop/Projects/Tulu Dataset/Tulu-Dtatset-V2/tta/tta_92.png,Tulu-Dtatset-V2,tta,train,285666dc863a94d82092759477b3ad5b9176ce725355eb7c4dd4e8bde933de9b,362.0,350.0,RGBA,tta_92.png,.png
/home/manvith/Desktop/Projects/Tulu Dataset/Tulu-Dtatset-V2/tta/tta_94.png,Tulu-Dtatset-V2,tta,train,ac153287001d99f28dc5305780631345c2efbb0c8be02f59e57190b1d17e1f3f,362.0,350.0,RGBA,tta_94.png,.png
/home/manvith/Desktop/Projects/Tulu Dataset/Tulu-Dtatset-V2/tta/tta_55.png,Tulu-Dtatset-V2,tta,train,daaccb74121e91b829557760bdf303d7274c3bd97926109cb4efd44a95a6545e,362.0,350.0,RGBA,tta_55.png,.png
/home/manvith/Desktop/Projects/Tulu Dataset/Tulu-Dtatset-V2/tta/tta_18.png,Tulu-Dtatset-V2,tta,train,d797126c466c60ea19bedc6924c125643fd0a0f22592e74d1a2bd6ed48c0eeae,362.0,344.0,RGBA,tta_18.png,.png
/home/manvith/Desktop/Projects/Tulu Dataset/Tulu-Dtatset-V2/tta/tta_2.png,Tulu-Dtatset-V2,tta,train,d355a6007474b9ebdd23937a5d34cac5b09e1ccece314547844aba591e282949,360.0,348.0,RGBA,tta_2.png,.png
/home/manvith/Desktop/Projects/Tulu Dataset/Tulu-Dtatset-V2/tta/tta_52.png,Tulu-Dtatset-V2,tta,train,1fbb98cfbc9f3e8e782231965fbf90373d8118b4e53b6d89f8d495ea6ffc8e05,362.0,350.0,RGBA,tta_52.png,.png
/home/manvith/Desktop/Projects/Tulu Dataset/Tulu-Dtatset-V2/tta/tta_29.png,Tulu-Dtatset-V2,tta,train,788d361b2153dcb66245f72e7fa5d35289e45e092e6cfe4d67f7b75979b16159,362.0,344.0,RGBA,tta_29.png,.png
/home/manvith/Desktop/Projects/Tulu Dataset/Tulu-Dtatset-V2/tta/tta_85.png,Tulu-Dtatset-V2,tta,train,d3198b967781042199bc31995a4bf2967d0a6bcdcdafac760fb09e4c9287d3ef,362.0,350.0,RGBA,tta_85.png,.png
/home/manvith/Desktop/Projects/Tulu Dataset/Tulu-Dtatset-V2/tta/tta_60.png,Tulu-Dtatset-V2,tta,train,328525005c14c81a91b078b4b229494723541a27ab7848be31eb74a29aba1ae0,362.0,350.0,RGBA,tta_60.png,.png
/home/manvith/Desktop/Projects/Tulu Dataset/Tulu-Dtatset-V2/tta/tta_90.png,Tulu-Dtatset-V2,tta,train,b9728502ee73987e40f8bc63eab96309fb0f87eb76e54b610085f48af2937d1b,362.0,350.0,RGBA,tta_90.png,.png
/home/manvith/Desktop/Projects/Tulu Dataset/Tulu-Dtatset-V2/tta/tta_24.png,Tulu-Dtatset-V2,tta,train,a22a1ddb6eaa1a595900aeed5359388bb49b1e28edcbf66e73a44fca846b2cb6,362.0,344.0,RGBA,tta_24.png,.png
/home/manvith/Desktop/Projects/Tulu Dataset/Tulu-Dtatset-V2/tta/tta_59.png,Tulu-Dtatset-V2,tta,train,0ed7215e5e2b3a53d434a600969319345492e4700d7caee0a80550ce3e95668b,362.0,350.0,RGBA,tta_59.png,.png
/home/manvith/Desktop/Projects/Tulu Dataset/Tulu-Dtatset-V2/tta/tta_48.png,Tulu-Dtatset-V2,tta,train,3bdf2f520ddad34d13015d3cd13c57a5c8675265567ee395b5d941c5352765f7,362.0,344.0,RGBA,tta_48.png,.png
/home/manvith/Desktop/Projects/Tulu Dataset/Tulu-Dtatset-V2/tta/tta_69.png,Tulu-Dtatset-V2,tta,train,3a1b67fd17604b7983ce4333be3d948bb06200f73bad131cbb1a8fd200c6aa19,362.0,350.0,RGBA,tta_69.png,.png
/home/manvith/Desktop/Projects/Tulu Dataset/Tulu-Dtatset-V2/tta/tta_61.png,Tulu-Dtatset-V2,tta,train,3efb494f8e4e611c5c05141851e56fc528513cfa1299be3e8692160676b426fb,362.0,350.0,RGBA,tta_61.png,.png
/home/manvith/Desktop/Projects/Tulu Dataset/Tulu-Dtatset-V2/tta/tta_42.png,Tulu-Dtatset-V2,tta,train,a23d28c2a0461e5491493c6f38226c33c17bf0bd306cc6ab64a53c98083d0afe,362.0,344.0,RGBA,tta_42.png,.png
/home/manvith/Desktop/Projects/Tulu Dataset/Tulu-Dtatset-V2/tta/tta_43.png,Tulu-Dtatset-V2,tta,train,0c1f581313f1f9198aca2ff3a88a0746eb2bd93ed7140902ffa52ad2a936db34,362.0,344.0,RGBA,tta_43.png,.png
/home/manvith/Desktop/Projects/Tulu Dataset/Tulu-Dtatset-V2/tta/tta_13.png,Tulu-Dtatset-V2,tta,train,66636c9a96d44e8e30cd254112b11dbd75f5e47e75c2d6a9c83c22ab3215c170,360.0,345.0,RGBA,tta_13.png,.png
/home/manvith/Desktop/Projects/Tulu Dataset/Tulu-Dtatset-V2/tta/tta_16.png,Tulu-Dtatset-V2,tta,train,824a209a680e6f4e18db260a040fbc192e6b9ebeb2fbc5c26e4fd9781e4c2beb,362.0,344.0,RGBA,tta_16.png,.png
/home/manvith/Desktop/Projects/Tulu Dataset/Tulu-Dtatset-V2/tta/tta_28.png,Tulu-Dtatset-V2,tta,train,9e46bb859fef395cb5b8197ba6ed49e24f12efe0a39755359740e6b2ed6b43d0,362.0,344.0,RGBA,tta_28.png,.png
/home/manvith/Desktop/Projects/Tulu Dataset/Tulu-Dtatset-V2/tta/tta_86.png,Tulu-Dtatset-V2,tta,train,79bdd696bab22a7e76219c8bd78c8f963db4efb1dfa7fa90a92b6f708874a0fd,362.0,350.0,RGBA,tta_86.png,.png
/home/manvith/Desktop/Projects/Tulu Dataset/Tulu-Dtatset-V2/tta/tta_77.png,Tulu-Dtatset-V2,tta,train,a966e31cf934cfd01d3bdfb908d5ca85828bb12e7e1fec059de76a4ef10fbc99,362.0,350.0,RGBA,tta_77.png,.png
/home/manvith/Desktop/Projects/Tulu Dataset/Tulu-Dtatset-V2/tta/tta_67.png,Tulu-Dtatset-V2,tta,train,dd7011b5a20664b3276b53d2ac9acb9de0909424bc3fdf9b1afc574f1265f69a,362.0,350.0,RGBA,tta_67.png,.png
/home/manvith/Desktop/Projects/Tulu Dataset/Tulu-Dtatset-V2/tta/tta_98.png,Tulu-Dtatset-V2,tta,train,b236fa051c859ae752675340ce1630f07bfc66bba1f0e5d52ea5ae15c324a088,362.0,350.0,RGBA,tta_98.png,.png
/home/manvith/Desktop/Projects/Tulu Dataset/Tulu-Dtatset-V2/tta/tta_20.png,Tulu-Dtatset-V2,tta,train,1c9eddc4953d1a5302f7ef9176e27414cc3ad985e4ffad24036bd43fa698c7e4,362.0,344.0,RGBA,tta_20.png,.png
/home/manvith/Desktop/Projects/Tulu Dataset/Tulu-Dtatset-V2/u/u_43.png,Tulu-Dtatset-V2,u,train,1f0db76aa7345bee4c18a6086a6083b05fb149e266364e5364223ae55f503061,366.0,343.0,RGBA,u_43.png,.png
/home/manvith/Desktop/Projects/Tulu Dataset/Tulu-Dtatset-V2/u/u_53.png,Tulu-Dtatset-V2,u,train,c1a97f54ea1af52f8c74c481849618b7bf006f577717cdfed95640789ef8b99d,366.0,343.0,RGBA,u_53.png,.png
/home/manvith/Desktop/Projects/Tulu Dataset/Tulu-Dtatset-V2/u/u_71.png,Tulu-Dtatset-V2,u,train,fd718ccc088fc732bfd4a7f4fb921c25fb1730a0b4c66fe6386820b4b844d066,361.0,344.0,RGBA,u_71.png,.png
/home/manvith/Desktop/Projects/Tulu Dataset/Tulu-Dtatset-V2/u/u_85.png,Tulu-Dtatset-V2,u,train,8e24a135bce12e8dffdfb4937f1f3aeca684cf3d45a84478c71b75233e5309a7,361.0,344.0,RGBA,u_85.png,.png
/home/manvith/Desktop/Projects/Tulu Dataset/Tulu-Dtatset-V2/u/u_87.png,Tulu-Dtatset-V2,u,train,5d965ad414748021d6fb8be8b5efb64cdef95be2f363e5fed072a1f59e0b6d0d,361.0,344.0,RGBA,u_87.png,.png
/home/manvith/Desktop/Projects/Tulu Dataset/Tulu-Dtatset-V2/u/u_50.png,Tulu-Dtatset-V2,u,train,f7d1eb7ba942affc40f65cc38227e05a417e4014826d09ea217fa0199cae634d,366.0,343.0,RGBA,u_50.png,.png
/home/manvith/Desktop/Projects/Tulu Dataset/Tulu-Dtatset-V2/u/u_79.png,Tulu-Dtatset-V2,u,train,11045fd5170f89cd47269dbcd1a804d501194d216bde966cc7c313f01d44ca5a,361.0,344.0,RGBA,u_79.png,.png
/home/manvith/Desktop/Projects/Tulu Dataset/Tulu-Dtatset-V2/u/u_41.png,Tulu-Dtatset-V2,u,train,03f6d0d0560c82895de9d4610c9c3c06e5e7acf92754f2d99b0482b17a650966,366.0,343.0,RGBA,u_41.png,.png
/home/manvith/Desktop/Projects/Tulu Dataset/Tulu-Dtatset-V2/u/u_7.png,Tulu-Dtatset-V2,u,train,28c83e5db1dfd3d8444840af9e8cbf39a6c517ca639aee4ab333d029d594d847,366.0,343.0,RGBA,u_7.png,.png
/home/manvith/Desktop/Projects/Tulu Dataset/Tulu-Dtatset-V2/u/u_54.png,Tulu-Dtatset-V2,u,train,20e378c4276a8a807bb062f11146b4d315a3a86a49d06263556be2c662c4de1e,366.0,343.0,RGBA,u_54.png,.png
/home/manvith/Desktop/Projects/Tulu Dataset/Tulu-Dtatset-V2/u/u_23.png,Tulu-Dtatset-V2,u,train,50e8036c04d546af2a6b9be9f8b62044a859ea9b1754f5d9cbf9cc1989a91605,366.0,343.0,RGBA,u_23.png,.png
/home/manvith/Desktop/Projects/Tulu Dataset/Tulu-Dtatset-V2/u/u_74.png,Tulu-Dtatset-V2,u,train,b5e1b672ed0648948a54be5cabb9c132246348410775e54c50221f53bce4e74b,361.0,344.0,RGBA,u_74.png,.png
/home/manvith/Desktop/Projects/Tulu Dataset/Tulu-Dtatset-V2/u/u_77.png,Tulu-Dtatset-V2,u,train,6c2713711c21edf972306eee1812eb40efc8c39466a6c336a7c25a2fc1e3b98d,361.0,344.0,RGBA,u_77.png,.png
/home/manvith/Desktop/Projects/Tulu Dataset/Tulu-Dtatset-V2/u/u_57.png,Tulu-Dtatset-V2,u,train,ebf1108c715003c92a026684973515985556682b8cf6719a3feeb0b311d504a2,366.0,343.0,RGBA,u_57.png,.png
/home/manvith/Desktop/Projects/Tulu Dataset/Tulu-Dtatset-V2/u/u_76.png,Tulu-Dtatset-V2,u,train,6d1d40c6eb3185b34cf121781cc89412cfade532d83b2ae78245d02df9ed89bf,361.0,344.0,RGBA,u_76.png,.png
/home/manvith/Desktop/Projects/Tulu Dataset/Tulu-Dtatset-V2/u/u_70.png,Tulu-Dtatset-V2,u,train,3a56af3b4bb2f466043b1aa6a9ce18e0f73fb027e0c934c7c642a0e0167c1f89,361.0,344.0,RGBA,u_70.png,.png
/home/manvith/Desktop/Projects/Tulu Dataset/Tulu-Dtatset-V2/u/u_81.png,Tulu-Dtatset-V2,u,train,8539c21a975ee9363f52ab2e2f0fbd572e9804a2c0cdbba62cf5aa7f3f03c815,361.0,344.0,RGBA,u_81.png,.png
/home/manvith/Desktop/Projects/Tulu Dataset/Tulu-Dtatset-V2/u/u_9.png,Tulu-Dtatset-V2,u,train,f52ec275a47d8adc4c08ac60a8346a3127d9c873d83e2adefcd9f43061ea6415,353.0,343.0,RGBA,u_9.png,.png
/home/manvith/Desktop/Projects/Tulu Dataset/Tulu-Dtatset-V2/u/u_88.png,Tulu-Dtatset-V2,u,train,7fba325ce944d2798f7eb8dd001020de8d6b8b3a636f83923c91d2f7d9089615,361.0,344.0,RGBA,u_88.png,.png
/home/manvith/Desktop/Projects/Tulu Dataset/Tulu-Dtatset-V2/u/u_93.png,Tulu-Dtatset-V2,u,train,e0dea97696b74b5da7b80129365667f0d61874612ed577ecab4396263cfd7ac1,361.0,344.0,RGBA,u_93.png,.png
/home/manvith/Desktop/Projects/Tulu Dataset/Tulu-Dtatset-V2/u/u_37.png,Tulu-Dtatset-V2,u,train,18d804b817b0cb4d8d1facf3393b0adb459ab0ff130b8d335c8e5aa45cc56083,366.0,343.0,RGBA,u_37.png,.png
/home/manvith/Desktop/Projects/Tulu Dataset/Tulu-Dtatset-V2/u/u_83.png,Tulu-Dtatset-V2,u,train,b1a87dea87150e54ed421ed4f5c3546a8365c2961732cdc101fdc9c80e1c63ab,361.0,344.0,RGBA,u_83.png,.png
/home/manvith/Desktop/Projects/Tulu Dataset/Tulu-Dtatset-V2/u/u_12.png,Tulu-Dtatset-V2,u,train,a6c2350836c8cfc224dad9381d8cc843102c4f543a7ff481fc764c1f22fa0328,364.0,350.0,RGBA,u_12.png,.png
/home/manvith/Desktop/Projects/Tulu Dataset/Tulu-Dtatset-V2/u/u_11.png,Tulu-Dtatset-V2,u,train,090c6c6c7e68d45e8ef85d77e8f137a76c7105ee87cede114084269ec5a0e59f,357.0,347.0,RGBA,u_11.png,.png
/home/manvith/Desktop/Projects/Tulu Dataset/Tulu-Dtatset-V2/u/u_45.png,Tulu-Dtatset-V2,u,train,6632682dff2cdab8737da5416458b5322d257e99063eb1264830290fd168e7f3,366.0,343.0,RGBA,u_45.png,.png
/home/manvith/Desktop/Projects/Tulu Dataset/Tulu-Dtatset-V2/u/u_60.png,Tulu-Dtatset-V2,u,train,7675fc34e629335c4fc856142e7ba5e5ef75cc4132e66c18382a38323d4592ab,366.0,343.0,RGBA,u_60.png,.png
/home/manvith/Desktop/Projects/Tulu Dataset/Tulu-Dtatset-V2/u/u_20.png,Tulu-Dtatset-V2,u,train,154a684ab2dc7c5d18af95c35acb2440fb0482e5659a737af06cc5ba64610642,366.0,343.0,RGBA,u_20.png,.png
/home/manvith/Desktop/Projects/Tulu Dataset/Tulu-Dtatset-V2/u/u_4.png,Tulu-Dtatset-V2,u,train,5af50cccf107bb9d27ede8514b2528d24acf5a8eb7ff819150554ec7a10a8aa4,361.0,352.0,RGBA,u_4.png,.png
/home/manvith/Desktop/Projects/Tulu Dataset/Tulu-Dtatset-V2/u/u_22.png,Tulu-Dtatset-V2,u,train,517b05718e7232497e9019c5b410e7ec68e717c2ce1b8b2861db8d72599a3ed4,366.0,343.0,RGBA,u_22.png,.png
/home/manvith/Desktop/Projects/Tulu Dataset/Tulu-Dtatset-V2/u/u_6.png,Tulu-Dtatset-V2,u,train,ddcd102a7b6e2596ef8b311a2caaae026c0bc476b8b5ccc34f11a2dfe45bc2ce,357.0,348.0,RGBA,u_6.png,.png
/home/manvith/Desktop/Projects/Tulu Dataset/Tulu-Dtatset-V2/u/u_49.png,Tulu-Dtatset-V2,u,train,d8562aba026557db238a46bc7fd9bcd55ad1cea579492e600feda13a3e9d0cdf,366.0,343.0,RGBA,u_49.png,.png
/home/manvith/Desktop/Projects/Tulu Dataset/Tulu-Dtatset-V2/u/u_30.png,Tulu-Dtatset-V2,u,train,64bd7601f8bb6df685d6d07dd9d69771a780c2406a40a469317b643d65bab27d,366.0,343.0,RGBA,u_30.png,.png
/home/manvith/Desktop/Projects/Tulu Dataset/Tulu-Dtatset-V2/u/u_59.png,Tulu-Dtatset-V2,u,train,7ea7cd09aa773990fab57018e6b4231b02db11b93b87fcfadc9d3828f30ff5b7,366.0,343.0,RGBA,u_59.png,.png
/home/manvith/Desktop/Projects/Tulu Dataset/Tulu-Dtatset-V2/u/u_73.png,Tulu-Dtatset-V2,u,train,047d2fd4696b7c3d73becc6529736d4c345ef4dc8e8cc2e17865eb47f5fd1346,361.0,344.0,RGBA,u_73.png,.png
/home/manvith/Desktop/Projects/Tulu Dataset/Tulu-Dtatset-V2/u/u_40.png,Tulu-Dtatset-V2,u,train,b2d67b283bcbce5ccd4c8dff2465e93c19f2bfa2dc1180e4f30b9b395a9fd546,366.0,343.0,RGBA,u_40.png,.png
/home/manvith/Desktop/Projects/Tulu Dataset/Tulu-Dtatset-V2/u/u_96.png,Tulu-Dtatset-V2,u,train,85f48d6d44d17b82345d84d6abd6e2b797f165216e9238765ba41aa320b00943,361.0,344.0,RGBA,u_96.png,.png
/home/manvith/Desktop/Projects/Tulu Dataset/Tulu-Dtatset-V2/u/u_65.png,Tulu-Dtatset-V2,u,train,dca930d4ec5433d753a15f143e8c9a546d9282535c9cd58a0bb970f8f69d6967,361.0,344.0,RGBA,u_65.png,.png
/home/manvith/Desktop/Projects/Tulu Dataset/Tulu-Dtatset-V2/u/u_78.png,Tulu-Dtatset-V2,u,train,bae98396d31bed9ed97f05005fe3d19be86240fef2e39c79d3d4d20d78435114,361.0,344.0,RGBA,u_78.png,.png
/home/manvith/Desktop/Projects/Tulu Dataset/Tulu-Dtatset-V2/u/u_95.png,Tulu-Dtatset-V2,u,train,2a9f8da25674e9d0c59ffc761dc9a7b48e73782bfb224abd0e729326e6252598,361.0,344.0,RGBA,u_95.png,.png
/home/manvith/Desktop/Projects/Tulu Dataset/Tulu-Dtatset-V2/u/u_63.png,Tulu-Dtatset-V2,u,train,fefdb46195fdb4d16031945519c26be4378027d5c46c4e426826335ebdb474a3,361.0,344.0,RGBA,u_63.png,.png
/home/manvith/Desktop/Projects/Tulu Dataset/Tulu-Dtatset-V2/u/u_8.png,Tulu-Dtatset-V2,u,train,c476b3839556f0ced7f3836460dcb6bdbfdc82914defdc40deff79965bf6d1f2,362.0,351.0,RGBA,u_8.png,.png
/home/manvith/Desktop/Projects/Tulu Dataset/Tulu-Dtatset-V2/u/u_24.png,Tulu-Dtatset-V2,u,train,e23336ca784e210fde7016e598c7b95d3e77871ac004cc05d242d1d2f146e295,366.0,343.0,RGBA,u_24.png,.png
/home/manvith/Desktop/Projects/Tulu Dataset/Tulu-Dtatset-V2/u/u_44.png,Tulu-Dtatset-V2,u,train,b591e843392baa4fad9a95e99b8e660c91abe6e6c1230cdb2daebd393ba930a7,366.0,343.0,RGBA,u_44.png,.png
/home/manvith/Desktop/Projects/Tulu Dataset/Tulu-Dtatset-V2/u/u_34.png,Tulu-Dtatset-V2,u,train,6f976de55174db48c6d4bf129e1c2c1f4cb573ad21fba07985d2a6f3d0b48ea6,366.0,343.0,RGBA,u_34.png,.png
/home/manvith/Desktop/Projects/Tulu Dataset/Tulu-Dtatset-V2/u/u_67.png,Tulu-Dtatset-V2,u,train,1f72cab6e184334b3dc7cf5ae83cfd99b7d9888a953a736fb2c588ef7074260f,361.0,344.0,RGBA,u_67.png,.png
/home/manvith/Desktop/Projects/Tulu Dataset/Tulu-Dtatset-V2/u/u_28.png,Tulu-Dtatset-V2,u,train,135964448970c5a8ce250671f13999a3ed89ce04ddbb6e8335c39b399ac43c81,366.0,343.0,RGBA,u_28.png,.png
/home/manvith/Desktop/Projects/Tulu Dataset/Tulu-Dtatset-V2/u/u_18.png,Tulu-Dtatset-V2,u,train,fbc59276ba8088cbfbe65a0541a3c1f38a452a474a25ced7c92057e4dc21858c,366.0,343.0,RGBA,u_18.png,.png
/home/manvith/Desktop/Projects/Tulu Dataset/Tulu-Dtatset-V2/u/u_46.png,Tulu-Dtatset-V2,u,train,b3d7ca6083eddc6d482f39789bcf56c4a8928abae72692ddc248b00191830ebd,366.0,343.0,RGBA,u_46.png,.png
/home/manvith/Desktop/Projects/Tulu Dataset/Tulu-Dtatset-V2/u/u_86.png,Tulu-Dtatset-V2,u,train,06f04e5e8b6616440cf0a3846623586ddcd2c3bbf3fefc97ed1c4a3dd9554e76,361.0,344.0,RGBA,u_86.png,.png
/home/manvith/Desktop/Projects/Tulu Dataset/Tulu-Dtatset-V2/u/u_16.png,Tulu-Dtatset-V2,u,train,c677478a633dd534a6eccb287c45f608a9cafabfd6a45dec15c900afea93347c,366.0,343.0,RGBA,u_16.png,.png
/home/manvith/Desktop/Projects/Tulu Dataset/Tulu-Dtatset-V2/u/u_84.png,Tulu-Dtatset-V2,u,train,f29741f21ada33d98c3cd17967a831ddca6d658d7c9c2d8e8ee24ff5cb799bea,361.0,344.0,RGBA,u_84.png,.png
/home/manvith/Desktop/Projects/Tulu Dataset/Tulu-Dtatset-V2/u/u_100.png,Tulu-Dtatset-V2,u,train,9b96ecf3a4ac0d585844bd22bb830b56d1ec8d8543be8b595f13ea1325371d91,361.0,344.0,RGBA,u_100.png,.png
/home/manvith/Desktop/Projects/Tulu Dataset/Tulu-Dtatset-V2/u/u_52.png,Tulu-Dtatset-V2,u,train,bd289033e046bef9aa909f7124dbe4aec7e24621c4384bc0306fd53a222db649,366.0,343.0,RGBA,u_52.png,.png
/home/manvith/Desktop/Projects/Tulu Dataset/Tulu-Dtatset-V2/u/u_97.png,Tulu-Dtatset-V2,u,train,5a3c626ad072604f72c1e901a107d5f6c31762d56c5526112999b95080ddf4e3,361.0,344.0,RGBA,u_97.png,.png
/home/manvith/Desktop/Projects/Tulu Dataset/Tulu-Dtatset-V2/u/u_15.png,Tulu-Dtatset-V2,u,train,19b42fceca3f772c22746359ea39fa91d7f088a224bcc8981c5a3d4c9b087bb2,369.0,347.0,RGBA,u_15.png,.png
/home/manvith/Desktop/Projects/Tulu Dataset/Tulu-Dtatset-V2/u/u_51.png,Tulu-Dtatset-V2,u,train,43cb202057817fece5cb2f52ab8eddf6c990071913ccec684542b9a47bc8e82c,366.0,343.0,RGBA,u_51.png,.png
/home/manvith/Desktop/Projects/Tulu Dataset/Tulu-Dtatset-V2/u/u_33.png,Tulu-Dtatset-V2,u,train,70306f836ab3d2fdcac48e29fe37a21c4a748f5ac2bd3bd3a95c6658d5251420,366.0,343.0,RGBA,u_33.png,.png
/home/manvith/Desktop/Projects/Tulu Dataset/Tulu-Dtatset-V2/u/u_91.png,Tulu-Dtatset-V2,u,train,9985db72fc09c72262ec1192cf45dcab34b1435877bc931fcba596e868c64fcd,361.0,344.0,RGBA,u_91.png,.png
/home/manvith/Desktop/Projects/Tulu Dataset/Tulu-Dtatset-V2/u/u_48.png,Tulu-Dtatset-V2,u,train,e8e73fe87cb21c9fd5495c412cc5c962aec11decaf1b69b781cf21b45cc29098,366.0,343.0,RGBA,u_48.png,.png
/home/manvith/Desktop/Projects/Tulu Dataset/Tulu-Dtatset-V2/u/u_55.png,Tulu-Dtatset-V2,u,train,213050450a7bd27ee57a3a4674553c1f4312830e42b95a26465304911befd913,366.0,343.0,RGBA,u_55.png,.png
/home/manvith/Desktop/Projects/Tulu Dataset/Tulu-Dtatset-V2/u/u_3.png,Tulu-Dtatset-V2,u,train,ba7124d2b94cb494026d54c19fea233423fa7801260f54c02ab66b0ec0edd7d1,361.0,344.0,RGBA,u_3.png,.png
/home/manvith/Desktop/Projects/Tulu Dataset/Tulu-Dtatset-V2/u/u_25.png,Tulu-Dtatset-V2,u,train,01d96f17a74713db4bceea32ec49ec3b145db35c11a2d809871eaeb8e710ce79,366.0,343.0,RGBA,u_25.png,.png
/home/manvith/Desktop/Projects/Tulu Dataset/Tulu-Dtatset-V2/u/u_58.png,Tulu-Dtatset-V2,u,train,52c6ad2bd77a90f67b88ddc24be0d5d00e0d15b6793ffb27b3ea8d54d0f664fd,366.0,343.0,RGBA,u_58.png,.png
/home/manvith/Desktop/Projects/Tulu Dataset/Tulu-Dtatset-V2/u/u_94.png,Tulu-Dtatset-V2,u,train,f7faeed91312ff110c493d3c9017f2853060e1a3db480bf4c8b730bd1caf2df9,361.0,344.0,RGBA,u_94.png,.png
/home/manvith/Desktop/Projects/Tulu Dataset/Tulu-Dtatset-V2/u/u_29.png,Tulu-Dtatset-V2,u,train,a2ee45b7c28dc4d9efad7b0d501bfec979c82e7ac89a487ed956540fccf4ab30,366.0,343.0,RGBA,u_29.png,.png
/home/manvith/Desktop/Projects/Tulu Dataset/Tulu-Dtatset-V2/u/u_80.png,Tulu-Dtatset-V2,u,train,36f6414c43e08b0cf5fe71e54ec439fb12992466bf1f4512d406295591177a9b,361.0,344.0,RGBA,u_80.png,.png
/home/manvith/Desktop/Projects/Tulu Dataset/Tulu-Dtatset-V2/u/u_14.png,Tulu-Dtatset-V2,u,train,201a5ea02a548497d9096835072ff650ccfcbe3d9b5a9793bf1bbf84be281f8b,357.0,347.0,RGBA,u_14.png,.png
/home/manvith/Desktop/Projects/Tulu Dataset/Tulu-Dtatset-V2/u/u_62.png,Tulu-Dtatset-V2,u,train,fedc045e0a7664344ec5cb14d9883d425b84a85dd101612386ee302675046ca5,361.0,344.0,RGBA,u_62.png,.png
/home/manvith/Desktop/Projects/Tulu Dataset/Tulu-Dtatset-V2/u/u_98.png,Tulu-Dtatset-V2,u,train,49e92554187f49ab317a4f958f27d81cb2db8691371672d4368fa02a78c0ac56,361.0,344.0,RGBA,u_98.png,.png
/home/manvith/Desktop/Projects/Tulu Dataset/Tulu-Dtatset-V2/u/u_92.png,Tulu-Dtatset-V2,u,train,ea18a11006dd9481222499d3c53c8a2c15ed396eac1ce23d7c098e2ebfdb17c4,361.0,344.0,RGBA,u_92.png,.png
/home/manvith/Desktop/Projects/Tulu Dataset/Tulu-Dtatset-V2/u/u_61.png,Tulu-Dtatset-V2,u,train,df62cd977035a2662d7109cc92d1d3114fa140c294041c423046c1de76c074b6,361.0,344.0,RGBA,u_61.png,.png
/home/manvith/Desktop/Projects/Tulu Dataset/Tulu-Dtatset-V2/u/u_35.png,Tulu-Dtatset-V2,u,train,2e7f763bf44aea506601ecb4884172063325c17a76e29b5d3cc6191020cfb499,366.0,343.0,RGBA,u_35.png,.png
/home/manvith/Desktop/Projects/Tulu Dataset/Tulu-Dtatset-V2/u/u_38.png,Tulu-Dtatset-V2,u,train,7a718451e951872d906a12e692184c8f3d8235fdfccfe87e6a58a2dc9ab21dba,366.0,343.0,RGBA,u_38.png,.png
/home/manvith/Desktop/Projects/Tulu Dataset/Tulu-Dtatset-V2/u/u_2.png,Tulu-Dtatset-V2,u,train,a3249b82e9fd9fd4a8a0b39993f355e2d329bb46757e82f83d89164b3eb62efc,358.0,338.0,RGBA,u_2.png,.png
/home/manvith/Desktop/Projects/Tulu Dataset/Tulu-Dtatset-V2/u/u_17.png,Tulu-Dtatset-V2,u,train,eb3eeabb3a7f2a5b9df5cedb7ed2d62d270e968ec43b87cf8d7f88288ff87757,366.0,343.0,RGBA,u_17.png,.png
/home/manvith/Desktop/Projects/Tulu Dataset/Tulu-Dtatset-V2/u/u_68.png,Tulu-Dtatset-V2,u,train,27a3f0aa25b876d1bf7f3f571849593b4df713e77ec858498c575f1a0466a5d3,361.0,344.0,RGBA,u_68.png,.png
/home/manvith/Desktop/Projects/Tulu Dataset/Tulu-Dtatset-V2/u/u_82.png,Tulu-Dtatset-V2,u,train,2c11f932fe32cbcb084a4754c2004a727db1ee67768c311c1dab86c473926fae,361.0,344.0,RGBA,u_82.png,.png
/home/manvith/Desktop/Projects/Tulu Dataset/Tulu-Dtatset-V2/u/u_26.png,Tulu-Dtatset-V2,u,train,1393f12bc37312f50957b44f009970ef6f0bc7d98f45881e57d6e7daac563966,366.0,343.0,RGBA,u_26.png,.png
/home/manvith/Desktop/Projects/Tulu Dataset/Tulu-Dtatset-V2/u/u_89.png,Tulu-Dtatset-V2,u,train,cbd2f0360b38b52c8720c0be8aeb1eca49b2d3bd84512db08598b3a49a5e54d6,361.0,344.0,RGBA,u_89.png,.png
/home/manvith/Desktop/Projects/Tulu Dataset/Tulu-Dtatset-V2/u/u_75.png,Tulu-Dtatset-V2,u,train,c06f5be21056353bcd7a3e2c4dd9123b8dd38951373f2930bbcd5d4d88b8d8ca,361.0,344.0,RGBA,u_75.png,.png
/home/manvith/Desktop/Projects/Tulu Dataset/Tulu-Dtatset-V2/uu/uu_23.png,Tulu-Dtatset-V2,uu,train,c29540bf6c33ff4c0ef093f8742b365c7dc3be89d1a577d19baeca105dbb8b00,363.0,348.0,RGBA,uu_23.png,.png
/home/manvith/Desktop/Projects/Tulu Dataset/Tulu-Dtatset-V2/uu/uu_16.png,Tulu-Dtatset-V2,uu,train,51dd8b461952b81f780160f5e30fede5f2bd9c664c052c7eed501389e81714a7,363.0,348.0,RGBA,uu_16.png,.png
/home/manvith/Desktop/Projects/Tulu Dataset/Tulu-Dtatset-V2/uu/uu_57.png,Tulu-Dtatset-V2,uu,train,9cff73bd13ae9ef2ff4df051f74ee0f611bcaebf734438fe5d6db88c5570b463,360.0,347.0,RGBA,uu_57.png,.png
/home/manvith/Desktop/Projects/Tulu Dataset/Tulu-Dtatset-V2/uu/uu_89.png,Tulu-Dtatset-V2,uu,train,30aa91703b801db0745250cf4819bc6a620aa9e583f25bf26238f46a6bd23410,356.0,351.0,RGBA,uu_89.png,.png
/home/manvith/Desktop/Projects/Tulu Dataset/Tulu-Dtatset-V2/uu/uu_42.png,Tulu-Dtatset-V2,uu,train,0f17693a5df35fde696060f41297084885d71952f097fca57bfc1bece28f42eb,363.0,348.0,RGBA,uu_42.png,.png
/home/manvith/Desktop/Projects/Tulu Dataset/Tulu-Dtatset-V2/uu/uu_97.png,Tulu-Dtatset-V2,uu,train,9736430693ec0e1db49dd59d0a67d932fb79dc486f3eb92e7383f85173c95533,356.0,351.0,RGBA,uu_97.png,.png
/home/manvith/Desktop/Projects/Tulu Dataset/Tulu-Dtatset-V2/uu/uu_61.png,Tulu-Dtatset-V2,uu,train,32d51613cadc5fc1cb9af109562d62a4e3010537f74c77690badf75d0cd5227e,360.0,347.0,RGBA,uu_61.png,.png
/home/manvith/Desktop/Projects/Tulu Dataset/Tulu-Dtatset-V2/uu/uu_12.png,Tulu-Dtatset-V2,uu,train,4b26e5faf4304103a4a9c53338285aa80998e4788dd1c9dac6c043b256c9e989,371.0,355.0,RGBA,uu_12.png,.png
/home/manvith/Desktop/Projects/Tulu Dataset/Tulu-Dtatset-V2/uu/uu_71.png,Tulu-Dtatset-V2,uu,train,e92fcb4e0a8924a4efaa5cae570803e7711c45794030e1406fc4117e75b8c328,360.0,347.0,RGBA,uu_71.png,.png
/home/manvith/Desktop/Projects/Tulu Dataset/Tulu-Dtatset-V2/uu/uu_99.png,Tulu-Dtatset-V2,uu,train,8e1df1985392b09f653c3d41634c3b3dda285648f2494e6ebbf6a2764ebaf4de,356.0,351.0,RGBA,uu_99.png,.png
/home/manvith/Desktop/Projects/Tulu Dataset/Tulu-Dtatset-V2/uu/uu_4.png,Tulu-Dtatset-V2,uu,train,4ea9830def36d6f04ff50103d6f0cffe5d5e31ba78ba95338f2cd70771b01c2d,367.0,351.0,RGBA,uu_4.png,.png
/home/manvith/Desktop/Projects/Tulu Dataset/Tulu-Dtatset-V2/uu/uu_25.png,Tulu-Dtatset-V2,uu,train,0772dda5f46447c203891e539fed6d93a65f2c785e99dbf593b94f6c0db6118d,363.0,348.0,RGBA,uu_25.png,.png
/home/manvith/Desktop/Projects/Tulu Dataset/Tulu-Dtatset-V2/uu/uu_29.png,Tulu-Dtatset-V2,uu,train,5bc1486f7ff6252eaed177637049765fc0a2c0ce678c76bfff85f03d3f80269b,363.0,348.0,RGBA,uu_29.png,.png
/home/manvith/Desktop/Projects/Tulu Dataset/Tulu-Dtatset-V2/uu/uu_85.png,Tulu-Dtatset-V2,uu,train,27574fc04f82310933fbea0c1570b0125707cb24e75c746dcb674b5dc7bf5c55,356.0,351.0,RGBA,uu_85.png,.png
/home/manvith/Desktop/Projects/Tulu Dataset/Tulu-Dtatset-V2/uu/uu_44.png,Tulu-Dtatset-V2,uu,train,2742e1f8e4cfcb24d88a991faa0abbd2cfa75b65d1c980b77d5fce0718dcef76,363.0,348.0,RGBA,uu_44.png,.png
/home/manvith/Desktop/Projects/Tulu Dataset/Tulu-Dtatset-V2/uu/uu_11.png,Tulu-Dtatset-V2,uu,train,b6217443742070283657eb4dae8720845395211f90715aa465bfa996154c553b,361.0,348.0,RGBA,uu_11.png,.png
/home/manvith/Desktop/Projects/Tulu Dataset/Tulu-Dtatset-V2/uu/uu_3.png,Tulu-Dtatset-V2,uu,train,7af8ed18ad9798d846abd27ca43e6e57c16a3c7b139f636fdc1d36fb94c30f15,363.0,348.0,RGBA,uu_3.png,.png
/home/manvith/Desktop/Projects/Tulu Dataset/Tulu-Dtatset-V2/uu/uu_43.png,Tulu-Dtatset-V2,uu,train,7ef227345d32d97885de8bde25c6dbb8fd6f2bab868aa39c21d9906b83088d47,363.0,348.0,RGBA,uu_43.png,.png
/home/manvith/Desktop/Projects/Tulu Dataset/Tulu-Dtatset-V2/uu/uu_98.png,Tulu-Dtatset-V2,uu,train,4ef57725bf7acc293702cc6bc499d766a8780abf25a48d1555dc61b786c0d4db,356.0,351.0,RGBA,uu_98.png,.png
/home/manvith/Desktop/Projects/Tulu Dataset/Tulu-Dtatset-V2/uu/uu_94.png,Tulu-Dtatset-V2,uu,train,d2a3ec922af5013fc3d0acb5ff79da1b952694a1318dcbfe6d40fd86fd908e66,356.0,351.0,RGBA,uu_94.png,.png
/home/manvith/Desktop/Projects/Tulu Dataset/Tulu-Dtatset-V2/uu/uu_70.png,Tulu-Dtatset-V2,uu,train,95ad28f9ccd9670869f9edbea7befa3ac84284170121531ec697a0aee33be810,360.0,347.0,RGBA,uu_70.png,.png
/home/manvith/Desktop/Projects/Tulu Dataset/Tulu-Dtatset-V2/uu/uu_24.png,Tulu-Dtatset-V2,uu,train,d678554f9eddd36fdabab4bc5a44b8adef0d489d8c2df8c763f94d4ca9ec38e7,363.0,348.0,RGBA,uu_24.png,.png
/home/manvith/Desktop/Projects/Tulu Dataset/Tulu-Dtatset-V2/uu/uu_33.png,Tulu-Dtatset-V2,uu,train,29e150084cb5014fd2b1b212b5b016370172b8fd7f347122c9cd9827566c41a4,363.0,348.0,RGBA,uu_33.png,.png
/home/manvith/Desktop/Projects/Tulu Dataset/Tulu-Dtatset-V2/uu/uu_50.png,Tulu-Dtatset-V2,uu,train,d600379e3403fbea6b1a4635ed6453ffa2de248d9493bcca7e3cde0c54436ade,363.0,348.0,RGBA,uu_50.png,.png
/home/manvith/Desktop/Projects/Tulu Dataset/Tulu-Dtatset-V2/uu/uu_81.png,Tulu-Dtatset-V2,uu,train,774d8c0df2ef7637c7dd0eac0a3244f94365ed3f4bfb52d67c37e7f658002fc4,356.0,351.0,RGBA,uu_81.png,.png
/home/manvith/Desktop/Projects/Tulu Dataset/Tulu-Dtatset-V2/uu/uu_68.png,Tulu-Dtatset-V2,uu,train,dd01b57eb19647637b1f4a1ee016cb44d91511e7df9a7dd772e2a41731a14e49,360.0,347.0,RGBA,uu_68.png,.png
/home/manvith/Desktop/Projects/Tulu Dataset/Tulu-Dtatset-V2/uu/uu_19.png,Tulu-Dtatset-V2,uu,train,c5f6a018b777734d2bcd769edc2072196c9d26af1f960eb99371640f01e36357,363.0,348.0,RGBA,uu_19.png,.png
/home/manvith/Desktop/Projects/Tulu Dataset/Tulu-Dtatset-V2/uu/uu_18.png,Tulu-Dtatset-V2,uu,train,a2798c2cf82f62c752857682fb51ffa7e78dfc31be9953bcd10acced70da39e4,363.0,348.0,RGBA,uu_18.png,.png
/home/manvith/Desktop/Projects/Tulu Dataset/Tulu-Dtatset-V2/uu/uu_82.png,Tulu-Dtatset-V2,uu,train,6a4c6d27394152a3cee1079902ec54275a1e621608228afcaa04c97f6316d369,356.0,351.0,RGBA,uu_82.png,.png
/home/manvith/Desktop/Projects/Tulu Dataset/Tulu-Dtatset-V2/uu/uu_72.png,Tulu-Dtatset-V2,uu,train,61c19e34cae164509d54f54548cf2adae3b9963507e7ce12e51d43c5b4ae692f,360.0,347.0,RGBA,uu_72.png,.png
/home/manvith/Desktop/Projects/Tulu Dataset/Tulu-Dtatset-V2/uu/uu_5.png,Tulu-Dtatset-V2,uu,train,edab8322d076b9be148252fd9a474d9f14ff440a6b26f8bfcd96a15f76b72e34,358.0,348.0,RGBA,uu_5.png,.png
/home/manvith/Desktop/Projects/Tulu Dataset/Tulu-Dtatset-V2/uu/uu_20.png,Tulu-Dtatset-V2,uu,train,73e130fe879a615023b718e8a13bf4f4db77b1e6c93dad522e010082012537d4,363.0,348.0,RGBA,uu_20.png,.png
/home/manvith/Desktop/Projects/Tulu Dataset/Tulu-Dtatset-V2/uu/uu_8.png,Tulu-Dtatset-V2,uu,train,ab0d290390745e242e9e14bd136fc45ec5be6e79da59b995e3a872fbd2db419c,356.0,351.0,RGBA,uu_8.png,.png
/home/manvith/Desktop/Projects/Tulu Dataset/Tulu-Dtatset-V2/uu/uu_52.png,Tulu-Dtatset-V2,uu,train,5dcd12b5c094be638bf67d25a5ed9eb471fb7319fdda275fee3d65b5e29fb9f5,360.0,347.0,RGBA,uu_52.png,.png
/home/manvith/Desktop/Projects/Tulu Dataset/Tulu-Dtatset-V2/uu/uu_1.png,Tulu-Dtatset-V2,uu,train,29d7371e1cd66acab53c0ae46c7a6c96ec8ca2120337de831d584a059aac6b62,366.0,350.0,RGBA,uu_1.png,.png
/home/manvith/Desktop/Projects/Tulu Dataset/Tulu-Dtatset-V2/uu/uu_54.png,Tulu-Dtatset-V2,uu,train,6e4c1e06ae62b48465980b52896921fe768d84d29487e3370f2b88d9595397d6,360.0,347.0,RGBA,uu_54.png,.png
/home/manvith/Desktop/Projects/Tulu Dataset/Tulu-Dtatset-V2/uu/uu_91.png,Tulu-Dtatset-V2,uu,train,ead7dc9e86ca552780a508de02ba87de6ebe6e4edd88f0ce2e47b45d526f0fbe,356.0,351.0,RGBA,uu_91.png,.png
/home/manvith/Desktop/Projects/Tulu Dataset/Tulu-Dtatset-V2/uu/uu_100.png,Tulu-Dtatset-V2,uu,train,605fcb6454ec34127495411fc7eca34719d77ed0f04530c0d0f564d28e37ccbd,356.0,351.0,RGBA,uu_100.png,.png
/home/manvith/Desktop/Projects/Tulu Dataset/Tulu-Dtatset-V2/uu/uu_32.png,Tulu-Dtatset-V2,uu,train,20a1e800bea9fa6e52f50ff0bd7c36956e97bec6e21864538e5d48c9a9d834d8,363.0,348.0,RGBA,uu_32.png,.png
/home/manvith/Desktop/Projects/Tulu Dataset/Tulu-Dtatset-V2/uu/uu_60.png,Tulu-Dtatset-V2,uu,train,c40809df8d21865eb4bbde1678612662cff944d3aef4778c16ac93f25acc5dc4,360.0,347.0,RGBA,uu_60.png,.png
/home/manvith/Desktop/Projects/Tulu Dataset/Tulu-Dtatset-V2/uu/uu_79.png,Tulu-Dtatset-V2,uu,train,4e7f105d24b743a675295da6efab42f188cb0d04d4adb46ce46fbeaec34007c8,360.0,347.0,RGBA,uu_79.png,.png
/home/manvith/Desktop/Projects/Tulu Dataset/Tulu-Dtatset-V2/uu/uu_77.png,Tulu-Dtatset-V2,uu,train,a9abb536c0589262d665deccdfe0f66a3944394280a57ccd9cf54b426fb0ce27,360.0,347.0,RGBA,uu_77.png,.png
/home/manvith/Desktop/Projects/Tulu Dataset/Tulu-Dtatset-V2/uu/uu_62.png,Tulu-Dtatset-V2,uu,train,d3c301759896d2ee84ff38acc0bf84aa553eb854ef51347cb47e248848f17c2e,360.0,347.0,RGBA,uu_62.png,.png
/home/manvith/Desktop/Projects/Tulu Dataset/Tulu-Dtatset-V2/uu/uu_51.png,Tulu-Dtatset-V2,uu,train,05eb7f03b238b50dd7cea706a4f411c7c09fc3e573e91ab580fb129359131dac,360.0,347.0,RGBA,uu_51.png,.png
/home/manvith/Desktop/Projects/Tulu Dataset/Tulu-Dtatset-V2/uu/uu_15.png,Tulu-Dtatset-V2,uu,train,3d22dc032491ff78b925b25b5320711a80215c343ce834ea3534736229240516,361.0,346.0,RGBA,uu_15.png,.png
/home/manvith/Desktop/Projects/Tulu Dataset/Tulu-Dtatset-V2/uu/uu_76.png,Tulu-Dtatset-V2,uu,train,6463f770f0ece7f19fb59ed18527343282b6623ea3833a1f32d55bf9e1f294ad,360.0,347.0,RGBA,uu_76.png,.png
/home/manvith/Desktop/Projects/Tulu Dataset/Tulu-Dtatset-V2/uu/uu_9.png,Tulu-Dtatset-V2,uu,train,40c63b92b34c659e3dd071773fe7e1072c45787027252b503e48046fac3695cc,357.0,343.0,RGBA,uu_9.png,.png
/home/manvith/Desktop/Projects/Tulu Dataset/Tulu-Dtatset-V2/uu/uu_83.png,Tulu-Dtatset-V2,uu,train,8e0bab38947b8e91d52829dd81912511d0736fe88ec40bdb57786dea3c82b6e8,356.0,351.0,RGBA,uu_83.png,.png
/home/manvith/Desktop/Projects/Tulu Dataset/Tulu-Dtatset-V2/uu/uu_58.png,Tulu-Dtatset-V2,uu,train,b71c7775cb58149180143322a6b28e9b2ed88b627ad545593c090df465b95d33,360.0,347.0,RGBA,uu_58.png,.png
/home/manvith/Desktop/Projects/Tulu Dataset/Tulu-Dtatset-V2/uu/uu_6.png,Tulu-Dtatset-V2,uu,train,d88987d10290b581e07a482a907dccd65270d6e8c97770c9e0fc2eca620f4586,360.0,347.0,RGBA,uu_6.png,.png
/home/manvith/Desktop/Projects/Tulu Dataset/Tulu-Dtatset-V2/uu/uu_41.png,Tulu-Dtatset-V2,uu,train,fddc5db2114129b72479bded568e95822ed7ea23888b1a00a5673caaaa70c391,363.0,348.0,RGBA,uu_41.png,.png
/home/manvith/Desktop/Projects/Tulu Dataset/Tulu-Dtatset-V2/uu/uu_55.png,Tulu-Dtatset-V2,uu,train,5cf6b39ee53787747b138eaa1d2ce157c7f86c601c911a7650d4b3d55ae828b5,360.0,347.0,RGBA,uu_55.png,.png
/home/manvith/Desktop/Projects/Tulu Dataset/Tulu-Dtatset-V2/uu/uu_95.png,Tulu-Dtatset-V2,uu,train,9fe38acab80149d03b270764650649abfb7e91ce2de9be54d6030bf26ee70e99,356.0,351.0,RGBA,uu_95.png,.png
/home/manvith/Desktop/Projects/Tulu Dataset/Tulu-Dtatset-V2/uu/uu_35.png,Tulu-Dtatset-V2,uu,train,cc0a4288b46ed364fabe50ccce0711f3229d8c2ae1b5a2c7c01fe52482bf0f80,363.0,348.0,RGBA,uu_35.png,.png
/home/manvith/Desktop/Projects/Tulu Dataset/Tulu-Dtatset-V2/uu/uu_13.png,Tulu-Dtatset-V2,uu,train,8c25e553cfe026433d2c5bcb87c12a99b09e5a1bb899103498f86966be4cd663,353.0,338.0,RGBA,uu_13.png,.png
/home/manvith/Desktop/Projects/Tulu Dataset/Tulu-Dtatset-V2/uu/uu_22.png,Tulu-Dtatset-V2,uu,train,0f25cfdcba891c57721fda54f3b6c7d6ed16ad69b3a562c7c26d9e080c63846c,363.0,348.0,RGBA,uu_22.png,.png
/home/manvith/Desktop/Projects/Tulu Dataset/Tulu-Dtatset-V2/uu/uu_56.png,Tulu-Dtatset-V2,uu,train,4b0e58d94976845a86cb1d8f43a56dcf25c081ea0f89d299c8a59f27b8f68c8d,360.0,347.0,RGBA,uu_56.png,.png
/home/manvith/Desktop/Projects/Tulu Dataset/Tulu-Dtatset-V2/uu/uu_31.png,Tulu-Dtatset-V2,uu,train,4dc52358b3b3c01d1f9d1f338d2f44db9ea92ecae408a498d075e44f21a53bb9,363.0,348.0,RGBA,uu_31.png,.png
/home/manvith/Desktop/Projects/Tulu Dataset/Tulu-Dtatset-V2/uu/uu_30.png,Tulu-Dtatset-V2,uu,train,9e0cdee889febb86dabd46603a9d095d9cea2ee51e4e6b93ff01ec6c8dab41c1,363.0,348.0,RGBA,uu_30.png,.png
/home/manvith/Desktop/Projects/Tulu Dataset/Tulu-Dtatset-V2/uu/uu_93.png,Tulu-Dtatset-V2,uu,train,96b94e36f8e4cc2e57f6f8bf7ecb02d2dcd8f253fe46f22c5d7ba7341f09cbdd,356.0,351.0,RGBA,uu_93.png,.png
/home/manvith/Desktop/Projects/Tulu Dataset/Tulu-Dtatset-V2/uu/uu_92.png,Tulu-Dtatset-V2,uu,train,f2753e64782ec8d7b902167ee75863b690b0b55fe12cfc546a6f95db763e7d44,356.0,351.0,RGBA,uu_92.png,.png
/home/manvith/Desktop/Projects/Tulu Dataset/Tulu-Dtatset-V2/uu/uu_21.png,Tulu-Dtatset-V2,uu,train,a8f78ec7d2a95a104a059bcb17b81b1c9a5c2aa6c58ab9fb1853a0db120c5f63,363.0,348.0,RGBA,uu_21.png,.png
/home/manvith/Desktop/Projects/Tulu Dataset/Tulu-Dtatset-V2/uu/uu_38.png,Tulu-Dtatset-V2,uu,train,be4f250931b320a54570295de7f7a2dcd26f67689e24c506d4dc58606851e96a,363.0,348.0,RGBA,uu_38.png,.png
/home/manvith/Desktop/Projects/Tulu Dataset/Tulu-Dtatset-V2/uu/uu_78.png,Tulu-Dtatset-V2,uu,train,3a3bf796f9b37292056a352b92304a681d70e9f521196ad08aa72dc756f33b52,360.0,347.0,RGBA,uu_78.png,.png
/home/manvith/Desktop/Projects/Tulu Dataset/Tulu-Dtatset-V2/uu/uu_40.png,Tulu-Dtatset-V2,uu,train,a0ce66b4768a164fad6909210a14e28eee9f11fad6e734d41b95555d81e5efc0,363.0,348.0,RGBA,uu_40.png,.png
/home/manvith/Desktop/Projects/Tulu Dataset/Tulu-Dtatset-V2/uu/uu_47.png,Tulu-Dtatset-V2,uu,train,89ab0fce98a09693ca103d3e2bb788055b47384252130ad3982e78cfa98d36d6,363.0,348.0,RGBA,uu_47.png,.png
/home/manvith/Desktop/Projects/Tulu Dataset/Tulu-Dtatset-V2/uu/uu_36.png,Tulu-Dtatset-V2,uu,train,c122ec326353658aa44ad0f52380236871ad5b447fa56bbae2a4aeffebbfb3c5,363.0,348.0,RGBA,uu_36.png,.png
/home/manvith/Desktop/Projects/Tulu Dataset/Tulu-Dtatset-V2/uu/uu_46.png,Tulu-Dtatset-V2,uu,train,9f628a3c4831719bb363637a3d9c14b4398bde45a91986c90b1a56fd7c25f09f,363.0,348.0,RGBA,uu_46.png,.png
/home/manvith/Desktop/Projects/Tulu Dataset/Tulu-Dtatset-V2/uu/uu_65.png,Tulu-Dtatset-V2,uu,train,727296b133e8e84ab3d4d2ac27dde34d54e128b6c46847193bee5c82512dda10,360.0,347.0,RGBA,uu_65.png,.png
/home/manvith/Desktop/Projects/Tulu Dataset/Tulu-Dtatset-V2/uu/uu_17.png,Tulu-Dtatset-V2,uu,train,54238ae8befb01e5c9ce7694c6e9f4fb0d3d8f7ba77baa26c954626eb9bf56fe,363.0,348.0,RGBA,uu_17.png,.png
/home/manvith/Desktop/Projects/Tulu Dataset/Tulu-Dtatset-V2/uu/uu_28.png,Tulu-Dtatset-V2,uu,train,01faebbaa26e6d48a92680c322bdc971ace09ab0857b9b168766aa9b92ad89e3,363.0,348.0,RGBA,uu_28.png,.png
/home/manvith/Desktop/Projects/Tulu Dataset/Tulu-Dtatset-V2/uu/uu_66.png,Tulu-Dtatset-V2,uu,train,fd752ed70c8655d6a9ff4cbd58ca413571576b2ccbddb2ad6989a0a6b633bda2,360.0,347.0,RGBA,uu_66.png,.png
/home/manvith/Desktop/Projects/Tulu Dataset/Tulu-Dtatset-V2/uu/uu_63.png,Tulu-Dtatset-V2,uu,train,38148b7a9d4465d5a05dd45cdea8ba773a7ad4321a7af058874bb884dacacce2,360.0,347.0,RGBA,uu_63.png,.png
/home/manvith/Desktop/Projects/Tulu Dataset/Tulu-Dtatset-V2/uu/uu_67.png,Tulu-Dtatset-V2,uu,train,f46d612cfea332a2a4c2b9e5fe1abc74a46f66cd3271edf97abf0c8357525b42,360.0,347.0,RGBA,uu_67.png,.png
/home/manvith/Desktop/Projects/Tulu Dataset/Tulu-Dtatset-V2/uu/uu_27.png,Tulu-Dtatset-V2,uu,train,9c016952db23a68a7e3dafb4b68503bcc1eb6504f20e60358051bc8c200d57c3,363.0,348.0,RGBA,uu_27.png,.png
/home/manvith/Desktop/Projects/Tulu Dataset/Tulu-Dtatset-V2/uu/uu_96.png,Tulu-Dtatset-V2,uu,train,1d5a864d2e828b43811aef2e8dbfe3ccee18c83509d284cdbda4aba1142ff9d8,356.0,351.0,RGBA,uu_96.png,.png
/home/manvith/Desktop/Projects/Tulu Dataset/Tulu-Dtatset-V2/uu/uu_14.png,Tulu-Dtatset-V2,uu,train,387e04d3315252ead2adf937e139b0ab4c5137563e21d127dfafee04935c6139,361.0,349.0,RGBA,uu_14.png,.png
/home/manvith/Desktop/Projects/Tulu Dataset/Tulu-Dtatset-V2/uu/uu_73.png,Tulu-Dtatset-V2,uu,train,06af274c26065159cad765a57171f5b2512f641aa7967a75ed59a322fde9e3b3,360.0,347.0,RGBA,uu_73.png,.png
/home/manvith/Desktop/Projects/Tulu Dataset/Tulu-Dtatset-V2/uu/uu_26.png,Tulu-Dtatset-V2,uu,train,4104e464464585bb6785cc4a863ae31277366178b2fb5032b82babfac776cf30,363.0,348.0,RGBA,uu_26.png,.png
/home/manvith/Desktop/Projects/Tulu Dataset/Tulu-Dtatset-V2/uu/uu_53.png,Tulu-Dtatset-V2,uu,train,5e67ca99558bf08aa93db82547ada4910fd68d824b479f0c58cd2110a4f6e7fa,360.0,347.0,RGBA,uu_53.png,.png
/home/manvith/Desktop/Projects/Tulu Dataset/Tulu-Dtatset-V2/va/va_31.png,Tulu-Dtatset-V2,va,train,143ff70a15fa10f9c70517f00bee629b4ed4a345ae6c2546906690bab2d0443c,354.0,344.0,RGBA,va_31.png,.png
/home/manvith/Desktop/Projects/Tulu Dataset/Tulu-Dtatset-V2/va/va_6.png,Tulu-Dtatset-V2,va,train,8dd3499c49ed62e18a3b32ce7b54b84bb98ac6d81366f692d9e4c0a6214190ce,367.0,345.0,RGBA,va_6.png,.png
/home/manvith/Desktop/Projects/Tulu Dataset/Tulu-Dtatset-V2/va/va_100.png,Tulu-Dtatset-V2,va,train,b4c42e06bb780170141e0570c214fe9506b082e3cfc52c51c5044e6bb7e0c574,357.0,338.0,RGBA,va_100.png,.png
/home/manvith/Desktop/Projects/Tulu Dataset/Tulu-Dtatset-V2/va/va_23.png,Tulu-Dtatset-V2,va,train,04c2791ea1e61409a6c53aac8b7f5cf37bda94349ba0946b450b4d089e5341a3,354.0,344.0,RGBA,va_23.png,.png
/home/manvith/Desktop/Projects/Tulu Dataset/Tulu-Dtatset-V2/va/va_17.png,Tulu-Dtatset-V2,va,train,04d9e0176f58f831ea30df34c801d24239ab020f5028ced028b5aa9d3b2adcb9,354.0,344.0,RGBA,va_17.png,.png
/home/manvith/Desktop/Projects/Tulu Dataset/Tulu-Dtatset-V2/va/va_47.png,Tulu-Dtatset-V2,va,train,9e78380a004af226510ab98cc72f2c92216a28a0f96b65b9e62cac982ad0eb77,354.0,344.0,RGBA,va_47.png,.png
/home/manvith/Desktop/Projects/Tulu Dataset/Tulu-Dtatset-V2/va/va_19.png,Tulu-Dtatset-V2,va,train,56d73398d875d1285093b229cb62feed02b175c701bb03052a3da4a9fe75c28a,354.0,344.0,RGBA,va_19.png,.png
/home/manvith/Desktop/Projects/Tulu Dataset/Tulu-Dtatset-V2/va/va_10.png,Tulu-Dtatset-V2,va,train,4a54e3317a1239964399963c81af055f6bab25367a8b201534161e4452f265f4,359.0,355.0,RGBA,va_10.png,.png
/home/manvith/Desktop/Projects/Tulu Dataset/Tulu-Dtatset-V2/va/va_40.png,Tulu-Dtatset-V2,va,train,d3946152bb0a9ca4436944bd14d5c8ae6c5b9692ecc3490f84260acf118b0de1,354.0,344.0,RGBA,va_40.png,.png
/home/manvith/Desktop/Projects/Tulu Dataset/Tulu-Dtatset-V2/va/va_75.png,Tulu-Dtatset-V2,va,train,3c5346088f87186caba71f1ae5c56b0f7ae5aeb5a9eb504a53d9d101e6bde0a4,348.0,351.0,RGBA,va_75.png,.png
/home/manvith/Desktop/Projects/Tulu Dataset/Tulu-Dtatset-V2/va/va_67.png,Tulu-Dtatset-V2,va,train,7cca063ec9af87875b70a1a121b39fa4fb7ba997e93bc0f7e9dbbf3fb361ed0c,348.0,351.0,RGBA,va_67.png,.png
/home/manvith/Desktop/Projects/Tulu Dataset/Tulu-Dtatset-V2/va/va_88.png,Tulu-Dtatset-V2,va,train,e5e0520d80aab8fd510ce8304c37e3addf58086ece1eeadc922fcc934544cf20,357.0,338.0,RGBA,va_88.png,.png
/home/manvith/Desktop/Projects/Tulu Dataset/Tulu-Dtatset-V2/va/va_65.png,Tulu-Dtatset-V2,va,train,8804d9cbb82dad848217b870370c331995b05a96b31f9d5d6e2b9e3a3e700180,348.0,351.0,RGBA,va_65.png,.png
/home/manvith/Desktop/Projects/Tulu Dataset/Tulu-Dtatset-V2/va/va_39.png,Tulu-Dtatset-V2,va,train,15fb6ea69fd77c35344e453e7082e21db7ee3c845b5f4dfce6a010c1dd739639,354.0,344.0,RGBA,va_39.png,.png
/home/manvith/Desktop/Projects/Tulu Dataset/Tulu-Dtatset-V2/va/va_57.png,Tulu-Dtatset-V2,va,train,a4522142869280b287b21d65e188bb812594f91a49b5caea9229a790992ac7d5,348.0,351.0,RGBA,va_57.png,.png
/home/manvith/Desktop/Projects/Tulu Dataset/Tulu-Dtatset-V2/va/va_46.png,Tulu-Dtatset-V2,va,train,63e4b97d44933e335de65f25fdfa8f188b24b9dd08685e0392174cb609bcc5b0,354.0,344.0,RGBA,va_46.png,.png
/home/manvith/Desktop/Projects/Tulu Dataset/Tulu-Dtatset-V2/va/va_55.png,Tulu-Dtatset-V2,va,train,d689a68423ca60fcc40d60d6a0c4125674342022439a2dd436bbc6919a28ad51,348.0,351.0,RGBA,va_55.png,.png
/home/manvith/Desktop/Projects/Tulu Dataset/Tulu-Dtatset-V2/va/va_48.png,Tulu-Dtatset-V2,va,train,163d9e11919b3d1e04f88539fcba7e96f7fc23352fc0974f0e08ee0adf2fbca8,354.0,344.0,RGBA,va_48.png,.png
/home/manvith/Desktop/Projects/Tulu Dataset/Tulu-Dtatset-V2/va/va_37.png,Tulu-Dtatset-V2,va,train,85b0682eee0f9711a7ea0d977155425fe46c465110a737792e176e2184f90871,354.0,344.0,RGBA,va_37.png,.png
/home/manvith/Desktop/Projects/Tulu Dataset/Tulu-Dtatset-V2/va/va_11.png,Tulu-Dtatset-V2,va,train,ba54b8af87d999ff6d670462ed99c9c5fcc1e960078ea62b7bffda034f245b93,360.0,355.0,RGBA,va_11.png,.png
/home/manvith/Desktop/Projects/Tulu Dataset/Tulu-Dtatset-V2/va/va_2.png,Tulu-Dtatset-V2,va,train,b354b6e3f2c3d3145ae8249890c3421c4525d2fa032308c51d70018502d32e6e,359.0,338.0,RGBA,va_2.png,.png
/home/manvith/Desktop/Projects/Tulu Dataset/Tulu-Dtatset-V2/va/va_53.png,Tulu-Dtatset-V2,va,train,b2ff5765c65ee940d9e7e995c3a868a33d14f1e5ca3ac5a9a7ec227822b187cc,348.0,351.0,RGBA,va_53.png,.png
/home/manvith/Desktop/Projects/Tulu Dataset/Tulu-Dtatset-V2/va/va_89.png,Tulu-Dtatset-V2,va,train,33d79be4d612a9d13be58738d123a166e7bc0d5c9c7954a367880de211da05a9,357.0,338.0,RGBA,va_89.png,.png
/home/manvith/Desktop/Projects/Tulu Dataset/Tulu-Dtatset-V2/va/va_76.png,Tulu-Dtatset-V2,va,train,48ea1cfc2023a804d92ce58d797b741443e44dea357d3746e7ba76aefe8096a1,348.0,351.0,RGBA,va_76.png,.png
/home/manvith/Desktop/Projects/Tulu Dataset/Tulu-Dtatset-V2/va/va_82.png,Tulu-Dtatset-V2,va,train,a1ff75008d1eabc5045d9ae9bc398f15f64da3d89e6bdd172784894361ff63e4,357.0,338.0,RGBA,va_82.png,.png
/home/manvith/Desktop/Projects/Tulu Dataset/Tulu-Dtatset-V2/va/va_43.png,Tulu-Dtatset-V2,va,train,da1e05db4a5ab014632621e647ce1e013fd071fd258eadca5161f4e6e7fd241d,354.0,344.0,RGBA,va_43.png,.png
/home/manvith/Desktop/Projects/Tulu Dataset/Tulu-Dtatset-V2/va/va_78.png,Tulu-Dtatset-V2,va,train,e7edcd9ef8d514cac0efff6d711826653ef602fb88437b760eca417ad7f6af4e,348.0,351.0,RGBA,va_78.png,.png
/home/manvith/Desktop/Projects/Tulu Dataset/Tulu-Dtatset-V2/va/va_12.png,Tulu-Dtatset-V2,va,train,993dc0e387b2144402439798230367c165b72ddd4b43f1ddb28a25c1136c046f,357.0,326.0,RGBA,va_12.png,.png
/home/manvith/Desktop/Projects/Tulu Dataset/Tulu-Dtatset-V2/va/va_38.png,Tulu-Dtatset-V2,va,train,93cdfc20ac2cd9624bce8765bf64a04d00b8d7d5a0e64400f71fbc0f3b4bc38d,354.0,344.0,RGBA,va_38.png,.png
/home/manvith/Desktop/Projects/Tulu Dataset/Tulu-Dtatset-V2/va/va_20.png,Tulu-Dtatset-V2,va,train,0bacc5c7f6609878c3134ac6eac98413c07d626c536d266d02fcab2441fbe90b,354.0,344.0,RGBA,va_20.png,.png
/home/manvith/Desktop/Projects/Tulu Dataset/Tulu-Dtatset-V2/va/va_52.png,Tulu-Dtatset-V2,va,train,18d9e811cb8436a4e4f8e8701edd84d73df986e1232a661b63557d66a8da3285,348.0,351.0,RGBA,va_52.png,.png
/home/manvith/Desktop/Projects/Tulu Dataset/Tulu-Dtatset-V2/va/va_51.png,Tulu-Dtatset-V2,va,train,7fe49449d73e14568ea290ad112782d3fde042250ea78a33d6e0e160e6368d41,348.0,351.0,RGBA,va_51.png,.png
/home/manvith/Desktop/Projects/Tulu Dataset/Tulu-Dtatset-V2/va/va_41.png,Tulu-Dtatset-V2,va,train,80e689e0315ea12a34a7d9e094308643b4a1b6cf8fa9eda2a53df5c4fc09007e,354.0,344.0,RGBA,va_41.png,.png
/home/manvith/Desktop/Projects/Tulu Dataset/Tulu-Dtatset-V2/va/va_21.png,Tulu-Dtatset-V2,va,train,7b341c89c5f5b0ce1fed2fbbe8c264372dd9dc9778b4641a6d3c4cef7d25f09c,354.0,344.0,RGBA,va_21.png,.png
/home/manvith/Desktop/Projects/Tulu Dataset/Tulu-Dtatset-V2/va/va_84.png,Tulu-Dtatset-V2,va,train,75fa48f6bf99214eddcbd35b656ab23336a5f06743019c940e189395b3d54f8c,357.0,338.0,RGBA,va_84.png,.png
/home/manvith/Desktop/Projects/Tulu Dataset/Tulu-Dtatset-V2/va/va_44.png,Tulu-Dtatset-V2,va,train,042548a287608a12eb4cc344b5c6f039ec08c770cef84a030ab7c9fa33329907,354.0,344.0,RGBA,va_44.png,.png
/home/manvith/Desktop/Projects/Tulu Dataset/Tulu-Dtatset-V2/va/va_8.png,Tulu-Dtatset-V2,va,train,3760a11fe0df2555e3b67f7f5f78d98242a963293ac791342d9fe5e0263ec6f0,354.0,344.0,RGBA,va_8.png,.png
/home/manvith/Desktop/Projects/Tulu Dataset/Tulu-Dtatset-V2/va/va_42.png,Tulu-Dtatset-V2,va,train,41dfe536e82a5f98a933cbe95c254d9f27db06a190aaf53182c4ab5e6dff326d,354.0,344.0,RGBA,va_42.png,.png
/home/manvith/Desktop/Projects/Tulu Dataset/Tulu-Dtatset-V2/va/va_28.png,Tulu-Dtatset-V2,va,train,13f67723e5328bc89487daa2ae12c51dff7b1ee82361e48de4afb5629c13945e,354.0,344.0,RGBA,va_28.png,.png
/home/manvith/Desktop/Projects/Tulu Dataset/Tulu-Dtatset-V2/va/va_72.png,Tulu-Dtatset-V2,va,train,e698895a493da98b2148b9ebfae16b39d125287a530be92b27b7b770dd0b4a55,348.0,351.0,RGBA,va_72.png,.png
/home/manvith/Desktop/Projects/Tulu Dataset/Tulu-Dtatset-V2/va/va_95.png,Tulu-Dtatset-V2,va,train,354106910cc9020f7ebc5ca03299169ce13a3d7fb5858b8a6c7a173efb6c177f,357.0,338.0,RGBA,va_95.png,.png
/home/manvith/Desktop/Projects/Tulu Dataset/Tulu-Dtatset-V2/va/va_83.png,Tulu-Dtatset-V2,va,train,21774277b4ba4ea2c27bef36edde384d0994dbd6dd069cac01c50984022027cd,357.0,338.0,RGBA,va_83.png,.png
/home/manvith/Desktop/Projects/Tulu Dataset/Tulu-Dtatset-V2/va/va_85.png,Tulu-Dtatset-V2,va,train,b2b40c1ee07b4e93d2354daaa13a9aef4e56449d7274b707954d351851a9a45c,357.0,338.0,RGBA,va_85.png,.png
/home/manvith/Desktop/Projects/Tulu Dataset/Tulu-Dtatset-V2/va/va_18.png,Tulu-Dtatset-V2,va,train,e0a5f1992d888f781d4f1452b7dbe1754940ce0e6b6ab29f22ce2629a597e3d9,354.0,344.0,RGBA,va_18.png,.png
/home/manvith/Desktop/Projects/Tulu Dataset/Tulu-Dtatset-V2/va/va_36.png,Tulu-Dtatset-V2,va,train,eba6f1e7f915316e7148dfc1b17e9a8d4fca00a700e1c3baa321038fc92697f9,354.0,344.0,RGBA,va_36.png,.png
/home/manvith/Desktop/Projects/Tulu Dataset/Tulu-Dtatset-V2/va/va_27.png,Tulu-Dtatset-V2,va,train,ff2ef326efe11fca3422615bb4ddb53d2b9c46bc0dfbdef688d61bf90f5b7d9d,354.0,344.0,RGBA,va_27.png,.png
/home/manvith/Desktop/Projects/Tulu Dataset/Tulu-Dtatset-V2/va/va_3.png,Tulu-Dtatset-V2,va,train,2e44cc4ddb6329773d3ac4742db44b1875567ade5b7b3de94b058e74c0590aba,348.0,351.0,RGBA,va_3.png,.png
/home/manvith/Desktop/Projects/Tulu Dataset/Tulu-Dtatset-V2/va/va_91.png,Tulu-Dtatset-V2,va,train,d7be3ef9642d6d0df5a706c842ecbade7fecff0fa71749a8870a62710dba45d8,357.0,338.0,RGBA,va_91.png,.png
/home/manvith/Desktop/Projects/Tulu Dataset/Tulu-Dtatset-V2/va/va_77.png,Tulu-Dtatset-V2,va,train,7ce846b908167e1b3b1c129d78911e12c4701a72df2706fc306dbccc2f3dfed8,348.0,351.0,RGBA,va_77.png,.png
/home/manvith/Desktop/Projects/Tulu Dataset/Tulu-Dtatset-V2/va/va_80.png,Tulu-Dtatset-V2,va,train,34435ad2e6928695361a49eb1c6ba8b4c5c9475cee7d9ebdabff71a668d655b4,348.0,351.0,RGBA,va_80.png,.png
/home/manvith/Desktop/Projects/Tulu Dataset/Tulu-Dtatset-V2/va/va_54.png,Tulu-Dtatset-V2,va,train,e040d79d2deca436580079500396eef331d9d62032478cc1c730e1e89a2850cd,348.0,351.0,RGBA,va_54.png,.png
/home/manvith/Desktop/Projects/Tulu Dataset/Tulu-Dtatset-V2/va/va_50.png,Tulu-Dtatset-V2,va,train,9a44c81dfedbbc0e6aeb1eddc9f0bd93d614e57e525d22faa06445e18bf6fb1b,354.0,344.0,RGBA,va_50.png,.png
/home/manvith/Desktop/Projects/Tulu Dataset/Tulu-Dtatset-V2/va/va_92.png,Tulu-Dtatset-V2,va,train,3cbee6a0e798e4b228dba4d24e347cba7a4a0d99db31ee1c356d684c16eceb57,357.0,338.0,RGBA,va_92.png,.png
/home/manvith/Desktop/Projects/Tulu Dataset/Tulu-Dtatset-V2/va/va_34.png,Tulu-Dtatset-V2,va,train,4d08ea54cc0570a572185318a58e87b6663f9e8de768b04e3b68f7d384fb63d8,354.0,344.0,RGBA,va_34.png,.png
/home/manvith/Desktop/Projects/Tulu Dataset/Tulu-Dtatset-V2/va/va_74.png,Tulu-Dtatset-V2,va,train,89eea35b29d15cd8627d3f1eed75704f31bc78e2b1e3d2bda3af1d323b701e14,348.0,351.0,RGBA,va_74.png,.png
/home/manvith/Desktop/Projects/Tulu Dataset/Tulu-Dtatset-V2/va/va_97.png,Tulu-Dtatset-V2,va,train,31c591f640b1752f0afc64e9a2b604f02f6716e6b8d99f90fb04bb997354fed3,357.0,338.0,RGBA,va_97.png,.png
/home/manvith/Desktop/Projects/Tulu Dataset/Tulu-Dtatset-V2/va/va_29.png,Tulu-Dtatset-V2,va,train,2b48a4540e8b1095d0b474585cc1173f3393a1f25ba7b2c79eb18053b8c34013,354.0,344.0,RGBA,va_29.png,.png
/home/manvith/Desktop/Projects/Tulu Dataset/Tulu-Dtatset-V2/va/va_61.png,Tulu-Dtatset-V2,va,train,ab397d1973254bf4eade2d6ace9536187ce29cfce927f175d9408f54e478b231,348.0,351.0,RGBA,va_61.png,.png
/home/manvith/Desktop/Projects/Tulu Dataset/Tulu-Dtatset-V2/va/va_64.png,Tulu-Dtatset-V2,va,train,6c86d743b918884989ff63daf0291e5324e2c5a247916c4f06e896f45018ee0e,348.0,351.0,RGBA,va_64.png,.png
/home/manvith/Desktop/Projects/Tulu Dataset/Tulu-Dtatset-V2/va/va_45.png,Tulu-Dtatset-V2,va,train,5bbecfe4af069fe0dc894c07822c76eed9b6632e2076ceaa19785ba23733e635,354.0,344.0,RGBA,va_45.png,.png
/home/manvith/Desktop/Projects/Tulu Dataset/Tulu-Dtatset-V2/va/va_49.png,Tulu-Dtatset-V2,va,train,75595f82b92681cb1a97764433d3dcb06cec5f80baf2dc4791c13645df874a49,354.0,344.0,RGBA,va_49.png,.png
/home/manvith/Desktop/Projects/Tulu Dataset/Tulu-Dtatset-V2/va/va_86.png,Tulu-Dtatset-V2,va,train,0564798e1cc86d3fba2349867d9a21df6cd30952e9faa317d47b33dd2b0381a4,357.0,338.0,RGBA,va_86.png,.png
/home/manvith/Desktop/Projects/Tulu Dataset/Tulu-Dtatset-V2/va/va_73.png,Tulu-Dtatset-V2,va,train,b64faec5cc006abed6700255ef8348737ac5eb47f1d2389ade24698cf3d9e73e,348.0,351.0,RGBA,va_73.png,.png
/home/manvith/Desktop/Projects/Tulu Dataset/Tulu-Dtatset-V2/va/va_25.png,Tulu-Dtatset-V2,va,train,0f327516392a68940cb50db4e902fc7ef07b81a13511efe8868f56e8935e02e9,354.0,344.0,RGBA,va_25.png,.png
/home/manvith/Desktop/Projects/Tulu Dataset/Tulu-Dtatset-V2/va/va_70.png,Tulu-Dtatset-V2,va,train,a0d2f5b5cc9954648521deb8af790be2a55c6ba61f74d4eb8b49a0da53564d46,348.0,351.0,RGBA,va_70.png,.png
/home/manvith/Desktop/Projects/Tulu Dataset/Tulu-Dtatset-V2/va/va_30.png,Tulu-Dtatset-V2,va,train,2ac5d381d88c19c08d41606b05a895bb86d46a58cb051dc53e744746f3b94150,354.0,344.0,RGBA,va_30.png,.png
/home/manvith/Desktop/Projects/Tulu Dataset/Tulu-Dtatset-V2/va/va_7.png,Tulu-Dtatset-V2,va,train,292dc0b20dd158d74664906765d3347c59fe74bacf1ee0f8481bd3a810bebe70,359.0,343.0,RGBA,va_7.png,.png
/home/manvith/Desktop/Projects/Tulu Dataset/Tulu-Dtatset-V2/va/va_66.png,Tulu-Dtatset-V2,va,train,984cc962b748b7dcfaf165fb5d2e6b2e9a659f2e270718df33d17f860c144791,348.0,351.0,RGBA,va_66.png,.png
/home/manvith/Desktop/Projects/Tulu Dataset/Tulu-Dtatset-V2/va/va_60.png,Tulu-Dtatset-V2,va,train,bb9a1baea788e5b152557006bd2839e1e155ce9717263201d5128f041cca5e81,348.0,351.0,RGBA,va_60.png,.png
/home/manvith/Desktop/Projects/Tulu Dataset/Tulu-Dtatset-V2/va/va_16.png,Tulu-Dtatset-V2,va,train,1ec4109876502045bafbe6897848c4828832c0ccb479b1044752f8a5d7675389,354.0,344.0,RGBA,va_16.png,.png
/home/manvith/Desktop/Projects/Tulu Dataset/Tulu-Dtatset-V2/va/va_71.png,Tulu-Dtatset-V2,va,train,5491991763aa17ee2ce853c8b44f59ec014498ff8a6dba0c99124448cebb326f,348.0,351.0,RGBA,va_71.png,.png
/home/manvith/Desktop/Projects/Tulu Dataset/Tulu-Dtatset-V2/va/va_1.png,Tulu-Dtatset-V2,va,train,1031233b1c02b64e4095958dadd3cfb61f0150726b47a458cf91ff42e0cf3366,359.0,353.0,RGBA,va_1.png,.png
/home/manvith/Desktop/Projects/Tulu Dataset/Tulu-Dtatset-V2/va/va_99.png,Tulu-Dtatset-V2,va,train,0fc906d5a4c4216f39254c2d39212f2ed9dcccea2c053b72b8525ead6d2e0b50,357.0,338.0,RGBA,va_99.png,.png
/home/manvith/Desktop/Projects/Tulu Dataset/Tulu-Dtatset-V2/va/va_98.png,Tulu-Dtatset-V2,va,train,798d7e851430f8adaa045a6f92aaea8c18fc753ff94f5244f95351bbf9181547,357.0,338.0,RGBA,va_98.png,.png
/home/manvith/Desktop/Projects/Tulu Dataset/Tulu-Dtatset-V2/va/va_69.png,Tulu-Dtatset-V2,va,train,744fc3a4b8e456caa0de4707fdd0aafb6b8b442b30aa0c54dc88773cbf17707d,348.0,351.0,RGBA,va_69.png,.png
/home/manvith/Desktop/Projects/Tulu Dataset/Tulu-Dtatset-V2/va/va_87.png,Tulu-Dtatset-V2,va,train,b125ec9ed70330ff8d4c3b472afb48843c6b05967b0003ea55b607ad86f525f5,357.0,338.0,RGBA,va_87.png,.png
/home/manvith/Desktop/Projects/Tulu Dataset/Tulu-Dtatset-V2/va/va_62.png,Tulu-Dtatset-V2,va,train,cd3cc1cf761ab7387ffd28aa5fe753b4c6d62333cfe3dbf9cb55f885aff981a3,348.0,351.0,RGBA,va_62.png,.png
/home/manvith/Desktop/Projects/Tulu Dataset/Tulu-Dtatset-V2/va/va_9.png,Tulu-Dtatset-V2,va,train,6028496fddc8999a77fc5e07c1602688d1ebf8e725d5cc9733741c5862e03581,363.0,354.0,RGBA,va_9.png,.png
/home/manvith/Desktop/Projects/Tulu Dataset/Tulu-Dtatset-V2/ya/ya_29.png,Tulu-Dtatset-V2,ya,train,021c0ea9d9d40ebcca1a96d4b440dc47b1ed3ff5cc9c0dfbbbea37135727ee58,350.0,351.0,RGBA,ya_29.png,.png
/home/manvith/Desktop/Projects/Tulu Dataset/Tulu-Dtatset-V2/ya/ya_13.png,Tulu-Dtatset-V2,ya,train,42a49c665ad04ff2ebe25d5df14049e403496554c921ea1534fb15627aca8ea9,350.0,341.0,RGBA,ya_13.png,.png
/home/manvith/Desktop/Projects/Tulu Dataset/Tulu-Dtatset-V2/ya/ya_69.png,Tulu-Dtatset-V2,ya,train,bf49a9b5974b28d3ad290d51812a1f8c00fe1078a1b22ba7dee0fb29ccd40dea,367.0,356.0,RGBA,ya_69.png,.png
/home/manvith/Desktop/Projects/Tulu Dataset/Tulu-Dtatset-V2/ya/ya_72.png,Tulu-Dtatset-V2,ya,train,5e1565292c36b9ba1f37e69738895be681c3a4649873c728b8ec37dc86915d2a,367.0,356.0,RGBA,ya_72.png,.png
/home/manvith/Desktop/Projects/Tulu Dataset/Tulu-Dtatset-V2/ya/ya_84.png,Tulu-Dtatset-V2,ya,train,6173e22664089a84994c9be5e55b338ca08fad4decb1aa9add2462d3ec03deec,367.0,356.0,RGBA,ya_84.png,.png
/home/manvith/Desktop/Projects/Tulu Dataset/Tulu-Dtatset-V2/ya/ya_86.png,Tulu-Dtatset-V2,ya,train,d342ff486d333fd672c1a95cf18f2b380f579c4f7a802a71671ba52b60b67bcb,367.0,356.0,RGBA,ya_86.png,.png
/home/manvith/Desktop/Projects/Tulu Dataset/Tulu-Dtatset-V2/ya/ya_79.png,Tulu-Dtatset-V2,ya,train,e8acd0703c9d8450ad9bf4a564fcb83d2eb01350682216874352bf686d6bd341,367.0,356.0,RGBA,ya_79.png,.png
/home/manvith/Desktop/Projects/Tulu Dataset/Tulu-Dtatset-V2/ya/ya_94.png,Tulu-Dtatset-V2,ya,train,d1e1c5fcd2c4e311ece2739555a4268e66ede079cafcee3a04645ae4ae5f5524,367.0,356.0,RGBA,ya_94.png,.png
/home/manvith/Desktop/Projects/Tulu Dataset/Tulu-Dtatset-V2/ya/ya_58.png,Tulu-Dtatset-V2,ya,train,eca9e0d0a941c00eeb1c16dc13cdd9be2b9bde39c8c6eea018d12b8d671b77a0,370.0,357.0,RGBA,ya_58.png,.png
/home/manvith/Desktop/Projects/Tulu Dataset/Tulu-Dtatset-V2/ya/ya_3.png,Tulu-Dtatset-V2,ya,train,d4ea6c4c9802602f4d4fab07126f4fa069bf4c952ccad673c9509e7763811487,367.0,356.0,RGBA,ya_3.png,.png
/home/manvith/Desktop/Projects/Tulu Dataset/Tulu-Dtatset-V2/ya/ya_90.png,Tulu-Dtatset-V2,ya,train,5b6b545cdeccaad08d12823e070a5d9509a12320fa8af40a673480ccf24152c2,367.0,356.0,RGBA,ya_90.png,.png
/home/manvith/Desktop/Projects/Tulu Dataset/Tulu-Dtatset-V2/ya/ya_21.png,Tulu-Dtatset-V2,ya,train,bce8300b687f58ac371beb4fc39b70885a6a6d200d67858474b4a33f11d55827,350.0,351.0,RGBA,ya_21.png,.png
/home/manvith/Desktop/Projects/Tulu Dataset/Tulu-Dtatset-V2/ya/ya_77.png,Tulu-Dtatset-V2,ya,train,166db109851cafbf4389f813cfa7a838c2f44f2d0c48e6f9373f06d58fd6c200,367.0,356.0,RGBA,ya_77.png,.png
/home/manvith/Desktop/Projects/Tulu Dataset/Tulu-Dtatset-V2/ya/ya_11.png,Tulu-Dtatset-V2,ya,train,292ba64f86db7f33e131d75ffa4d9f90cdea2c438ee97771085f319289868465,352.0,347.0,RGBA,ya_11.png,.png
/home/manvith/Desktop/Projects/Tulu Dataset/Tulu-Dtatset-V2/ya/ya_61.png,Tulu-Dtatset-V2,ya,train,679dcce383b87a7f7e3c923cb6036254844eb62f20ebebaf2cde258359a74d4b,367.0,356.0,RGBA,ya_61.png,.png
/home/manvith/Desktop/Projects/Tulu Dataset/Tulu-Dtatset-V2/ya/ya_56.png,Tulu-Dtatset-V2,ya,train,c205364fecfbce4b522a1d15d31f1c8d5ebdf1f56139d44092940d67d2006816,370.0,357.0,RGBA,ya_56.png,.png
/home/manvith/Desktop/Projects/Tulu Dataset/Tulu-Dtatset-V2/ya/ya_37.png,Tulu-Dtatset-V2,ya,train,90c48efa49a024e0881ef0b4318bf9fe0b55a78bb123c29810cf4be2af68696b,370.0,357.0,RGBA,ya_37.png,.png
/home/manvith/Desktop/Projects/Tulu Dataset/Tulu-Dtatset-V2/ya/ya_62.png,Tulu-Dtatset-V2,ya,train,06941bddfc04c19eb653904243f914425ee887d52cdadac44a09a7d68f243ba7,367.0,356.0,RGBA,ya_62.png,.png
/home/manvith/Desktop/Projects/Tulu Dataset/Tulu-Dtatset-V2/ya/ya_46.png,Tulu-Dtatset-V2,ya,train,6e8f6fe4a2e553b82c9908e8719804a81e80d82626c6139cde8ef29434a2e6d1,370.0,357.0,RGBA,ya_46.png,.png
/home/manvith/Desktop/Projects/Tulu Dataset/Tulu-Dtatset-V2/ya/ya_80.png,Tulu-Dtatset-V2,ya,train,5352ba2b03c5ec6025d6e7ea01f02bc188481dceff83febbba57e06750e5f0ec,367.0,356.0,RGBA,ya_80.png,.png
/home/manvith/Desktop/Projects/Tulu Dataset/Tulu-Dtatset-V2/ya/ya_22.png,Tulu-Dtatset-V2,ya,train,d2bde42e77038a95007baa5fd1f44bc7369281b3ee288f2e05b01819655f0d88,350.0,351.0,RGBA,ya_22.png,.png
/home/manvith/Desktop/Projects/Tulu Dataset/Tulu-Dtatset-V2/ya/ya_59.png,Tulu-Dtatset-V2,ya,train,c2800fe4b815243a5f91642c01ce4eb1b85513de7544abf313b2d2373df48cf2,370.0,357.0,RGBA,ya_59.png,.png
/home/manvith/Desktop/Projects/Tulu Dataset/Tulu-Dtatset-V2/ya/ya_63.png,Tulu-Dtatset-V2,ya,train,5b825055f32b28ee3167dbf12cce1dc6b180f86509dcb7f027cf76322c2d1665,367.0,356.0,RGBA,ya_63.png,.png
/home/manvith/Desktop/Projects/Tulu Dataset/Tulu-Dtatset-V2/ya/ya_47.png,Tulu-Dtatset-V2,ya,train,62b3a3f8a48d5183474b2e7be9e8af60bd408f295dabb7db2540116a21f32bf9,370.0,357.0,RGBA,ya_47.png,.png
/home/manvith/Desktop/Projects/Tulu Dataset/Tulu-Dtatset-V2/ya/ya_97.png,Tulu-Dtatset-V2,ya,train,c89679f2d4e2d888d21581a95ea088fa093906dd9a49dc1889959e3e246c4a75,367.0,356.0,RGBA,ya_97.png,.png
/home/manvith/Desktop/Projects/Tulu Dataset/Tulu-Dtatset-V2/ya/ya_49.png,Tulu-Dtatset-V2,ya,train,984ea2c493096551536c76c3a0eb5dcca0c6d7848c660666475d5f720cabbdd6,370.0,357.0,RGBA,ya_49.png,.png
/home/manvith/Desktop/Projects/Tulu Dataset/Tulu-Dtatset-V2/ya/ya_70.png,Tulu-Dtatset-V2,ya,train,38ddf2cb668de6a3f102373b8292cf28d3ee716ef840e5c44d01671f3f72b963,367.0,356.0,RGBA,ya_70.png,.png
/home/manvith/Desktop/Projects/Tulu Dataset/Tulu-Dtatset-V2/ya/ya_26.png,Tulu-Dtatset-V2,ya,train,cf7591a8e3e14a0aa42829c1d2a10e258eb2e51039ac8d91727ef08592e7d943,350.0,351.0,RGBA,ya_26.png,.png
/home/manvith/Desktop/Projects/Tulu Dataset/Tulu-Dtatset-V2/ya/ya_64.png,Tulu-Dtatset-V2,ya,train,ef71c11fbac7b5519ed5b23ce677484e815adee0e12cf6e06e2d94cc180dfb09,367.0,356.0,RGBA,ya_64.png,.png
/home/manvith/Desktop/Projects/Tulu Dataset/Tulu-Dtatset-V2/ya/ya_39.png,Tulu-Dtatset-V2,ya,train,c2c48ae1b4be88063b44c6d39d25fd6b8d34e67f64014dfab1d7d3bd258758d2,370.0,357.0,RGBA,ya_39.png,.png
/home/manvith/Desktop/Projects/Tulu Dataset/Tulu-Dtatset-V2/ya/ya_78.png,Tulu-Dtatset-V2,ya,train,466fdace70190d89b50bb3b04e0d6030128e1ca6d2d4401782dfe69758d3b89d,367.0,356.0,RGBA,ya_78.png,.png
/home/manvith/Desktop/Projects/Tulu Dataset/Tulu-Dtatset-V2/ya/ya_54.png,Tulu-Dtatset-V2,ya,train,7debfd81844a034b7dfdd8efda21220b5340fa5da1e08ccf39ba87fefe59e24b,370.0,357.0,RGBA,ya_54.png,.png
/home/manvith/Desktop/Projects/Tulu Dataset/Tulu-Dtatset-V2/ya/ya_17.png,Tulu-Dtatset-V2,ya,train,64df978452177fe03a46419b154fba3b28164a075285840137346e88603ab3d8,350.0,351.0,RGBA,ya_17.png,.png
/home/manvith/Desktop/Projects/Tulu Dataset/Tulu-Dtatset-V2/ya/ya_35.png,Tulu-Dtatset-V2,ya,train,5f7e28b07f7dde65bb15e475cc6cc3a34db5ee461ae925adef9bcd95d807aaec,370.0,357.0,RGBA,ya_35.png,.png
/home/manvith/Desktop/Projects/Tulu Dataset/Tulu-Dtatset-V2/ya/ya_28.png,Tulu-Dtatset-V2,ya,train,447d6548c9101912d1797d10a1e5e8a4c9fad3158f8cda9b335bfd7184f9cb0c,350.0,351.0,RGBA,ya_28.png,.png
/home/manvith/Desktop/Projects/Tulu Dataset/Tulu-Dtatset-V2/ya/ya_1.png,Tulu-Dtatset-V2,ya,train,ca6ebf1049e93e7bc490b524aa360b24835fa3ee810bdcac0aff386a51ac6878,370.0,357.0,RGBA,ya_1.png,.png
/home/manvith/Desktop/Projects/Tulu Dataset/Tulu-Dtatset-V2/ya/ya_44.png,Tulu-Dtatset-V2,ya,train,6700cfc057c645826efd3d91247bd6580c6c225fcf942ffec1ebd25fc31992da,370.0,357.0,RGBA,ya_44.png,.png
/home/manvith/Desktop/Projects/Tulu Dataset/Tulu-Dtatset-V2/ya/ya_18.png,Tulu-Dtatset-V2,ya,train,961242d73d734fe03f169636cc8356e004d434cb4126a3eaf79ae86d9a2b29b9,350.0,351.0,RGBA,ya_18.png,.png
/home/manvith/Desktop/Projects/Tulu Dataset/Tulu-Dtatset-V2/ya/ya_16.png,Tulu-Dtatset-V2,ya,train,db94ab209d3669337d37e1117948adcd4bea8a8b90c96647800d2ff94fd5ac09,350.0,351.0,RGBA,ya_16.png,.png
/home/manvith/Desktop/Projects/Tulu Dataset/Tulu-Dtatset-V2/ya/ya_23.png,Tulu-Dtatset-V2,ya,train,c04d7e020af9aca5de349d0abdc83d9ae726ffb25f5802379726784e54e63464,350.0,351.0,RGBA,ya_23.png,.png
/home/manvith/Desktop/Projects/Tulu Dataset/Tulu-Dtatset-V2/ya/ya_40.png,Tulu-Dtatset-V2,ya,train,347f6f34be1bb7a9bdbf55fa61d807b3927514971f0add96f609c0df228a0ed6,370.0,357.0,RGBA,ya_40.png,.png
/home/manvith/Desktop/Projects/Tulu Dataset/Tulu-Dtatset-V2/ya/ya_24.png,Tulu-Dtatset-V2,ya,train,39eb7bd707a32e63164794fea2b4e5c569c08772dca8d5656934a0f32f805141,350.0,351.0,RGBA,ya_24.png,.png
/home/manvith/Desktop/Projects/Tulu Dataset/Tulu-Dtatset-V2/ya/ya_33.png,Tulu-Dtatset-V2,ya,train,fabe3ffd91341dd5098986ec62efd5a2b49a178b24943723ceeb2c18e30ff591,370.0,357.0,RGBA,ya_33.png,.png
/home/manvith/Desktop/Projects/Tulu Dataset/Tulu-Dtatset-V2/ya/ya_100.png,Tulu-Dtatset-V2,ya,train,74682b1c8830d2e4d05b28bfe61e8e56a5eebb94ee4d3f3ffd45431628dac22e,367.0,356.0,RGBA,ya_100.png,.png
/home/manvith/Desktop/Projects/Tulu Dataset/Tulu-Dtatset-V2/ya/ya_30.png,Tulu-Dtatset-V2,ya,train,7431933c188423b3f7b79f13db4bf2cb10198c5a39b595005fb7d52d27704c5b,350.0,351.0,RGBA,ya_30.png,.png
/home/manvith/Desktop/Projects/Tulu Dataset/Tulu-Dtatset-V2/ya/ya_91.png,Tulu-Dtatset-V2,ya,train,a20da53bf5912a577e0299636c7b22eda77f4383e91dfc6424b87723936afdbd,367.0,356.0,RGBA,ya_91.png,.png
/home/manvith/Desktop/Projects/Tulu Dataset/Tulu-Dtatset-V2/ya/ya_7.png,Tulu-Dtatset-V2,ya,train,caa69417a7c23e3f4e2803d9ecbca3da9c3c0a43414fdf53b7e18ba1cd836107,360.0,356.0,RGBA,ya_7.png,.png
/home/manvith/Desktop/Projects/Tulu Dataset/Tulu-Dtatset-V2/ya/ya_65.png,Tulu-Dtatset-V2,ya,train,810eed48c78be41eac26e284dc202945d2864eabc6efd75a8a68009b67576047,367.0,356.0,RGBA,ya_65.png,.png
/home/manvith/Desktop/Projects/Tulu Dataset/Tulu-Dtatset-V2/ya/ya_55.png,Tulu-Dtatset-V2,ya,train,46e1b92e06bac09b0fdab79bee9300d997df418c9411eaf604c1e7786cf72a16,370.0,357.0,RGBA,ya_55.png,.png
/home/manvith/Desktop/Projects/Tulu Dataset/Tulu-Dtatset-V2/ya/ya_87.png,Tulu-Dtatset-V2,ya,train,41ab3fa088894aa1a063473eb00512cd7d59682b19d0d86fef2d37f6aeb365b3,367.0,356.0,RGBA,ya_87.png,.png
/home/manvith/Desktop/Projects/Tulu Dataset/Tulu-Dtatset-V2/ya/ya_48.png,Tulu-Dtatset-V2,ya,train,b69ed1bfa149638cc309390dab783dc91128e645bc79f3f09ed2c6b40aac387d,370.0,357.0,RGBA,ya_48.png,.png
/home/manvith/Desktop/Projects/Tulu Dataset/Tulu-Dtatset-V2/ya/ya_19.png,Tulu-Dtatset-V2,ya,train,38560569f88af75a4c09ea75f5c025fd565255107e29f350667460fe538ff2b5,350.0,351.0,RGBA,ya_19.png,.png
/home/manvith/Desktop/Projects/Tulu Dataset/Tulu-Dtatset-V2/ya/ya_67.png,Tulu-Dtatset-V2,ya,train,df6499fc087f8b070904808133032ae227d00e4bf5a6bf1209ce33278262ce27,367.0,356.0,RGBA,ya_67.png,.png
/home/manvith/Desktop/Projects/Tulu Dataset/Tulu-Dtatset-V2/ya/ya_92.png,Tulu-Dtatset-V2,ya,train,f0380313683822bc8af1a3e09d6f4de61621655a2f6f93952f03e0ebb1b65a20,367.0,356.0,RGBA,ya_92.png,.png
/home/manvith/Desktop/Projects/Tulu Dataset/Tulu-Dtatset-V2/ya/ya_85.png,Tulu-Dtatset-V2,ya,train,639acfe23848980517e407301fbb1907c469b5da0d374ec6aaea911a92be8943,367.0,356.0,RGBA,ya_85.png,.png
/home/manvith/Desktop/Projects/Tulu Dataset/Tulu-Dtatset-V2/ya/ya_50.png,Tulu-Dtatset-V2,ya,train,a4db78bf3edb3c4018a3798c8c5c40a7c88644dac56c97cc2c3d8ba82452b23e,370.0,357.0,RGBA,ya_50.png,.png
/home/manvith/Desktop/Projects/Tulu Dataset/Tulu-Dtatset-V2/ya/ya_74.png,Tulu-Dtatset-V2,ya,train,5ab1d5548a4b8beab0c7bf390a87078897fe1816bc7e6bfed6dd6f647bb8f5b9,367.0,356.0,RGBA,ya_74.png,.png
/home/manvith/Desktop/Projects/Tulu Dataset/Tulu-Dtatset-V2/ya/ya_2.png,Tulu-Dtatset-V2,ya,train,8c97416d4c6589cebfc5a16a1fa34d6271cbb267f768b2cf35c1da6154e02dd5,364.0,338.0,RGBA,ya_2.png,.png
/home/manvith/Desktop/Projects/Tulu Dataset/Tulu-Dtatset-V2/ya/ya_43.png,Tulu-Dtatset-V2,ya,train,be60e7720ede4d9879f91c04ba77d175cef3faafae94c72f5131ea3e0b978887,370.0,357.0,RGBA,ya_43.png,.png
/home/manvith/Desktop/Projects/Tulu Dataset/Tulu-Dtatset-V2/ya/ya_66.png,Tulu-Dtatset-V2,ya,train,1610b5cdac03756502a332c406a152e0d446444e959f5b6afd1e260e9c4cf493,367.0,356.0,RGBA,ya_66.png,.png
/home/manvith/Desktop/Projects/Tulu Dataset/Tulu-Dtatset-V2/ya/ya_98.png,Tulu-Dtatset-V2,ya,train,9ea069b32dab2fed3d09b994d3ad53dcf7a7cde4a90436a0a3343ff27b7cc24e,367.0,356.0,RGBA,ya_98.png,.png
/home/manvith/Desktop/Projects/Tulu Dataset/Tulu-Dtatset-V2/ya/ya_9.png,Tulu-Dtatset-V2,ya,train,835750f42eb1dd8832b097cb8ff865765a20880dbaf912ea54cff63cbfc21992,357.0,350.0,RGBA,ya_9.png,.png
/home/manvith/Desktop/Projects/Tulu Dataset/Tulu-Dtatset-V2/ya/ya_75.png,Tulu-Dtatset-V2,ya,train,6ebc303c557a6264c3f13ee21bb8e457378fb88db8cee492ced404e1699fd81f,367.0,356.0,RGBA,ya_75.png,.png
/home/manvith/Desktop/Projects/Tulu Dataset/Tulu-Dtatset-V2/ya/ya_51.png,Tulu-Dtatset-V2,ya,train,0a76d773d961313fead270ca34aad14bf0bf048b60a2c495f3a74f1e0f1d7798,370.0,357.0,RGBA,ya_51.png,.png
/home/manvith/Desktop/Projects/Tulu Dataset/Tulu-Dtatset-V2/ya/ya_81.png,Tulu-Dtatset-V2,ya,train,fc7c19089363c51a77870b60e99338214ebe5b84b82ec49486a3a107b8d68e57,367.0,356.0,RGBA,ya_81.png,.png
/home/manvith/Desktop/Projects/Tulu Dataset/Tulu-Dtatset-V2/ya/ya_6.png,Tulu-Dtatset-V2,ya,train,65923bdb350e65d3df9c1807a076bb478294b3597a16297d5259bdda8f0565db,356.0,346.0,RGBA,ya_6.png,.png
/home/manvith/Desktop/Projects/Tulu Dataset/Tulu-Dtatset-V2/ya/ya_99.png,Tulu-Dtatset-V2,ya,train,95ba3da6b502b655dc7ac13a219b691fcece01d43349730757da78c3ea172af4,367.0,356.0,RGBA,ya_99.png,.png
/home/manvith/Desktop/Projects/Tulu Dataset/Tulu-Dtatset-V2/ya/ya_93.png,Tulu-Dtatset-V2,ya,train,35a753b0ef5b1d175c8226d742c730ce73ed0e0763b2e29352732a5c2d1bf91a,367.0,356.0,RGBA,ya_93.png,.png
/home/manvith/Desktop/Projects/Tulu Dataset/Tulu-Dtatset-V2/ya/ya_10.png,Tulu-Dtatset-V2,ya,train,af75002a0293941a911b4ca41ae79325d7c6bc6c62ecda5a2394d4cd729e6809,353.0,352.0,RGBA,ya_10.png,.png
/home/manvith/Desktop/Projects/Tulu Dataset/Tulu-Dtatset-V2/ya/ya_76.png,Tulu-Dtatset-V2,ya,train,bd35a411bfd44b94883001af4ef8a1e7838a32ca2c4ac3e1c3fb406300ccf8b8,367.0,356.0,RGBA,ya_76.png,.png
/home/manvith/Desktop/Projects/Tulu Dataset/Tulu-Dtatset-V2/ya/ya_45.png,Tulu-Dtatset-V2,ya,train,c37076458954561b3b1cafc076ec191194af0298baf0b9a96f8170007b8edc2a,370.0,357.0,RGBA,ya_45.png,.png
/home/manvith/Desktop/Projects/Tulu Dataset/Tulu-Dtatset-V2/ya/ya_57.png,Tulu-Dtatset-V2,ya,train,66d21ddb3ded9fcdbe9800f1e47e372fb3be3883cf0ba5cf7d66ade2ddc915ef,370.0,357.0,RGBA,ya_57.png,.png
/home/manvith/Desktop/Projects/Tulu Dataset/Tulu-Dtatset-V2/ya/ya_83.png,Tulu-Dtatset-V2,ya,train,cc2fe1b13fdce799f5c177b4f05b2b75904e3dfd1d344af99e6368cfe64b1fc5,367.0,356.0,RGBA,ya_83.png,.png
/home/manvith/Desktop/Projects/Tulu Dataset/Tulu-Dtatset-V2/ya/ya_52.png,Tulu-Dtatset-V2,ya,train,fdc6739bec3b737224ca912978471fcbca5b57f0390ff60b78cf192c1338a8a6,370.0,357.0,RGBA,ya_52.png,.png
/home/manvith/Desktop/Projects/Tulu Dataset/Tulu-Dtatset-V2/ya/ya_14.png,Tulu-Dtatset-V2,ya,train,6473dbf854215ad25ad2265b144e0f272bc3a49a7187a576739da02d54e44557,368.0,350.0,RGBA,ya_14.png,.png
/home/manvith/Desktop/Projects/Tulu Dataset/Tulu-Dtatset-V2/ya/ya_95.png,Tulu-Dtatset-V2,ya,train,639e77b0d359e42a8f21f96f143f81fa81a34df2f72290c124f9732d6f94f591,367.0,356.0,RGBA,ya_95.png,.png
/home/manvith/Desktop/Projects/Tulu Dataset/Tulu-Dtatset-V2/ya/ya_68.png,Tulu-Dtatset-V2,ya,train,b63de76bf614f4768344fe60d3993cb8115c73ab1cd92f05322d224ebfdc6e65,367.0,356.0,RGBA,ya_68.png,.png
/home/manvith/Desktop/Projects/Tulu Dataset/Tulu-Dtatset-V2/ya/ya_36.png,Tulu-Dtatset-V2,ya,train,2838768b56477f41c2e9b66f7cdd139ef4016b8af8ff3b4f4042591a9490fb1d,370.0,357.0,RGBA,ya_36.png,.png
/home/manvith/Desktop/Projects/Tulu Dataset/Tulu-Dtatset-V2/ya/ya_53.png,Tulu-Dtatset-V2,ya,train,ea6319f607cf2b35394ba028e5023c8375e893d06e90011e86b4fff43f510811,370.0,357.0,RGBA,ya_53.png,.png
/home/manvith/Desktop/Projects/Tulu Dataset/Tulu-Dtatset-V2/ya/ya_82.png,Tulu-Dtatset-V2,ya,train,d5a860ff5cca3ff63aec538de32486aad1e0ebcd37f8d37799b28e00d8b3f64d,367.0,356.0,RGBA,ya_82.png,.png
/home/manvith/Desktop/Projects/Tulu Dataset/Tulu-Dtatset-V2/a/a_7.png,Tulu-Dtatset-V2,a,validation,acc3f910360431fa5e53c4051de4e0dee84076d1ba1475d5f0632206531a0d30,353.0,341.0,RGBA,a_7.png,.png
/home/manvith/Desktop/Projects/Tulu Dataset/Tulu-Dtatset-V2/a/a_38.png,Tulu-Dtatset-V2,a,validation,ff7e01a4fdcb335af9db5cbca099feb3ee4e3046088cacd47ebeb43cc3d145fb,365.0,350.0,RGBA,a_38.png,.png
/home/manvith/Desktop/Projects/Tulu Dataset/Tulu-Dtatset-V2/a/a_36.png,Tulu-Dtatset-V2,a,validation,3991e0c9987322c38cae3f93ecf48033571b4a767798f086b23b4721a1fe3c7b,365.0,350.0,RGBA,a_36.png,.png
/home/manvith/Desktop/Projects/Tulu Dataset/Tulu-Dtatset-V2/a/a_91.png,Tulu-Dtatset-V2,a,validation,78ea0322b5e174640f90dde92967f656bca346f7b322920c6070c37122ef7a81,369.0,357.0,RGBA,a_91.png,.png
/home/manvith/Desktop/Projects/Tulu Dataset/Tulu-Dtatset-V2/a/a_98.png,Tulu-Dtatset-V2,a,validation,20db722af4a127333b5ff5fff6ee5b4d5c964ed4c61969aa7119d741579510a6,369.0,357.0,RGBA,a_98.png,.png
/home/manvith/Desktop/Projects/Tulu Dataset/Tulu-Dtatset-V2/a/a_13.png,Tulu-Dtatset-V2,a,validation,d43da8a346c8275b78ce0f927f471940d8910680a976137e787c1a33f6bb9e6f,348.0,349.0,RGBA,a_13.png,.png
/home/manvith/Desktop/Projects/Tulu Dataset/Tulu-Dtatset-V2/a/a_60.png,Tulu-Dtatset-V2,a,validation,9224f9242946ff4bd3af89f5b1d15c700331c6e63706ec78a5655ac5cc507f3e,361.0,346.0,RGBA,a_60.png,.png
/home/manvith/Desktop/Projects/Tulu Dataset/Tulu-Dtatset-V2/a/a_8.png,Tulu-Dtatset-V2,a,validation,ff509376cb47d1c91eec0353914f7fbd48ef30b80cd4464eb8a6b25e6c9c19bf,348.0,351.0,RGBA,a_8.png,.png
/home/manvith/Desktop/Projects/Tulu Dataset/Tulu-Dtatset-V2/a/a_2.png,Tulu-Dtatset-V2,a,validation,2f928d3b068657a6eb23f663b63c785d3aa38c6a12146e90dfd9e1aa21653e33,343.0,337.0,RGBA,a_2.png,.png
/home/manvith/Desktop/Projects/Tulu Dataset/Tulu-Dtatset-V2/a/a_74.png,Tulu-Dtatset-V2,a,validation,bbf1926843a67aad7cb2e4c5123e3a61ca897a26a2e7c19146ad4e7e07cf3823,359.0,343.0,RGBA,a_74.png,.png
/home/manvith/Desktop/Projects/Tulu Dataset/Tulu-Dtatset-V2/aa/aa_97.png,Tulu-Dtatset-V2,aa,validation,ac471ed447cb67648646e1cdee50dc110c26c126159974443d9383b0d833213a,355.0,344.0,RGBA,aa_97.png,.png
/home/manvith/Desktop/Projects/Tulu Dataset/Tulu-Dtatset-V2/aa/aa_58.png,Tulu-Dtatset-V2,aa,validation,4a2073db07c6869e0dac1fa9bf9f152cdd247b19498e6f26cf9b71b7c6c144dd,350.0,347.0,RGBA,aa_58.png,.png
/home/manvith/Desktop/Projects/Tulu Dataset/Tulu-Dtatset-V2/aa/aa_76.png,Tulu-Dtatset-V2,aa,validation,88b958f1e8e6019703eea094cef0796b3fe0ce90f54953d5c7a3fb867119116d,346.0,350.0,RGBA,aa_76.png,.png
/home/manvith/Desktop/Projects/Tulu Dataset/Tulu-Dtatset-V2/aa/aa_89.png,Tulu-Dtatset-V2,aa,validation,74f6aa226802c5d793c245230f068b81568f2005be36f1e445545faeaf191a8c,355.0,344.0,RGBA,aa_89.png,.png
/home/manvith/Desktop/Projects/Tulu Dataset/Tulu-Dtatset-V2/aa/aa_70.png,Tulu-Dtatset-V2,aa,validation,1453ea45b1989d22e7a6f65bdb246fd9d8960222f404e3f5657dfa6375ed9330,359.0,353.0,RGBA,aa_70.png,.png
/home/manvith/Desktop/Projects/Tulu Dataset/Tulu-Dtatset-V2/aa/aa_73.png,Tulu-Dtatset-V2,aa,validation,e68c579479e5cb627184df2250ee9e13d1ce17bbb79c49576d47fba9b8510228,346.0,350.0,RGBA,aa_73.png,.png
/home/manvith/Desktop/Projects/Tulu Dataset/Tulu-Dtatset-V2/aa/aa_37.png,Tulu-Dtatset-V2,aa,validation,d1e2b5d984ceac312347111eab29533fbccd0e4966b5467c53f1cd95206aa365,363.0,347.0,RGBA,aa_37.png,.png
/home/manvith/Desktop/Projects/Tulu Dataset/Tulu-Dtatset-V2/aa/aa_24.png,Tulu-Dtatset-V2,aa,validation,b971197dc3f9f0172ddb345ec2baeba7c0f4bbc65f2074d63f8e2d01eb970922,365.0,348.0,RGBA,aa_24.png,.png
/home/manvith/Desktop/Projects/Tulu Dataset/Tulu-Dtatset-V2/aa/aa_39.png,Tulu-Dtatset-V2,aa,validation,e642197bb19573820cf4760dbcb4770d1d4260540004f6670d2ab8dad317fcd5,363.0,347.0,RGBA,aa_39.png,.png
/home/manvith/Desktop/Projects/Tulu Dataset/Tulu-Dtatset-V2/aa/aa_25.png,Tulu-Dtatset-V2,aa,validation,a283a43dc043072aa75fc90ed3a563649e56a234fb9be46a85abcaf16d569a63,365.0,348.0,RGBA,aa_25.png,.png
/home/manvith/Desktop/Projects/Tulu Dataset/Tulu-Dtatset-V2/ae/ae_93.png,Tulu-Dtatset-V2,ae,validation,4de3b74a4a8c66d57874b26c83c92b61095f48471c62ce044eb1fc7349c5a6a2,364.0,349.0,RGBA,ae_93.png,.png
/home/manvith/Desktop/Projects/Tulu Dataset/Tulu-Dtatset-V2/ae/ae_89.png,Tulu-Dtatset-V2,ae,validation,80d22df1b7f7ae6b8612865e8bcaf6af4645245f7cb2d7957234871da963b9b4,361.0,348.0,RGBA,ae_89.png,.png
/home/manvith/Desktop/Projects/Tulu Dataset/Tulu-Dtatset-V2/ae/ae_15.png,Tulu-Dtatset-V2,ae,validation,2d21acad48d9a7bf005dcae9d3b2e72da87d78c5e5ed844aa69b8010ca152355,362.0,357.0,RGBA,ae_15.png,.png
/home/manvith/Desktop/Projects/Tulu Dataset/Tulu-Dtatset-V2/ae/ae_81.png,Tulu-Dtatset-V2,ae,validation,df3707930d61f761775214186e756bcb92230fe0dcaaf99118591e8a62b13eea,361.0,348.0,RGBA,ae_81.png,.png
/home/manvith/Desktop/Projects/Tulu Dataset/Tulu-Dtatset-V2/ae/ae_17.png,Tulu-Dtatset-V2,ae,validation,b477028f6c395761b1496472945f952dc91fa58c6705a2cc60d832994c3c45f7,362.0,357.0,RGBA,ae_17.png,.png
/home/manvith/Desktop/Projects/Tulu Dataset/Tulu-Dtatset-V2/ae/ae_1.png,Tulu-Dtatset-V2,ae,validation,07e8f8a6f97f87000a3cea792c13b40f3e2941a916f22cd1738251d72bf04711,364.0,349.0,RGBA,ae_1.png,.png
/home/manvith/Desktop/Projects/Tulu Dataset/Tulu-Dtatset-V2/ae/ae_94.png,Tulu-Dtatset-V2,ae,validation,1e323fded06539b622894e0bd81d8ecffb5a313898e448153662e63da504ba0f,364.0,349.0,RGBA,ae_94.png,.png
/home/manvith/Desktop/Projects/Tulu Dataset/Tulu-Dtatset-V2/ae/ae_90.png,Tulu-Dtatset-V2,ae,validation,56d2b209fdd72b07ab5bd9e6071208ab60d0015f761a8196cbc6807ef97f0a28,361.0,348.0,RGBA,ae_90.png,.png
/home/manvith/Desktop/Projects/Tulu Dataset/Tulu-Dtatset-V2/ae/ae_35.png,Tulu-Dtatset-V2,ae,validation,52b9332fab5f99f1eabae7fc98f229282a403d250a624bc68f1af88752d5f782,361.0,348.0,RGBA,ae_35.png,.png
/home/manvith/Desktop/Projects/Tulu Dataset/Tulu-Dtatset-V2/ae/ae_72.png,Tulu-Dtatset-V2,ae,validation,4955cb03336a2241958bbce810c031ccfca2a492cc7c829022d5c6abfd2877a9,361.0,355.0,RGBA,ae_72.png,.png
/home/manvith/Desktop/Projects/Tulu Dataset/Tulu-Dtatset-V2/aee/aee_74.png,Tulu-Dtatset-V2,aee,validation,7b23824fa3c9c5218d73e5cdfdc91a271f17322c973f3d65a81903196d6a43f9,356.0,346.0,RGBA,aee_74.png,.png
/home/manvith/Desktop/Projects/Tulu Dataset/Tulu-Dtatset-V2/aee/aee_22.png,Tulu-Dtatset-V2,aee,validation,3fb0f698635e47d3abaafe03f3ca4b4969526d07284340bc67f2b8f1d14115bc,361.0,344.0,RGBA,aee_22.png,.png
/home/manvith/Desktop/Projects/Tulu Dataset/Tulu-Dtatset-V2/aee/aee_55.png,Tulu-Dtatset-V2,aee,validation,761b1466902211d1e69a077273a90eb38d6fd2324b2861ae69d0dc7b530b9652,367.0,356.0,RGBA,aee_55.png,.png
/home/manvith/Desktop/Projects/Tulu Dataset/Tulu-Dtatset-V2/aee/aee_36.png,Tulu-Dtatset-V2,aee,validation,2d2d9874f490fc310e71e05abf313f5b22cb906b12c8f564fcf06506f27865ad,355.0,357.0,RGBA,aee_36.png,.png
/home/manvith/Desktop/Projects/Tulu Dataset/Tulu-Dtatset-V2/aee/aee_87.png,Tulu-Dtatset-V2,aee,validation,4580556fe7b4aed372800576b691fb1ffa07e8c665d951b26344bda4938452cd,354.0,345.0,RGBA,aee_87.png,.png
/home/manvith/Desktop/Projects/Tulu Dataset/Tulu-Dtatset-V2/aee/aee_78.png,Tulu-Dtatset-V2,aee,validation,e0377add790896ca7743e9dba19a64dd11e3012e8147ae203ba5de75955625b5,356.0,346.0,RGBA,aee_78.png,.png
/home/manvith/Desktop/Projects/Tulu Dataset/Tulu-Dtatset-V2/aee/aee_16.png,Tulu-Dtatset-V2,aee,validation,6095402026b9fca7fa393dfb3c773e8b9f12da89cb7217e3ece0851ccfcdf65f,361.0,344.0,RGBA,aee_16.png,.png
/home/manvith/Desktop/Projects/Tulu Dataset/Tulu-Dtatset-V2/aee/aee_3.png,Tulu-Dtatset-V2,aee,validation,d37e7683f13be519c8b3852287e1c58ddc22f3cf1603f3d2a0fdb0c856bdfcd9,360.0,345.0,RGBA,aee_3.png,.png
/home/manvith/Desktop/Projects/Tulu Dataset/Tulu-Dtatset-V2/aee/aee_18.png,Tulu-Dtatset-V2,aee,validation,df183891eddc85d4ac9bfa83c65f4cec8c6d6e69ca3052bffec67164a5d4c924,361.0,344.0,RGBA,aee_18.png,.png
/home/manvith/Desktop/Projects/Tulu Dataset/Tulu-Dtatset-V2/aee/aee_68.png,Tulu-Dtatset-V2,aee,validation,efb93b9aff8308c2dee3782323162fafe0db79ed1c9eb4f849b38420ab56c2ab,356.0,346.0,RGBA,aee_68.png,.png
/home/manvith/Desktop/Projects/Tulu Dataset/Tulu-Dtatset-V2/aha/aha_50.png,Tulu-Dtatset-V2,aha,validation,032bdb8d027e1a648f1a3e5b2547b91728a6f9c6213c3078a5f8ab3357893aab,358.0,357.0,RGBA,aha_50.png,.png
/home/manvith/Desktop/Projects/Tulu Dataset/Tulu-Dtatset-V2/aha/aha_44.png,Tulu-Dtatset-V2,aha,validation,a9be4e7888dc2489617fd7a39fb8521b4330f3bc6e89c78f2f5baeb0968bf128,358.0,357.0,RGBA,aha_44.png,.png
/home/manvith/Desktop/Projects/Tulu Dataset/Tulu-Dtatset-V2/aha/aha_13.png,Tulu-Dtatset-V2,aha,validation,b8fa82c198cd9fdee32c5be20e7b631837e254172f83b65cb9326c3c1565833b,358.0,357.0,RGBA,aha_13.png,.png
/home/manvith/Desktop/Projects/Tulu Dataset/Tulu-Dtatset-V2/aha/aha_23.png,Tulu-Dtatset-V2,aha,validation,9770ae67ac0932a5c7d0ef849cb0dab4fc469ed219574c8425ade0c127ae2d4c,358.0,357.0,RGBA,aha_23.png,.png
/home/manvith/Desktop/Projects/Tulu Dataset/Tulu-Dtatset-V2/aha/aha_59.png,Tulu-Dtatset-V2,aha,validation,33f48dcba9085df400d0ed1750891285749932bbcc95cb48ae718e77d4be27b5,361.0,357.0,RGBA,aha_59.png,.png
/home/manvith/Desktop/Projects/Tulu Dataset/Tulu-Dtatset-V2/aha/aha_25.png,Tulu-Dtatset-V2,aha,validation,3247fd31670b28994124cb462d0ccaf533d7d1d095291a910d1b698c04b1878a,358.0,357.0,RGBA,aha_25.png,.png
/home/manvith/Desktop/Projects/Tulu Dataset/Tulu-Dtatset-V2/aha/aha_99.png,Tulu-Dtatset-V2,aha,validation,4b6c47d475909043c14821496a2a6c258994a1165f6f352df468873276a7e0a4,370.0,357.0,RGBA,aha_99.png,.png
/home/manvith/Desktop/Projects/Tulu Dataset/Tulu-Dtatset-V2/aha/aha_76.png,Tulu-Dtatset-V2,aha,validation,ca0750405ed7542ffa432b31f18dffbdb5697b72f8359c063362be45c3a2c3b3,363.0,351.0,RGBA,aha_76.png,.png
/home/manvith/Desktop/Projects/Tulu Dataset/Tulu-Dtatset-V2/aha/aha_51.png,Tulu-Dtatset-V2,aha,validation,523df05c8687af1351976e704579f8bb6a6325b69149bd22c4c7b967b88d5cef,361.0,357.0,RGBA,aha_51.png,.png
/home/manvith/Desktop/Projects/Tulu Dataset/Tulu-Dtatset-V2/aha/aha_12.png,Tulu-Dtatset-V2,aha,validation,d054108f14d903d4e7f816fb53bc6accf8567860f5de52ab51e66c75c6efb75e,367.0,338.0,RGBA,aha_12.png,.png
/home/manvith/Desktop/Projects/Tulu Dataset/Tulu-Dtatset-V2/am/am_96.png,Tulu-Dtatset-V2,am,validation,5f56d7dd0181eb4a16d1d09d32098aee02a922c91fa605520201f95c42d34b24,369.0,357.0,RGBA,am_96.png,.png
/home/manvith/Desktop/Projects/Tulu Dataset/Tulu-Dtatset-V2/am/am_75.png,Tulu-Dtatset-V2,am,validation,8e0d82c84158826a2ea41bb3a193c04435e879cbb7f8444e261a28cbb162365c,369.0,357.0,RGBA,am_75.png,.png
/home/manvith/Desktop/Projects/Tulu Dataset/Tulu-Dtatset-V2/am/am_80.png,Tulu-Dtatset-V2,am,validation,b5c99f7aa9a23ccbb1370fe19f7c64215e9543cb7987eacdeacdd9167e8bb57d,369.0,357.0,RGBA,am_80.png,.png
/home/manvith/Desktop/Projects/Tulu Dataset/Tulu-Dtatset-V2/am/am_3.png,Tulu-Dtatset-V2,am,validation,ece1b59cad96e6601f1e3a451fd1be7d488e39be3e6e2bf7ee8634f318441c12,362.0,356.0,RGBA,am_3.png,.png
/home/manvith/Desktop/Projects/Tulu Dataset/Tulu-Dtatset-V2/am/am_53.png,Tulu-Dtatset-V2,am,validation,26d462737e2691fa1d6dd0a57b084cda3651fcf0a6af94772412dbe1611a9f8f,361.0,355.0,RGBA,am_53.png,.png
/home/manvith/Desktop/Projects/Tulu Dataset/Tulu-Dtatset-V2/am/am_58.png,Tulu-Dtatset-V2,am,validation,7d3cadb7bdb382b9a2101f0604a5a9e32d74595ec3b2637dcbab857cc99ae8ed,361.0,355.0,RGBA,am_58.png,.png
/home/manvith/Desktop/Projects/Tulu Dataset/Tulu-Dtatset-V2/am/am_31.png,Tulu-Dtatset-V2,am,validation,3f16f4af55aa25b44df0d813b49b90a710689bac9d546e63b7428493ce2709a6,361.0,355.0,RGBA,am_31.png,.png
/home/manvith/Desktop/Projects/Tulu Dataset/Tulu-Dtatset-V2/am/am_24.png,Tulu-Dtatset-V2,am,validation,1802357e2986d13e366201b31977bd80cb7b7e52e891290b62b819531dca23b8,367.0,336.0,RGBA,am_24.png,.png
/home/manvith/Desktop/Projects/Tulu Dataset/Tulu-Dtatset-V2/am/am_73.png,Tulu-Dtatset-V2,am,validation,8e8fffd76feffe0cfd794dd03a23a83c7bfcba6b9699c85291e6adeb28100a62,369.0,357.0,RGBA,am_73.png,.png
/home/manvith/Desktop/Projects/Tulu Dataset/Tulu-Dtatset-V2/am/am_43.png,Tulu-Dtatset-V2,am,validation,0d016e55fae2b9b8d461639e54a5a8a1bf46144f5eb2805f78740444aab8dcb2,361.0,355.0,RGBA,am_43.png,.png
/home/manvith/Desktop/Projects/Tulu Dataset/Tulu-Dtatset-V2/ba/ba_53.png,Tulu-Dtatset-V2,ba,validation,d62ca1ae791bcc012923b62bbc05a216b44a1eff03c9c2db3da29fcc91a4db4f,363.0,352.0,RGBA,ba_53.png,.png
/home/manvith/Desktop/Projects/Tulu Dataset/Tulu-Dtatset-V2/ba/ba_35.png,Tulu-Dtatset-V2,ba,validation,b52b47fff013ad13cafc688a481475f32a17ed2168af3b239030064bc409faf2,361.0,352.0,RGBA,ba_35.png,.png
/home/manvith/Desktop/Projects/Tulu Dataset/Tulu-Dtatset-V2/ba/ba_26.png,Tulu-Dtatset-V2,ba,validation,5db18df2962b6881a9705e7023e1c7d432e0871bc501ddd277cff03b30e85920,361.0,352.0,RGBA,ba_26.png,.png
/home/manvith/Desktop/Projects/Tulu Dataset/Tulu-Dtatset-V2/ba/ba_24.png,Tulu-Dtatset-V2,ba,validation,7fa6a89bd2b97a43ac056163c0eb394985669d764b287f58c58627650e8848ba,364.0,346.0,RGBA,ba_24.png,.png
/home/manvith/Desktop/Projects/Tulu Dataset/Tulu-Dtatset-V2/ba/ba_18.png,Tulu-Dtatset-V2,ba,validation,86bcb36decbf6a4098dbcde3fbaec45b517d7cd6f96d4d1cb096e657d9a38108,364.0,346.0,RGBA,ba_18.png,.png
/home/manvith/Desktop/Projects/Tulu Dataset/Tulu-Dtatset-V2/ba/ba_71.png,Tulu-Dtatset-V2,ba,validation,e24c2eed9b71a1195f66a40549b3d418f56a0c774c53bf8f9cb1beaa2535c22e,360.0,341.0,RGBA,ba_71.png,.png
/home/manvith/Desktop/Projects/Tulu Dataset/Tulu-Dtatset-V2/ba/ba_45.png,Tulu-Dtatset-V2,ba,validation,50fd3b4a01d4c6df1f5107efdf5eb83fb81cf827c12c7a75b0bde758b729f019,363.0,352.0,RGBA,ba_45.png,.png
/home/manvith/Desktop/Projects/Tulu Dataset/Tulu-Dtatset-V2/ba/ba_47.png,Tulu-Dtatset-V2,ba,validation,2bd0bc85d7962189456a3622e9cd0a3675f3e512f96439c3d554eb0a1900e919,363.0,352.0,RGBA,ba_47.png,.png
/home/manvith/Desktop/Projects/Tulu Dataset/Tulu-Dtatset-V2/ba/ba_4.png,Tulu-Dtatset-V2,ba,validation,bfd12e07a21733ec18c4226e43d46a40647e59a69170696730f4987aadddff7a,361.0,355.0,RGBA,ba_4.png,.png
/home/manvith/Desktop/Projects/Tulu Dataset/Tulu-Dtatset-V2/ba/ba_94.png,Tulu-Dtatset-V2,ba,validation,ee57549955c8ab2fc5849cb9739af8e9bb57b0f972764f9d55342b07f71577de,365.0,347.0,RGBA,ba_94.png,.png
/home/manvith/Desktop/Projects/Tulu Dataset/Tulu-Dtatset-V2/bha/bha_21.png,Tulu-Dtatset-V2,bha,validation,072b9693f05c05b1f6926365921bb6275e12c16db31472812829f8ff8a66d68c,356.0,351.0,RGBA,bha_21.png,.png
/home/manvith/Desktop/Projects/Tulu Dataset/Tulu-Dtatset-V2/bha/bha_45.png,Tulu-Dtatset-V2,bha,validation,a756b3d7a1557d83b126f25e8c18275ca010fc0cba3975987990a9a4036f07ec,358.0,350.0,RGBA,bha_45.png,.png
/home/manvith/Desktop/Projects/Tulu Dataset/Tulu-Dtatset-V2/bha/bha_28.png,Tulu-Dtatset-V2,bha,validation,efe44d2a0037a9f65917bb7eab08d12efd0e0286153915e6af8ec80974d12fb9,356.0,351.0,RGBA,bha_28.png,.png
/home/manvith/Desktop/Projects/Tulu Dataset/Tulu-Dtatset-V2/bha/bha_92.png,Tulu-Dtatset-V2,bha,validation,7d3eb9927cdd5eefa1ba9edbbae8d6915683d964bf970b311c3ac8978f7c50ef,344.0,348.0,RGBA,bha_92.png,.png
/home/manvith/Desktop/Projects/Tulu Dataset/Tulu-Dtatset-V2/bha/bha_86.png,Tulu-Dtatset-V2,bha,validation,09d56d7eb7524f4b4956907099bb400953330a62c5ee6851163e449d14025193,344.0,348.0,RGBA,bha_86.png,.png
/home/manvith/Desktop/Projects/Tulu Dataset/Tulu-Dtatset-V2/bha/bha_8.png,Tulu-Dtatset-V2,bha,validation,9b31f4655a96fde7706da1c6b968d733b39a9aa59565898c219058e5bf2096e6,354.0,353.0,RGBA,bha_8.png,.png
/home/manvith/Desktop/Projects/Tulu Dataset/Tulu-Dtatset-V2/bha/bha_29.png,Tulu-Dtatset-V2,bha,validation,19d63f9b01aa1a6d8fc0a50847b6f6ab9baa97a0bb544c903bdaa437a968fb3d,356.0,351.0,RGBA,bha_29.png,.png
/home/manvith/Desktop/Projects/Tulu Dataset/Tulu-Dtatset-V2/bha/bha_52.png,Tulu-Dtatset-V2,bha,validation,4f04245e9a20570eb888be77e0ed6486dee59fb4dce174b792ec849c9b6ac348,354.0,353.0,RGBA,bha_52.png,.png
/home/manvith/Desktop/Projects/Tulu Dataset/Tulu-Dtatset-V2/bha/bha_39.png,Tulu-Dtatset-V2,bha,validation,9aca430fcd09db4b30f95109b004acd182387d391a3fb84a096fcfd321a5760b,358.0,350.0,RGBA,bha_39.png,.png
/home/manvith/Desktop/Projects/Tulu Dataset/Tulu-Dtatset-V2/bha/bha_63.png,Tulu-Dtatset-V2,bha,validation,13afacf06cf75dd4a20a7a9bab63ce632f96a8ba443c06f0000c437a0c7f9c5d,354.0,353.0,RGBA,bha_63.png,.png
/home/manvith/Desktop/Projects/Tulu Dataset/Tulu-Dtatset-V2/cha/cha_7.png,Tulu-Dtatset-V2,cha,validation,d13a37e1830a8471bd9953f0c0ab2f8b0c7927d386f3293eeaa79fa9938cb490,365.0,348.0,RGBA,cha_7.png,.png
/home/manvith/Desktop/Projects/Tulu Dataset/Tulu-Dtatset-V2/cha/cha_72.png,Tulu-Dtatset-V2,cha,validation,0669ebdf9b49a3b42f35fe8adff683f7704be88bf3e2972da80e683d3acea806,365.0,348.0,RGBA,cha_72.png,.png
/home/manvith/Desktop/Projects/Tulu Dataset/Tulu-Dtatset-V2/cha/cha_98.png,Tulu-Dtatset-V2,cha,validation,a02f3c20a84fbe4dc80081a6222a8dd86687b02a57794413ff0c0900890bbbe8,361.0,343.0,RGBA,cha_98.png,.png
/home/manvith/Desktop/Projects/Tulu Dataset/Tulu-Dtatset-V2/cha/cha_51.png,Tulu-Dtatset-V2,cha,validation,45728552af5204374ffba3e28aecedf265a5d84a8c692868112c6915d56a3461,361.0,342.0,RGBA,cha_51.png,.png
/home/manvith/Desktop/Projects/Tulu Dataset/Tulu-Dtatset-V2/cha/cha_76.png,Tulu-Dtatset-V2,cha,validation,ae6ebd0d958f977c9028535097c5f0c819556cb4db6d621a1d5ee4b5857b40f0,365.0,348.0,RGBA,cha_76.png,.png
/home/manvith/Desktop/Projects/Tulu Dataset/Tulu-Dtatset-V2/cha/cha_85.png,Tulu-Dtatset-V2,cha,validation,3b5dfd35d1b2d2f3c2029e8462c3af78e716c402439e679e1b8c3dc02e7f9830,365.0,348.0,RGBA,cha_85.png,.png
/home/manvith/Desktop/Projects/Tulu Dataset/Tulu-Dtatset-V2/cha/cha_44.png,Tulu-Dtatset-V2,cha,validation,2b813eab97616d52d407b2197367b7ce05548d7247aa41b6f622172e9fee1ccd,361.0,342.0,RGBA,cha_44.png,.png
/home/manvith/Desktop/Projects/Tulu Dataset/Tulu-Dtatset-V2/cha/cha_37.png,Tulu-Dtatset-V2,cha,validation,740b0c02c368b328557c31d198336d52cf09b6265eaa787fe47671fa0f7a6dfc,364.0,343.0,RGBA,cha_37.png,.png
/home/manvith/Desktop/Projects/Tulu Dataset/Tulu-Dtatset-V2/cha/cha_99.png,Tulu-Dtatset-V2,cha,validation,9bcf3c189bc222d9375476e8c523b669d4b46e88419b20dce6e46522a8fe4aa3,361.0,343.0,RGBA,cha_99.png,.png
/home/manvith/Desktop/Projects/Tulu Dataset/Tulu-Dtatset-V2/cha/cha_55.png,Tulu-Dtatset-V2,cha,validation,ea18f22286e96c333bea22150e1a5885e5a9cf7d303f1b1ca4fece055dd2d9fc,361.0,342.0,RGBA,cha_55.png,.png
/home/manvith/Desktop/Projects/Tulu Dataset/Tulu-Dtatset-V2/chha/chha_63.png,Tulu-Dtatset-V2,chha,validation,c250cc46bbdadc89247036509be6d237c579c9dfb0466a797d44fd4f72effd05,359.0,343.0,RGBA,chha_63.png,.png
/home/manvith/Desktop/Projects/Tulu Dataset/Tulu-Dtatset-V2/chha/chha_78.png,Tulu-Dtatset-V2,chha,validation,bdd96de8550dd5daaede2178af18f7f5293d7b593b1c3ea6fd447fb215c2a0cb,351.0,346.0,RGBA,chha_78.png,.png
/home/manvith/Desktop/Projects/Tulu Dataset/Tulu-Dtatset-V2/chha/chha_60.png,Tulu-Dtatset-V2,chha,validation,26101e5c2a467b1db90d20d9341d7e96e12a0c4b88565e4bfa13786ddc623a9c,359.0,343.0,RGBA,chha_60.png,.png
/home/manvith/Desktop/Projects/Tulu Dataset/Tulu-Dtatset-V2/chha/chha_56.png,Tulu-Dtatset-V2,chha,validation,2b6d98062c7441da869673562eaa6cbab04b47be230569767fd0db985e482d35,359.0,343.0,RGBA,chha_56.png,.png
/home/manvith/Desktop/Projects/Tulu Dataset/Tulu-Dtatset-V2/chha/chha_1.png,Tulu-Dtatset-V2,chha,validation,241a0925a51449724d6df3724b24e4df876c78d75675ba752d3d038b703c665f,366.0,343.0,RGBA,chha_1.png,.png
/home/manvith/Desktop/Projects/Tulu Dataset/Tulu-Dtatset-V2/chha/chha_90.png,Tulu-Dtatset-V2,chha,validation,cf1298476437f4763bc1bc088c28df998bf3d1e7bf7b81c2fcef318a9b86d820,351.0,346.0,RGBA,chha_90.png,.png
/home/manvith/Desktop/Projects/Tulu Dataset/Tulu-Dtatset-V2/chha/chha_17.png,Tulu-Dtatset-V2,chha,validation,4787c23ec26979acffa55f515d8c149239f1139d15100277b54ee5648727c388,366.0,343.0,RGBA,chha_17.png,.png
/home/manvith/Desktop/Projects/Tulu Dataset/Tulu-Dtatset-V2/chha/chha_72.png,Tulu-Dtatset-V2,chha,validation,8459e34b50755b925dd18ec206b1a9d34293253d33f7ff765d295b2dead6f78d,351.0,346.0,RGBA,chha_72.png,.png
/home/manvith/Desktop/Projects/Tulu Dataset/Tulu-Dtatset-V2/chha/chha_29.png,Tulu-Dtatset-V2,chha,validation,a82a9787950aeebac6399d85f240667ffd4d08c14a65bfde20caf79d253f79dc,366.0,343.0,RGBA,chha_29.png,.png
/home/manvith/Desktop/Projects/Tulu Dataset/Tulu-Dtatset-V2/chha/chha_36.png,Tulu-Dtatset-V2,chha,validation,b4f507400f4674b98f0dbaa113aeb62beded5187f997feab1ea76617f21c81a7,360.0,340.0,RGBA,chha_36.png,.png
/home/manvith/Desktop/Projects/Tulu Dataset/Tulu-Dtatset-V2/da/da_51.png,Tulu-Dtatset-V2,da,validation,d719b2098a48ee7f2e5ac11eed10c9f2f2b1c234cd91d0e28970736568f48140,357.0,348.0,RGBA,da_51.png,.png
/home/manvith/Desktop/Projects/Tulu Dataset/Tulu-Dtatset-V2/da/da_7.png,Tulu-Dtatset-V2,da,validation,06b607f53de3fd26d6809a77f885b1fdcb5c0438008db1afc23071956b68dfde,370.0,356.0,RGBA,da_7.png,.png
/home/manvith/Desktop/Projects/Tulu Dataset/Tulu-Dtatset-V2/da/da_31.png,Tulu-Dtatset-V2,da,validation,acd5ca6c07947d3c81f24d0e50a4c551218ac28b1ea2088c0830df4d8ed32ed6,358.0,342.0,RGBA,da_31.png,.png
/home/manvith/Desktop/Projects/Tulu Dataset/Tulu-Dtatset-V2/da/da_15.png,Tulu-Dtatset-V2,da,validation,2501e251eb00ae016ef9f150e884524e3799690536534b3ae94bbe039b6a050c,364.0,349.0,RGBA,da_15.png,.png
/home/manvith/Desktop/Projects/Tulu Dataset/Tulu-Dtatset-V2/da/da_57.png,Tulu-Dtatset-V2,da,validation,023042e49f67464009328bbf88ffb2d52919d288cbde1d9e4c21da79acffa0e8,357.0,348.0,RGBA,da_57.png,.png
/home/manvith/Desktop/Projects/Tulu Dataset/Tulu-Dtatset-V2/da/da_63.png,Tulu-Dtatset-V2,da,validation,1b061f73234e3e3e5980f0f06d18d67b9d4a5c9a53275cc8e943b0c3b22b4f0f,357.0,348.0,RGBA,da_63.png,.png
/home/manvith/Desktop/Projects/Tulu Dataset/Tulu-Dtatset-V2/da/da_72.png,Tulu-Dtatset-V2,da,validation,7142364fb026c29d7f05e53c4a674798e9e51e9e57781b8c5676a8a54852f026,362.0,347.0,RGBA,da_72.png,.png
/home/manvith/Desktop/Projects/Tulu Dataset/Tulu-Dtatset-V2/da/da_86.png,Tulu-Dtatset-V2,da,validation,69c6206347675cb0394ffe86c9d7c1cc08675c7a7e9473adc7e11cc2d4222e8e,362.0,347.0,RGBA,da_86.png,.png
/home/manvith/Desktop/Projects/Tulu Dataset/Tulu-Dtatset-V2/da/da_1.png,Tulu-Dtatset-V2,da,validation,e7d2a9aa79ded52d01fa19f2fabf21709c0ab81488c9a202d169e347115ba207,363.0,347.0,RGBA,da_1.png,.png
/home/manvith/Desktop/Projects/Tulu Dataset/Tulu-Dtatset-V2/da/da_69.png,Tulu-Dtatset-V2,da,validation,220239734bb4714ad4bc5a6bcb2dfc7dd277ca5fed007e01e6d4c57eeec67a29,357.0,348.0,RGBA,da_69.png,.png
/home/manvith/Desktop/Projects/Tulu Dataset/Tulu-Dtatset-V2/dda/dda_7.png,Tulu-Dtatset-V2,dda,validation,084342d59debb8ce28bbf8378a8c55531146cb865b5cbdaff2e61fb30b2d62ee,366.0,348.0,RGBA,dda_7.png,.png
/home/manvith/Desktop/Projects/Tulu Dataset/Tulu-Dtatset-V2/dda/dda_91.png,Tulu-Dtatset-V2,dda,validation,30edab60a30992c65b8259b746ab331af19e55035e497e2493324406cf2e86d2,354.0,348.0,RGBA,dda_91.png,.png
/home/manvith/Desktop/Projects/Tulu Dataset/Tulu-Dtatset-V2/dda/dda_6.png,Tulu-Dtatset-V2,dda,validation,fed77f5bb0a72031733dd3ac58b77a4a8d99f8a4965a4d79f15149fea21cda5a,362.0,345.0,RGBA,dda_6.png,.png
/home/manvith/Desktop/Projects/Tulu Dataset/Tulu-Dtatset-V2/dda/dda_2.png,Tulu-Dtatset-V2,dda,validation,9c26d9395916dfaecb834cb65384153855a6f2a70d2acdc3c524f4dfcab47edb,360.0,347.0,RGBA,dda_2.png,.png
/home/manvith/Desktop/Projects/Tulu Dataset/Tulu-Dtatset-V2/dda/dda_47.png,Tulu-Dtatset-V2,dda,validation,549615c9a91ababf1f018ae5125d5d5bffc8bb681f884548ba66248c062404b0,360.0,346.0,RGBA,dda_47.png,.png
/home/manvith/Desktop/Projects/Tulu Dataset/Tulu-Dtatset-V2/dda/dda_77.png,Tulu-Dtatset-V2,dda,validation,f5247e18a64dac2c29c5b147eb896de4080918cfee9b79e4c5921a94e95f6f97,354.0,348.0,RGBA,dda_77.png,.png
/home/manvith/Desktop/Projects/Tulu Dataset/Tulu-Dtatset-V2/dda/dda_67.png,Tulu-Dtatset-V2,dda,validation,70dfac872cb92fa1c2b3347e4c14e287931562365079c0aa356e1b4b93663239,359.0,348.0,RGBA,dda_67.png,.png
/home/manvith/Desktop/Projects/Tulu Dataset/Tulu-Dtatset-V2/dda/dda_23.png,Tulu-Dtatset-V2,dda,validation,60ea9f704f8c80093b9ae0adb6fb46a501891f2048617ac31f05ac4d2f26620b,360.0,346.0,RGBA,dda_23.png,.png
/home/manvith/Desktop/Projects/Tulu Dataset/Tulu-Dtatset-V2/dda/dda_12.png,Tulu-Dtatset-V2,dda,validation,7cb8094e0cbbe9d5a3812aff4740d6f403f8bb97d9f8f2f7877d2253400eefd8,368.0,337.0,RGBA,dda_12.png,.png
/home/manvith/Desktop/Projects/Tulu Dataset/Tulu-Dtatset-V2/dda/dda_66.png,Tulu-Dtatset-V2,dda,validation,38867c007d5704f536968ed6c554ae25dfc1ceb1bc0cd664fc6945766dc5a64b,359.0,348.0,RGBA,dda_66.png,.png
/home/manvith/Desktop/Projects/Tulu Dataset/Tulu-Dtatset-V2/dha/dha_74.png,Tulu-Dtatset-V2,dha,validation,2980abf517047ce19586e60ae32a2a83019324a3990d176f7f2217f76fd0572b,363.0,345.0,RGBA,dha_74.png,.png
/home/manvith/Desktop/Projects/Tulu Dataset/Tulu-Dtatset-V2/dha/dha_10.png,Tulu-Dtatset-V2,dha,validation,13c0c5437386d04205a62dce9e33b2faecd4cf1906db1f76a3a52acd1f7bb323,361.0,351.0,RGBA,dha_10.png,.png
/home/manvith/Desktop/Projects/Tulu Dataset/Tulu-Dtatset-V2/dha/dha_40.png,Tulu-Dtatset-V2,dha,validation,3747dc3ad7c83b1d5b4df7e1c19cafea762a3b335e109a2a18b37463be0a97b0,367.0,344.0,RGBA,dha_40.png,.png
/home/manvith/Desktop/Projects/Tulu Dataset/Tulu-Dtatset-V2/dha/dha_54.png,Tulu-Dtatset-V2,dha,validation,3930a3cff62253cfbd3d633b99422a67391e4f67a0c7b0d6f316c5efccc597e7,362.0,348.0,RGBA,dha_54.png,.png
/home/manvith/Desktop/Projects/Tulu Dataset/Tulu-Dtatset-V2/dha/dha_100.png,Tulu-Dtatset-V2,dha,validation,984f9bdbdc77344c2fa7e8dfda95ac2218d418f164e1c0ebec91fbe029f28463,363.0,345.0,RGBA,dha_100.png,.png
/home/manvith/Desktop/Projects/Tulu Dataset/Tulu-Dtatset-V2/dha/dha_87.png,Tulu-Dtatset-V2,dha,validation,e5883948bebeeebfceb0f64317f25cfbccfb6712939786358f075f9c0dc8e88b,363.0,345.0,RGBA,dha_87.png,.png
/home/manvith/Desktop/Projects/Tulu Dataset/Tulu-Dtatset-V2/dha/dha_42.png,Tulu-Dtatset-V2,dha,validation,da4689a798644960ebba6095b43a5a5d60e8c0e5be5738ab30fedbc95e9df1c1,367.0,344.0,RGBA,dha_42.png,.png
/home/manvith/Desktop/Projects/Tulu Dataset/Tulu-Dtatset-V2/dha/dha_9.png,Tulu-Dtatset-V2,dha,validation,b6437091a679c9dc3ecfc8372c100b353aa14cbb21ffe80078536b4bece39e37,365.0,350.0,RGBA,dha_9.png,.png
/home/manvith/Desktop/Projects/Tulu Dataset/Tulu-Dtatset-V2/dha/dha_5.png,Tulu-Dtatset-V2,dha,validation,9a85ce01b6ea799e714323d0af369c0247ff27c61901692626b22107fe540162,361.0,349.0,RGBA,dha_5.png,.png
/home/manvith/Desktop/Projects/Tulu Dataset/Tulu-Dtatset-V2/dha/dha_75.png,Tulu-Dtatset-V2,dha,validation,8f89208d01bff0d830f9831a9fc15131879e83b1359f0717ff19af93a7a147c3,363.0,345.0,RGBA,dha_75.png,.png
/home/manvith/Desktop/Projects/Tulu Dataset/Tulu-Dtatset-V2/dhha/dhha_8.png,Tulu-Dtatset-V2,dhha,validation,d63167b0709141dbe6025a56a981f8e07b4b74dfcf6041c92b81ab5c4b63d713,356.0,346.0,RGBA,dhha_8.png,.png
/home/manvith/Desktop/Projects/Tulu Dataset/Tulu-Dtatset-V2/dhha/dhha_65.png,Tulu-Dtatset-V2,dhha,validation,f6003f89576c16b9d22f0fded07e6acd441606660c6e783d79cf72785afdec2a,363.0,345.0,RGBA,dhha_65.png,.png
/home/manvith/Desktop/Projects/Tulu Dataset/Tulu-Dtatset-V2/dhha/dhha_96.png,Tulu-Dtatset-V2,dhha,validation,a37b28acb26a0f85ef424644ca072e418cd500877fa7aba15d8ba96d70bc6127,362.0,349.0,RGBA,dhha_96.png,.png
/home/manvith/Desktop/Projects/Tulu Dataset/Tulu-Dtatset-V2/dhha/dhha_84.png,Tulu-Dtatset-V2,dhha,validation,a5e954aa59e63d0f3e5955509f19c0cbfd7d19c6bc9899b993f0e9986665683c,362.0,349.0,RGBA,dhha_84.png,.png
/home/manvith/Desktop/Projects/Tulu Dataset/Tulu-Dtatset-V2/dhha/dhha_88.png,Tulu-Dtatset-V2,dhha,validation,b64bbc4e587254907179ec1eb1d3984e2c72a43244b24ec794a2f74a88662c89,362.0,349.0,RGBA,dhha_88.png,.png
/home/manvith/Desktop/Projects/Tulu Dataset/Tulu-Dtatset-V2/dhha/dhha_26.png,Tulu-Dtatset-V2,dhha,validation,acf846534cbaf15a497586179f0607380c4289606d917393bf182eb5027f3a1b,366.0,346.0,RGBA,dhha_26.png,.png
/home/manvith/Desktop/Projects/Tulu Dataset/Tulu-Dtatset-V2/dhha/dhha_77.png,Tulu-Dtatset-V2,dhha,validation,04aefd0507b2287d393ecfbf14e9a88a79564aa024311442643ca47311f10d2f,362.0,349.0,RGBA,dhha_77.png,.png
/home/manvith/Desktop/Projects/Tulu Dataset/Tulu-Dtatset-V2/dhha/dhha_57.png,Tulu-Dtatset-V2,dhha,validation,f434d4360485d29f22f74c4e74b8d39f05056dc7ee491109f9cfe807e9d23c98,363.0,345.0,RGBA,dhha_57.png,.png
/home/manvith/Desktop/Projects/Tulu Dataset/Tulu-Dtatset-V2/dhha/dhha_71.png,Tulu-Dtatset-V2,dhha,validation,9588e10ab8d0827b72e3d1da6d862b367fb73b69c5f5d9c1123a2b6fa48dbae0,362.0,349.0,RGBA,dhha_71.png,.png
/home/manvith/Desktop/Projects/Tulu Dataset/Tulu-Dtatset-V2/dhha/dhha_86.png,Tulu-Dtatset-V2,dhha,validation,33ff2e3d221d57159075e13d8757cca59888120f94804dd3c1a08aaa68304ab7,362.0,349.0,RGBA,dhha_86.png,.png
/home/manvith/Desktop/Projects/Tulu Dataset/Tulu-Dtatset-V2/e/e_80.png,Tulu-Dtatset-V2,e,validation,a347cbde1c3dd71c4f08f9c926906f90e51666e2a435d12c1ce513a1a50b2fa8,357.0,347.0,RGBA,e_80.png,.png
/home/manvith/Desktop/Projects/Tulu Dataset/Tulu-Dtatset-V2/e/e_40.png,Tulu-Dtatset-V2,e,validation,234caa5ce65ccbdb078122b33afb90f7993b3f30223b6ce78be29c4dde0ed996,359.0,351.0,RGBA,e_40.png,.png
/home/manvith/Desktop/Projects/Tulu Dataset/Tulu-Dtatset-V2/e/e_23.png,Tulu-Dtatset-V2,e,validation,ce8b70b4a946a09874d4a24d1db21794b6cf0b93cfce8a2daa5996c0ecd7500a,359.0,351.0,RGBA,e_23.png,.png
/home/manvith/Desktop/Projects/Tulu Dataset/Tulu-Dtatset-V2/e/e_16.png,Tulu-Dtatset-V2,e,validation,9d04c76a75db08682bb326a33cc41248bf15cf6845c4431514623a312fc41fe3,359.0,351.0,RGBA,e_16.png,.png
/home/manvith/Desktop/Projects/Tulu Dataset/Tulu-Dtatset-V2/e/e_25.png,Tulu-Dtatset-V2,e,validation,74d56222a87a7eaeb3002405956afffdb95520f2374a948fa88a07720cf3ec82,359.0,351.0,RGBA,e_25.png,.png
/home/manvith/Desktop/Projects/Tulu Dataset/Tulu-Dtatset-V2/e/e_79.png,Tulu-Dtatset-V2,e,validation,848864c4e5c8ffe817a71e48f0acc419008aa71fb9b654df333ceb1c078dc81d,357.0,347.0,RGBA,e_79.png,.png
/home/manvith/Desktop/Projects/Tulu Dataset/Tulu-Dtatset-V2/e/e_46.png,Tulu-Dtatset-V2,e,validation,e5eaef4f6c2ea4a3a2ba17224dc7d40fb03e94f34019524057ac9d46d5906634,359.0,351.0,RGBA,e_46.png,.png
/home/manvith/Desktop/Projects/Tulu Dataset/Tulu-Dtatset-V2/e/e_18.png,Tulu-Dtatset-V2,e,validation,14ea3c94613cfb8ca220f3f5429885b8c6a3236f4173d2088a7db8579b310c43,359.0,351.0,RGBA,e_18.png,.png
/home/manvith/Desktop/Projects/Tulu Dataset/Tulu-Dtatset-V2/e/e_17.png,Tulu-Dtatset-V2,e,validation,f09fb65aed76fac3ddc5f2aa55e3a80b08e93b59c3b2aad12db22fa9d44ce354,359.0,351.0,RGBA,e_17.png,.png
/home/manvith/Desktop/Projects/Tulu Dataset/Tulu-Dtatset-V2/e/e_6.png,Tulu-Dtatset-V2,e,validation,72c6524f0e6ec5cb155f077f4c92b927f8d68309567fc099a8a8742df9b6a7e2,358.0,347.0,RGBA,e_6.png,.png
/home/manvith/Desktop/Projects/Tulu Dataset/Tulu-Dtatset-V2/ee/ee_33.png,Tulu-Dtatset-V2,ee,validation,58394d4960e3e5033df0e7bdd46e14332f10a90e7ec5262cec5c739d2381ed2e,355.0,346.0,RGBA,ee_33.png,.png
/home/manvith/Desktop/Projects/Tulu Dataset/Tulu-Dtatset-V2/ee/ee_7.png,Tulu-Dtatset-V2,ee,validation,199dc3cfe23f95971d696e2fe0310f366cb547c465e58de4832edb9bbcacbe48,361.0,340.0,RGBA,ee_7.png,.png
/home/manvith/Desktop/Projects/Tulu Dataset/Tulu-Dtatset-V2/ee/ee_19.png,Tulu-Dtatset-V2,ee,validation,4cc548f56cf7c8026c396a168371c46fed33b74e8c20d878fc60285b642a47db,355.0,346.0,RGBA,ee_19.png,.png
/home/manvith/Desktop/Projects/Tulu Dataset/Tulu-Dtatset-V2/ee/ee_99.png,Tulu-Dtatset-V2,ee,validation,eb04ea313971f7eda72cad723a1845316af7958a77dbdbfb20db9c1e6f65e71a,350.0,346.0,RGBA,ee_99.png,.png
/home/manvith/Desktop/Projects/Tulu Dataset/Tulu-Dtatset-V2/ee/ee_82.png,Tulu-Dtatset-V2,ee,validation,c7ddf8327b880f2a8e2c208e7e69e96aec00fb5ba6fe8debeeb42c21e5b15f04,350.0,346.0,RGBA,ee_82.png,.png
/home/manvith/Desktop/Projects/Tulu Dataset/Tulu-Dtatset-V2/ee/ee_90.png,Tulu-Dtatset-V2,ee,validation,9a5701f7d2b603e42f1606719f1ef5e4b5daf972e47e82e468e8bae8000dbc6d,350.0,346.0,RGBA,ee_90.png,.png
/home/manvith/Desktop/Projects/Tulu Dataset/Tulu-Dtatset-V2/ee/ee_16.png,Tulu-Dtatset-V2,ee,validation,2b1030b6517564adf845cfcc8aa8fc781f78a00df57c951842e3dd1e66a543ca,355.0,346.0,RGBA,ee_16.png,.png
/home/manvith/Desktop/Projects/Tulu Dataset/Tulu-Dtatset-V2/ee/ee_55.png,Tulu-Dtatset-V2,ee,validation,e5339adafe8f55febe39ca27c9a6d3b95c75e86b4fba489f21c86669897c8dd2,358.0,348.0,RGBA,ee_55.png,.png
/home/manvith/Desktop/Projects/Tulu Dataset/Tulu-Dtatset-V2/ee/ee_85.png,Tulu-Dtatset-V2,ee,validation,3934dcdc32a933535a2867a9a0ce154c5204faa5d240e096d635289cde7fcd61,350.0,346.0,RGBA,ee_85.png,.png
/home/manvith/Desktop/Projects/Tulu Dataset/Tulu-Dtatset-V2/ee/ee_74.png,Tulu-Dtatset-V2,ee,validation,261a3085276d7f79246d4530ef1445c6857f22d36cf3f112e7e8c0472c0f5c33,350.0,346.0,RGBA,ee_74.png,.png
/home/manvith/Desktop/Projects/Tulu Dataset/Tulu-Dtatset-V2/ga/ga_54.png,Tulu-Dtatset-V2,ga,validation,1b7bc27f284276a7029e0b4cb3a79f5a9e17c00fd4f648e36fce46efd592062a,365.0,343.0,RGBA,ga_54.png,.png
/home/manvith/Desktop/Projects/Tulu Dataset/Tulu-Dtatset-V2/ga/ga_18.png,Tulu-Dtatset-V2,ga,validation,94dacf22f4ef359c0d180628cf406b29d09638587d0b6cd4c8f9be495a67e394,365.0,344.0,RGBA,ga_18.png,.png
/home/manvith/Desktop/Projects/Tulu Dataset/Tulu-Dtatset-V2/ga/ga_7.png,Tulu-Dtatset-V2,ga,validation,e6797e1178d8bc714d6954d52a3164e2fa27a32cf1df1489bd32840a693ead1f,362.0,348.0,RGBA,ga_7.png,.png
/home/manvith/Desktop/Projects/Tulu Dataset/Tulu-Dtatset-V2/ga/ga_97.png,Tulu-Dtatset-V2,ga,validation,d1189d8f61c3524e978762c4d1570ea7670a35464c211bbd669265b459724ba8,364.0,343.0,RGBA,ga_97.png,.png
/home/manvith/Desktop/Projects/Tulu Dataset/Tulu-Dtatset-V2/ga/ga_77.png,Tulu-Dtatset-V2,ga,validation,b4c2fded7cf82d0daa32a50be030d288d0e12e3920c162b0bdba204a99be3ca2,364.0,343.0,RGBA,ga_77.png,.png
/home/manvith/Desktop/Projects/Tulu Dataset/Tulu-Dtatset-V2/ga/ga_91.png,Tulu-Dtatset-V2,ga,validation,437ffa102a93e8e817a30ebfeba0d7e6134fb07b59bb743af1c4f76ca32aa945,364.0,343.0,RGBA,ga_91.png,.png
/home/manvith/Desktop/Projects/Tulu Dataset/Tulu-Dtatset-V2/ga/ga_37.png,Tulu-Dtatset-V2,ga,validation,7cbde3e693f692966b84dcc7db43018209c8fe5bd08c1c92ffcd20fba5353e43,362.0,348.0,RGBA,ga_37.png,.png
/home/manvith/Desktop/Projects/Tulu Dataset/Tulu-Dtatset-V2/ga/ga_20.png,Tulu-Dtatset-V2,ga,validation,32d5b94055dc9307b87e0b1780805bc08588d6d922d5cade11e2c29802a9c526,365.0,344.0,RGBA,ga_20.png,.png
/home/manvith/Desktop/Projects/Tulu Dataset/Tulu-Dtatset-V2/ga/ga_59.png,Tulu-Dtatset-V2,ga,validation,51a87f64cfc19096ba25265a0dddf083b1fb564db2adbe0bd2b052a88641d95d,365.0,343.0,RGBA,ga_59.png,.png
/home/manvith/Desktop/Projects/Tulu Dataset/Tulu-Dtatset-V2/ga/ga_19.png,Tulu-Dtatset-V2,ga,validation,c75c562630d1c9b9b3beec92dff234d4dfb4842012d05197cc515e931e09b171,365.0,344.0,RGBA,ga_19.png,.png
/home/manvith/Desktop/Projects/Tulu Dataset/Tulu-Dtatset-V2/gha/gha_53.png,Tulu-Dtatset-V2,gha,validation,d83550c5937f470f7afb5daeb7c3c1245d4ee862ff0964c3368fa2b1688c1bbf,362.0,345.0,RGBA,gha_53.png,.png
/home/manvith/Desktop/Projects/Tulu Dataset/Tulu-Dtatset-V2/gha/gha_41.png,Tulu-Dtatset-V2,gha,validation,9e83661a98b111ee73004f873d13c7b0e74f20585170e05ec5561923a7e35904,361.0,343.0,RGBA,gha_41.png,.png
/home/manvith/Desktop/Projects/Tulu Dataset/Tulu-Dtatset-V2/gha/gha_51.png,Tulu-Dtatset-V2,gha,validation,297ac3362d618eb34114d799f405ae92a43fc6f31cc774e14abdd33df8f63586,362.0,345.0,RGBA,gha_51.png,.png
/home/manvith/Desktop/Projects/Tulu Dataset/Tulu-Dtatset-V2/gha/gha_50.png,Tulu-Dtatset-V2,gha,validation,ac70a09b5d5ffceb52da112bc63f6a22a40f2e264e50f62a1b04c6eef8943a0a,361.0,343.0,RGBA,gha_50.png,.png
/home/manvith/Desktop/Projects/Tulu Dataset/Tulu-Dtatset-V2/gha/gha_27.png,Tulu-Dtatset-V2,gha,validation,624cb4f759ee3c16302577bb915b7fea6d93f1e7ab7cbf2a6f89d55546c1c57e,361.0,343.0,RGBA,gha_27.png,.png
/home/manvith/Desktop/Projects/Tulu Dataset/Tulu-Dtatset-V2/gha/gha_8.png,Tulu-Dtatset-V2,gha,validation,fd43fa31be497aff34da40232bba95cafb498ed49ac11d20322b002487ac5de9,363.0,342.0,RGBA,gha_8.png,.png
/home/manvith/Desktop/Projects/Tulu Dataset/Tulu-Dtatset-V2/gha/gha_69.png,Tulu-Dtatset-V2,gha,validation,cd60e7a5096f0e319ed44971e26f2d61b82bdcf1bcf446e03be96db6681c7cba,362.0,345.0,RGBA,gha_69.png,.png
/home/manvith/Desktop/Projects/Tulu Dataset/Tulu-Dtatset-V2/gha/gha_7.png,Tulu-Dtatset-V2,gha,validation,9832051a9552b5d50ac4be615916d3ed8a3c13064b134b528804b3008d9efe26,362.0,345.0,RGBA,gha_7.png,.png
/home/manvith/Desktop/Projects/Tulu Dataset/Tulu-Dtatset-V2/gha/gha_9.png,Tulu-Dtatset-V2,gha,validation,9438e41a1037c617a0c568e328fe01d6df1a71be56e565047a3c454e9347a782,363.0,346.0,RGBA,gha_9.png,.png
/home/manvith/Desktop/Projects/Tulu Dataset/Tulu-Dtatset-V2/gha/gha_6.png,Tulu-Dtatset-V2,gha,validation,fce8aa980528ff87a1cad0deaad3e3b185572e2e41e25d03299694ee6004e1ba,362.0,342.0,RGBA,gha_6.png,.png
/home/manvith/Desktop/Projects/Tulu Dataset/Tulu-Dtatset-V2/ha/ha_28.png,Tulu-Dtatset-V2,ha,validation,f0035c29183c424fcc81e54d04545ae3d12c15fb2e442e74a996ece066852985,358.0,337.0,RGBA,ha_28.png,.png
/home/manvith/Desktop/Projects/Tulu Dataset/Tulu-Dtatset-V2/ha/ha_58.png,Tulu-Dtatset-V2,ha,validation,5323fea23bb8e99d0503a894e3d61c4be2aaa4ee96229f9cb5850b3166894632,352.0,345.0,RGBA,ha_58.png,.png
/home/manvith/Desktop/Projects/Tulu Dataset/Tulu-Dtatset-V2/ha/ha_70.png,Tulu-Dtatset-V2,ha,validation,1c8978f04c673688f05fab8f815a147fddfdeadb056097ba9efa67829822e682,352.0,345.0,RGBA,ha_70.png,.png
/home/manvith/Desktop/Projects/Tulu Dataset/Tulu-Dtatset-V2/ha/ha_68.png,Tulu-Dtatset-V2,ha,validation,017e236c7b345cb1e9a263ea450c0815994d62e06675c5567e7c98c6a612bc6d,352.0,345.0,RGBA,ha_68.png,.png
/home/manvith/Desktop/Projects/Tulu Dataset/Tulu-Dtatset-V2/ha/ha_53.png,Tulu-Dtatset-V2,ha,validation,66481ac82a7d3a81a0e280deee7941d3e9fad1d3c6a092b171febed6943a438c,352.0,345.0,RGBA,ha_53.png,.png
/home/manvith/Desktop/Projects/Tulu Dataset/Tulu-Dtatset-V2/ha/ha_42.png,Tulu-Dtatset-V2,ha,validation,c6ccb18eefd2b3afa3dd92fd9b3218fdf777935bb68f66a39eb0c562db114dea,358.0,334.0,RGBA,ha_42.png,.png
/home/manvith/Desktop/Projects/Tulu Dataset/Tulu-Dtatset-V2/ha/ha_63.png,Tulu-Dtatset-V2,ha,validation,cb16910cc1420a28148847e049ace8ccb80a840379223dd3677784861c384195,352.0,345.0,RGBA,ha_63.png,.png
/home/manvith/Desktop/Projects/Tulu Dataset/Tulu-Dtatset-V2/ha/ha_60.png,Tulu-Dtatset-V2,ha,validation,43b147fc5db8387d6d56f7f9b2a9dede762809df64534e7944a4de8f356bd8e3,352.0,345.0,RGBA,ha_60.png,.png
/home/manvith/Desktop/Projects/Tulu Dataset/Tulu-Dtatset-V2/ha/ha_76.png,Tulu-Dtatset-V2,ha,validation,11ed85f1008c712b1dd8c0497acf7e35ac0e91cfb48a9640847a1af31e261f2e,350.0,357.0,RGBA,ha_76.png,.png
/home/manvith/Desktop/Projects/Tulu Dataset/Tulu-Dtatset-V2/ha/ha_88.png,Tulu-Dtatset-V2,ha,validation,d1c4bafd6ad5a3692649170e9a9859a064aebb77eecc00232cb7d00eae680c44,350.0,357.0,RGBA,ha_88.png,.png
/home/manvith/Desktop/Projects/Tulu Dataset/Tulu-Dtatset-V2/i/i_67.png,Tulu-Dtatset-V2,i,validation,55e89ee16574f11295cc4cce681cfa76cb0f64b4be35707461a370810ec5bfca,356.0,347.0,RGBA,i_67.png,.png
/home/manvith/Desktop/Projects/Tulu Dataset/Tulu-Dtatset-V2/i/i_71.png,Tulu-Dtatset-V2,i,validation,fff343e31ac9471d8c25fd112c2fd5d320488e12934728bb21b4296123796889,359.0,347.0,RGBA,i_71.png,.png
/home/manvith/Desktop/Projects/Tulu Dataset/Tulu-Dtatset-V2/i/i_88.png,Tulu-Dtatset-V2,i,validation,e11a9f477ad0b2f672ab1dc0f51ec8f0fbfb5332b2d52df113a5d8ddbdc5edec,359.0,347.0,RGBA,i_88.png,.png
/home/manvith/Desktop/Projects/Tulu Dataset/Tulu-Dtatset-V2/i/i_16.png,Tulu-Dtatset-V2,i,validation,e1b6a55efacbae9480dc74cf11639267416ca3f0d33cc5c441e10fc77cebf291,365.0,346.0,RGBA,i_16.png,.png
/home/manvith/Desktop/Projects/Tulu Dataset/Tulu-Dtatset-V2/i/i_50.png,Tulu-Dtatset-V2,i,validation,bafe70fa48fac84a558a1511aa5569bbc9ca273aa6bed8364910bff340dbf0da,365.0,346.0,RGBA,i_50.png,.png
/home/manvith/Desktop/Projects/Tulu Dataset/Tulu-Dtatset-V2/i/i_7.png,Tulu-Dtatset-V2,i,validation,2ba399c0fb93d451558e4f7013220f3959d7e1daa454e4f9eeb0d788224f46c6,370.0,356.0,RGBA,i_7.png,.png
/home/manvith/Desktop/Projects/Tulu Dataset/Tulu-Dtatset-V2/i/i_18.png,Tulu-Dtatset-V2,i,validation,0ab8def0a118b8abf81199fca1431407d4d76b5071202181175ae2e7e43052cc,365.0,346.0,RGBA,i_18.png,.png
/home/manvith/Desktop/Projects/Tulu Dataset/Tulu-Dtatset-V2/i/i_89.png,Tulu-Dtatset-V2,i,validation,5797ad76417ed198c737ef2bfba0bb6fbb7c89e987eecbf579928115d19af7ac,359.0,347.0,RGBA,i_89.png,.png
/home/manvith/Desktop/Projects/Tulu Dataset/Tulu-Dtatset-V2/i/i_86.png,Tulu-Dtatset-V2,i,validation,cb538a9130082f5de9588c719f97897a064dae11ba3c4918aeb3c0e13acda998,359.0,347.0,RGBA,i_86.png,.png
/home/manvith/Desktop/Projects/Tulu Dataset/Tulu-Dtatset-V2/i/i_3.png,Tulu-Dtatset-V2,i,validation,a3a6406d9409080c12d84890e8bd61e95c14231554ed364136771fb1231439f1,360.0,344.0,RGBA,i_3.png,.png
/home/manvith/Desktop/Projects/Tulu Dataset/Tulu-Dtatset-V2/ja/ja_6.png,Tulu-Dtatset-V2,ja,validation,72920c15a4de8f43c82749d728392fb2541d1fee3ff40af45ae985589f5e45ce,362.0,342.0,RGBA,ja_6.png,.png
/home/manvith/Desktop/Projects/Tulu Dataset/Tulu-Dtatset-V2/ja/ja_80.png,Tulu-Dtatset-V2,ja,validation,33f2ba81403c2003b73fb80ec1ef839a0967ff0418f1fb429debffc63e4f42a4,365.0,347.0,RGBA,ja_80.png,.png
/home/manvith/Desktop/Projects/Tulu Dataset/Tulu-Dtatset-V2/ja/ja_50.png,Tulu-Dtatset-V2,ja,validation,80d813097352467bfb676d36e9ba4bedf7eaa27ba6d9264a21632753a94a016c,365.0,347.0,RGBA,ja_50.png,.png
/home/manvith/Desktop/Projects/Tulu Dataset/Tulu-Dtatset-V2/ja/ja_14.png,Tulu-Dtatset-V2,ja,validation,1e6a69143282cfb47fd1f6e5698ef6f0047af01c1a824dfed09ffac2e9a79d7c,370.0,342.0,RGBA,ja_14.png,.png
/home/manvith/Desktop/Projects/Tulu Dataset/Tulu-Dtatset-V2/ja/ja_90.png,Tulu-Dtatset-V2,ja,validation,fae93f32d87a4fcc41d77cab28c368c5a680ba8d2e5f75d7bd1d84ec6da984cb,365.0,347.0,RGBA,ja_90.png,.png
/home/manvith/Desktop/Projects/Tulu Dataset/Tulu-Dtatset-V2/ja/ja_5.png,Tulu-Dtatset-V2,ja,validation,c38a3a0d57961c27d1819edfe62665d4d9dd64e8117d5a7a1b2b548ec16c6547,364.0,346.0,RGBA,ja_5.png,.png
/home/manvith/Desktop/Projects/Tulu Dataset/Tulu-Dtatset-V2/ja/ja_60.png,Tulu-Dtatset-V2,ja,validation,e11fe8b2d36af43107c3e36dc4fbabb44c4e20f756467f711584644f305cf0d6,367.0,348.0,RGBA,ja_60.png,.png
/home/manvith/Desktop/Projects/Tulu Dataset/Tulu-Dtatset-V2/ja/ja_29.png,Tulu-Dtatset-V2,ja,validation,27cf2b840084d9251ecca02406732d989b2a0ab832c316379818ecf010129439,363.0,346.0,RGBA,ja_29.png,.png
/home/manvith/Desktop/Projects/Tulu Dataset/Tulu-Dtatset-V2/ja/ja_59.png,Tulu-Dtatset-V2,ja,validation,3cd5138dd5a56ca48b115d0175651fcc62a149699b37cb81751448a0ac6831d1,367.0,348.0,RGBA,ja_59.png,.png
/home/manvith/Desktop/Projects/Tulu Dataset/Tulu-Dtatset-V2/ja/ja_8.png,Tulu-Dtatset-V2,ja,validation,8689184d1bd6ece25745f64b53ac46513a721a3dfcd0e5b5100106b7c082f654,354.0,344.0,RGBA,ja_8.png,.png
/home/manvith/Desktop/Projects/Tulu Dataset/Tulu-Dtatset-V2/jha/jha_45.png,Tulu-Dtatset-V2,jha,validation,e4c83e84d727b5cee9f8548153214055f419edc46de430bbdf74bce25c83563d,360.0,335.0,RGBA,jha_45.png,.png
/home/manvith/Desktop/Projects/Tulu Dataset/Tulu-Dtatset-V2/jha/jha_93.png,Tulu-Dtatset-V2,jha,validation,bc50fa862568850fc6240113b03daa8faee905730995478c265d743958eafa69,363.0,349.0,RGBA,jha_93.png,.png
/home/manvith/Desktop/Projects/Tulu Dataset/Tulu-Dtatset-V2/jha/jha_17.png,Tulu-Dtatset-V2,jha,validation,f0c6b98b1a0a3dea41476fc0c65b47cc346d2b785cc6d32facf34051e0ed548d,363.0,349.0,RGBA,jha_17.png,.png
/home/manvith/Desktop/Projects/Tulu Dataset/Tulu-Dtatset-V2/jha/jha_97.png,Tulu-Dtatset-V2,jha,validation,92c9f49ddb3d095d824fa3d67eedda169a6ef65a14c8be09dacb27b45581b867,363.0,349.0,RGBA,jha_97.png,.png
/home/manvith/Desktop/Projects/Tulu Dataset/Tulu-Dtatset-V2/jha/jha_86.png,Tulu-Dtatset-V2,jha,validation,7a8e68cfb90c5088f109e7adfa8aa19a0ed76f79aa6d1a0aca4b95b3201b71af,363.0,349.0,RGBA,jha_86.png,.png
/home/manvith/Desktop/Projects/Tulu Dataset/Tulu-Dtatset-V2/jha/jha_56.png,Tulu-Dtatset-V2,jha,validation,98b8297172417207827fee8f870f48b0a2d94e5a1e50ef914c6bd6011ca8706b,360.0,335.0,RGBA,jha_56.png,.png
/home/manvith/Desktop/Projects/Tulu Dataset/Tulu-Dtatset-V2/jha/jha_7.png,Tulu-Dtatset-V2,jha,validation,4dd7ebdd02b831c7354226b7c3639b685036b1623c573030e2a6d5bc28cc9e5d,368.0,346.0,RGBA,jha_7.png,.png
/home/manvith/Desktop/Projects/Tulu Dataset/Tulu-Dtatset-V2/jha/jha_64.png,Tulu-Dtatset-V2,jha,validation,cd3296cfe6bb7a4b86f2a6193627dbacdfe6275ec9101d05f871b636e4b17ecc,363.0,349.0,RGBA,jha_64.png,.png
/home/manvith/Desktop/Projects/Tulu Dataset/Tulu-Dtatset-V2/jha/jha_54.png,Tulu-Dtatset-V2,jha,validation,8980325f536ab4717c86af9ca7e19f5debb13befe1daa90adb038c96190c5f2f,360.0,335.0,RGBA,jha_54.png,.png
/home/manvith/Desktop/Projects/Tulu Dataset/Tulu-Dtatset-V2/jha/jha_44.png,Tulu-Dtatset-V2,jha,validation,893b3e7389fa5c970ca1424b0fcb06d9b93afba531197d56f4126bb645de1da3,360.0,335.0,RGBA,jha_44.png,.png
/home/manvith/Desktop/Projects/Tulu Dataset/Tulu-Dtatset-V2/ka/ka_4.png,Tulu-Dtatset-V2,ka,validation,82a899ac0d287bf0c887ee26fdadb7be309e7428556c9997e7b09299391a4181,364.0,343.0,RGBA,ka_4.png,.png
/home/manvith/Desktop/Projects/Tulu Dataset/Tulu-Dtatset-V2/ka/ka_22.png,Tulu-Dtatset-V2,ka,validation,032c1d6cea349ab03afc54470c8a3b9803cabb75ba8072cb648e0d54e347d2eb,355.0,350.0,RGBA,ka_22.png,.png
/home/manvith/Desktop/Projects/Tulu Dataset/Tulu-Dtatset-V2/ka/ka_99.png,Tulu-Dtatset-V2,ka,validation,dc1bfa4cfab07aa85f83886b78c55b547daae5b118a30e294b529e288c82ca8f,355.0,350.0,RGBA,ka_99.png,.png
/home/manvith/Desktop/Projects/Tulu Dataset/Tulu-Dtatset-V2/ka/ka_36.png,Tulu-Dtatset-V2,ka,validation,10d01f2807299b14fd05550163fcc9a92cf5486dbab20b36f201497964aa4f8d,355.0,350.0,RGBA,ka_36.png,.png
/home/manvith/Desktop/Projects/Tulu Dataset/Tulu-Dtatset-V2/ka/ka_92.png,Tulu-Dtatset-V2,ka,validation,7e17494c044fd0c46278463e73877d9eb26182ceeb22a3bc0c6dc19f3e461354,355.0,350.0,RGBA,ka_92.png,.png
/home/manvith/Desktop/Projects/Tulu Dataset/Tulu-Dtatset-V2/ka/ka_20.png,Tulu-Dtatset-V2,ka,validation,9eed4429c0d9348847a8a6f9f780484d49fbadd0ad5af35863175489bd199545,355.0,350.0,RGBA,ka_20.png,.png
/home/manvith/Desktop/Projects/Tulu Dataset/Tulu-Dtatset-V2/ka/ka_73.png,Tulu-Dtatset-V2,ka,validation,02fc7bc1695a48a7a662bc33516b4bf83be6f946f7ce98b517e7eeb2ba27f1a3,365.0,349.0,RGBA,ka_73.png,.png
/home/manvith/Desktop/Projects/Tulu Dataset/Tulu-Dtatset-V2/ka/ka_68.png,Tulu-Dtatset-V2,ka,validation,6892c6634748fc4690c82f9a1d04284a30d9192cdae6ae0476b14b5e5c1d113b,365.0,349.0,RGBA,ka_68.png,.png
/home/manvith/Desktop/Projects/Tulu Dataset/Tulu-Dtatset-V2/ka/ka_51.png,Tulu-Dtatset-V2,ka,validation,ba0058dfb9a6d9c0e0ccaf5da8673880d919aecf2c7766f035c6fe9f8d8a3f7d,365.0,349.0,RGBA,ka_51.png,.png
/home/manvith/Desktop/Projects/Tulu Dataset/Tulu-Dtatset-V2/ka/ka_23.png,Tulu-Dtatset-V2,ka,validation,850caf26d21066776c253a70825a98ef029e569baec8a2d6c0e31991bf3b37e0,355.0,350.0,RGBA,ka_23.png,.png
/home/manvith/Desktop/Projects/Tulu Dataset/Tulu-Dtatset-V2/kha/kha_68.png,Tulu-Dtatset-V2,kha,validation,348d06fe4a8d1c6e6e5082945a5b1b59151565685e38a3cf3e39239cbdab2b6d,365.0,335.0,RGBA,kha_68.png,.png
/home/manvith/Desktop/Projects/Tulu Dataset/Tulu-Dtatset-V2/kha/kha_49.png,Tulu-Dtatset-V2,kha,validation,b7816b2389c4157541c9ef9573767be71bbb54ad94c420750f54ca1147c02f5d,364.0,337.0,RGBA,kha_49.png,.png
/home/manvith/Desktop/Projects/Tulu Dataset/Tulu-Dtatset-V2/kha/kha_78.png,Tulu-Dtatset-V2,kha,validation,2007645a153507e801684972d4969d30394ae1aaf1fc18ef6a8ce39ab3cc76c0,369.0,357.0,RGBA,kha_78.png,.png
/home/manvith/Desktop/Projects/Tulu Dataset/Tulu-Dtatset-V2/kha/kha_44.png,Tulu-Dtatset-V2,kha,validation,c6503d2f11907a9e73e73698d50af0fbcfaf8c12cedfe2836e79b0d9300aee31,364.0,337.0,RGBA,kha_44.png,.png
/home/manvith/Desktop/Projects/Tulu Dataset/Tulu-Dtatset-V2/kha/kha_89.png,Tulu-Dtatset-V2,kha,validation,31ade26f73bfe485147dc68bb945747bf8d12a73dcb656a58a88c24c66c96ff8,364.0,341.0,RGBA,kha_89.png,.png
/home/manvith/Desktop/Projects/Tulu Dataset/Tulu-Dtatset-V2/kha/kha_55.png,Tulu-Dtatset-V2,kha,validation,3e778e4abbafa7493b5eb37619050b4aeedfc7151d28d4f56ba70a60cef46609,365.0,335.0,RGBA,kha_55.png,.png
/home/manvith/Desktop/Projects/Tulu Dataset/Tulu-Dtatset-V2/kha/kha_28.png,Tulu-Dtatset-V2,kha,validation,a449583106f41670db80a9ac379bb3b991cca7668e5fee77617eae0c4d43de01,354.0,349.0,RGBA,kha_28.png,.png
/home/manvith/Desktop/Projects/Tulu Dataset/Tulu-Dtatset-V2/kha/kha_46.png,Tulu-Dtatset-V2,kha,validation,240e16e29e68b9c418659d160f4fe7831e5e55e6579b6c8da6f76ae54ff1fcad,364.0,337.0,RGBA,kha_46.png,.png
/home/manvith/Desktop/Projects/Tulu Dataset/Tulu-Dtatset-V2/kha/kha_80.png,Tulu-Dtatset-V2,kha,validation,f91f8239eb963dd0bc2d04b7f2781bbd709c84dd4ae5d974ab50d30750223555,369.0,357.0,RGBA,kha_80.png,.png
/home/manvith/Desktop/Projects/Tulu Dataset/Tulu-Dtatset-V2/kha/kha_47.png,Tulu-Dtatset-V2,kha,validation,960ef5171664f648315083b7bae813632771a089a99d732fa24c3f7fa7cba2e8,364.0,337.0,RGBA,kha_47.png,.png
/home/manvith/Desktop/Projects/Tulu Dataset/Tulu-Dtatset-V2/la/la_65.png,Tulu-Dtatset-V2,la,validation,790dcd56d653544d6788bb3938dc4b276fa1d72b8fdafb5105a66c4c122d7683,356.0,340.0,RGBA,la_65.png,.png
/home/manvith/Desktop/Projects/Tulu Dataset/Tulu-Dtatset-V2/la/la_39.png,Tulu-Dtatset-V2,la,validation,4d53eef2e9df9548f85b6d0c690e40959eb5b92f6679acc629c82258623e9d3d,359.0,337.0,RGBA,la_39.png,.png
/home/manvith/Desktop/Projects/Tulu Dataset/Tulu-Dtatset-V2/la/la_60.png,Tulu-Dtatset-V2,la,validation,0225d225013472c9a407cf2601b820c01812176faeeedeff2536cbbb85d39d56,356.0,340.0,RGBA,la_60.png,.png
/home/manvith/Desktop/Projects/Tulu Dataset/Tulu-Dtatset-V2/la/la_9.png,Tulu-Dtatset-V2,la,validation,bdb2da900ee71300bae10168ef16892c5736b10dec8c6330f175bcc2283ed794,369.0,356.0,RGBA,la_9.png,.png
/home/manvith/Desktop/Projects/Tulu Dataset/Tulu-Dtatset-V2/la/la_19.png,Tulu-Dtatset-V2,la,validation,85b33942f6961e3f76edfdfbd7f06aee1971edba3dc9d8e94f578c4991b0418a,345.0,333.0,RGBA,la_19.png,.png
/home/manvith/Desktop/Projects/Tulu Dataset/Tulu-Dtatset-V2/la/la_96.png,Tulu-Dtatset-V2,la,validation,2f30fb1365c97aaafdf02a2c2f34743a024d4c0415be16db1d1c43fc144e534b,355.0,353.0,RGBA,la_96.png,.png
/home/manvith/Desktop/Projects/Tulu Dataset/Tulu-Dtatset-V2/la/la_14.png,Tulu-Dtatset-V2,la,validation,f3f45c6c2591f9e3885891a6760f37d221c413f5686632ffff34e585bc28ca1f,345.0,333.0,RGBA,la_14.png,.png
/home/manvith/Desktop/Projects/Tulu Dataset/Tulu-Dtatset-V2/la/la_43.png,Tulu-Dtatset-V2,la,validation,83199407f5e9da9c009c1f437cabeb066d6e2182716eebe41f1a304576e943d8,359.0,337.0,RGBA,la_43.png,.png
/home/manvith/Desktop/Projects/Tulu Dataset/Tulu-Dtatset-V2/la/la_26.png,Tulu-Dtatset-V2,la,validation,8bfaf2fd189e2cdfce0403e15664ec7e9a3a5cf8a1a1d64ea0dbf3363a92eed5,345.0,333.0,RGBA,la_26.png,.png
/home/manvith/Desktop/Projects/Tulu Dataset/Tulu-Dtatset-V2/la/la_5.png,Tulu-Dtatset-V2,la,validation,75c0e4e6376b5cf905347d3a087e18feb4961b505004ad398ee6c64aae6442b2,363.0,352.0,RGBA,la_5.png,.png
/home/manvith/Desktop/Projects/Tulu Dataset/Tulu-Dtatset-V2/lla/lla_64.png,Tulu-Dtatset-V2,lla,validation,0e714dbaca02abfb73fd6cdaa91828fc36150de2efc1bdfcd859038fe38c6deb,364.0,337.0,RGBA,lla_64.png,.png
/home/manvith/Desktop/Projects/Tulu Dataset/Tulu-Dtatset-V2/lla/lla_24.png,Tulu-Dtatset-V2,lla,validation,1972d133572e1f5caa54b9bcc9f140ac9f5a6cefc074799bdd481241ae810acb,354.0,336.0,RGBA,lla_24.png,.png
/home/manvith/Desktop/Projects/Tulu Dataset/Tulu-Dtatset-V2/lla/lla_3.png,Tulu-Dtatset-V2,lla,validation,fa6675e96ef39a352bd5d5c7ecc906237eff35f8041faa15895bf57bf6837125,354.0,336.0,RGBA,lla_3.png,.png
/home/manvith/Desktop/Projects/Tulu Dataset/Tulu-Dtatset-V2/lla/lla_2.png,Tulu-Dtatset-V2,lla,validation,59f23d0da4fe75deb1b18561658d12d65fb5a4ca4800f482892111d0d50dc21b,357.0,338.0,RGBA,lla_2.png,.png
/home/manvith/Desktop/Projects/Tulu Dataset/Tulu-Dtatset-V2/lla/lla_9.png,Tulu-Dtatset-V2,lla,validation,179aefaa0406bc2c286c8651d126c679987e66208de7cd589d5f50ea08fccc82,366.0,338.0,RGBA,lla_9.png,.png
/home/manvith/Desktop/Projects/Tulu Dataset/Tulu-Dtatset-V2/lla/lla_19.png,Tulu-Dtatset-V2,lla,validation,446e91b208108bb1cffec89122c2f5c2374b90bee0bf24e5ad6356feaa831c72,354.0,336.0,RGBA,lla_19.png,.png
/home/manvith/Desktop/Projects/Tulu Dataset/Tulu-Dtatset-V2/lla/lla_46.png,Tulu-Dtatset-V2,lla,validation,e125782a964fd34eb4fda4c7b633588e0110a2f80a031bc1b4a6c6d4f307a4d0,346.0,329.0,RGBA,lla_46.png,.png
/home/manvith/Desktop/Projects/Tulu Dataset/Tulu-Dtatset-V2/lla/lla_68.png,Tulu-Dtatset-V2,lla,validation,3795cdba411978a2dfdfeed9fbb92eb6595d5195af68d0ee056251419b89246f,364.0,337.0,RGBA,lla_68.png,.png
/home/manvith/Desktop/Projects/Tulu Dataset/Tulu-Dtatset-V2/lla/lla_58.png,Tulu-Dtatset-V2,lla,validation,4b68488e00d211c78b728781af6dcc4f1f59b306620afa5986b39d0ec329e6d9,364.0,337.0,RGBA,lla_58.png,.png
/home/manvith/Desktop/Projects/Tulu Dataset/Tulu-Dtatset-V2/lla/lla_55.png,Tulu-Dtatset-V2,lla,validation,cf23d68425c85cb54e7ca3d8f1473b7d5b21572ce2b446d3e6730582adcb7b66,364.0,337.0,RGBA,lla_55.png,.png
/home/manvith/Desktop/Projects/Tulu Dataset/Tulu-Dtatset-V2/ma/ma_71.png,Tulu-Dtatset-V2,ma,validation,af779daa2ca7b31e42919b41a4ded36f8c96f3ccef455f82e917523aa500d81a,356.0,349.0,RGBA,ma_71.png,.png
/home/manvith/Desktop/Projects/Tulu Dataset/Tulu-Dtatset-V2/ma/ma_16.png,Tulu-Dtatset-V2,ma,validation,2e4f4683a0786158aa99620721647f78397633b07660268a614930d0f58c6fff,361.0,339.0,RGBA,ma_16.png,.png
/home/manvith/Desktop/Projects/Tulu Dataset/Tulu-Dtatset-V2/ma/ma_49.png,Tulu-Dtatset-V2,ma,validation,482c5c448a046e2dc6b35a13ce14a7fd0bed0ee7b9d916a3e1cb97b59ac8c661,353.0,345.0,RGBA,ma_49.png,.png
/home/manvith/Desktop/Projects/Tulu Dataset/Tulu-Dtatset-V2/ma/ma_58.png,Tulu-Dtatset-V2,ma,validation,8e754b175798e72ef78b15a2913138e95b7c4a0e5100acd543701dfdcbd16e35,360.0,357.0,RGBA,ma_58.png,.png
/home/manvith/Desktop/Projects/Tulu Dataset/Tulu-Dtatset-V2/ma/ma_13.png,Tulu-Dtatset-V2,ma,validation,4a6e8f1010ee8bfff3270f24c40d8abba752ff3c7af0f45b7c36b036f5f6b07f,353.0,345.0,RGBA,ma_13.png,.png
/home/manvith/Desktop/Projects/Tulu Dataset/Tulu-Dtatset-V2/ma/ma_17.png,Tulu-Dtatset-V2,ma,validation,d1b2eff14343ce23ca522d5aab773897f141be4b6a54e8ceb15598828c26852d,361.0,339.0,RGBA,ma_17.png,.png
/home/manvith/Desktop/Projects/Tulu Dataset/Tulu-Dtatset-V2/ma/ma_76.png,Tulu-Dtatset-V2,ma,validation,d9a5b92b7d1360beaa09bd44c7b30894aaaabc208125caf08eedc4707b1f5216,356.0,349.0,RGBA,ma_76.png,.png
/home/manvith/Desktop/Projects/Tulu Dataset/Tulu-Dtatset-V2/ma/ma_33.png,Tulu-Dtatset-V2,ma,validation,fd66edc67ff4953ff838bb281faaeedd69bdf1145511a7e7fe7205eab042c86c,353.0,345.0,RGBA,ma_33.png,.png
/home/manvith/Desktop/Projects/Tulu Dataset/Tulu-Dtatset-V2/ma/ma_1.png,Tulu-Dtatset-V2,ma,validation,d9e6fe2dc254d8cd2ecf0967c906e1441beb6aa904ef3a473a3bdd1af8997575,356.0,349.0,RGBA,ma_1.png,.png
/home/manvith/Desktop/Projects/Tulu Dataset/Tulu-Dtatset-V2/ma/ma_38.png,Tulu-Dtatset-V2,ma,validation,aa40838fc45f2d0fa28be977b1bb29201cf2113e1333b3494df3b0d570ae0a2a,353.0,345.0,RGBA,ma_38.png,.png
/home/manvith/Desktop/Projects/Tulu Dataset/Tulu-Dtatset-V2/na/na_52.png,Tulu-Dtatset-V2,na,validation,d703fc0e51f9698baaf44faccd64e525cc3e558163b632721d7aae1abdb9dd61,368.0,346.0,RGBA,na_52.png,.png
/home/manvith/Desktop/Projects/Tulu Dataset/Tulu-Dtatset-V2/na/na_49.png,Tulu-Dtatset-V2,na,validation,66342165175b01d79210b7f617ad6270ad1801d16595871cc5fcc751d8f4aa27,367.0,356.0,RGBA,na_49.png,.png
/home/manvith/Desktop/Projects/Tulu Dataset/Tulu-Dtatset-V2/na/na_14.png,Tulu-Dtatset-V2,na,validation,6cc1cb3b4ab3a420dbd46660a8388a14e5d036446ed5ec3c10ce72da4f67d964,369.0,348.0,RGBA,na_14.png,.png
/home/manvith/Desktop/Projects/Tulu Dataset/Tulu-Dtatset-V2/na/na_66.png,Tulu-Dtatset-V2,na,validation,c6831fc4977464ce2c2343e9024c213c55d7545d89b3e539131d14b6817d2f0c,368.0,346.0,RGBA,na_66.png,.png
/home/manvith/Desktop/Projects/Tulu Dataset/Tulu-Dtatset-V2/na/na_9.png,Tulu-Dtatset-V2,na,validation,8a60629627b4b042598a0500fb8a2d2622a9205921e2a693c92a24891ded35de,362.0,348.0,RGBA,na_9.png,.png
/home/manvith/Desktop/Projects/Tulu Dataset/Tulu-Dtatset-V2/na/na_58.png,Tulu-Dtatset-V2,na,validation,3b08e8a0cafcb00f4898a052fc2bc30de7df20d9073a8c676719190be0d5f6e2,368.0,346.0,RGBA,na_58.png,.png
/home/manvith/Desktop/Projects/Tulu Dataset/Tulu-Dtatset-V2/na/na_81.png,Tulu-Dtatset-V2,na,validation,e8b01cde89ca5491ffc3e309d651ec0f896c697423239e417c9c2f3d96d81a7d,368.0,346.0,RGBA,na_81.png,.png
/home/manvith/Desktop/Projects/Tulu Dataset/Tulu-Dtatset-V2/na/na_29.png,Tulu-Dtatset-V2,na,validation,78e4febfa84d2003afdd1a5fe425c4543e03e73c24b83f3e4d9b9d9e92eb2837,368.0,346.0,RGBA,na_29.png,.png
/home/manvith/Desktop/Projects/Tulu Dataset/Tulu-Dtatset-V2/na/na_77.png,Tulu-Dtatset-V2,na,validation,3d62c981366d7f2366dee8fbf5c5ba69c365fb3f9e4bb7f6cbc459c5d9d55052,368.0,346.0,RGBA,na_77.png,.png
/home/manvith/Desktop/Projects/Tulu Dataset/Tulu-Dtatset-V2/na/na_73.png,Tulu-Dtatset-V2,na,validation,9dc39f89a4bf2a2ef917e6516fa6105ec344361255d4a1470fdd1a51602ee3a8,368.0,346.0,RGBA,na_73.png,.png
/home/manvith/Desktop/Projects/Tulu Dataset/Tulu-Dtatset-V2/nna/nna_47.png,Tulu-Dtatset-V2,nna,validation,8fa41b1d9d55979f73b524e417796b10afc318f5753f5c676e572310a7fdcdb0,362.0,346.0,RGBA,nna_47.png,.png
/home/manvith/Desktop/Projects/Tulu Dataset/Tulu-Dtatset-V2/nna/nna_31.png,Tulu-Dtatset-V2,nna,validation,4898ad58cedc9e968706a832ba0f0038fb63dc3fda77c25a8c3959249d89646b,362.0,346.0,RGBA,nna_31.png,.png
/home/manvith/Desktop/Projects/Tulu Dataset/Tulu-Dtatset-V2/nna/nna_26.png,Tulu-Dtatset-V2,nna,validation,7283f6ee59f21d63dc7bee470c94b794b5aec13019de22b336196aed96f573a6,362.0,346.0,RGBA,nna_26.png,.png
/home/manvith/Desktop/Projects/Tulu Dataset/Tulu-Dtatset-V2/nna/nna_42.png,Tulu-Dtatset-V2,nna,validation,a95ebaa27c628761f2ea2b52921e2a005e8300ab01cb5fd4dd173e7d3e0bf0b3,362.0,346.0,RGBA,nna_42.png,.png
/home/manvith/Desktop/Projects/Tulu Dataset/Tulu-Dtatset-V2/nna/nna_57.png,Tulu-Dtatset-V2,nna,validation,80a9db52f9f738a33eed7cfe6384458fb2089c43ae2148b9d8186791597e38fd,364.0,346.0,RGBA,nna_57.png,.png
/home/manvith/Desktop/Projects/Tulu Dataset/Tulu-Dtatset-V2/nna/nna_87.png,Tulu-Dtatset-V2,nna,validation,19fb177b41e570323daed2147bd8e8f3176a3fc7b478c9b991359b95c09c2f05,365.0,348.0,RGBA,nna_87.png,.png
/home/manvith/Desktop/Projects/Tulu Dataset/Tulu-Dtatset-V2/nna/nna_76.png,Tulu-Dtatset-V2,nna,validation,a028f0b7d1eb15efe578be3031e3749c13b44504a4c9e5bbc9917e1f08f20088,365.0,348.0,RGBA,nna_76.png,.png
/home/manvith/Desktop/Projects/Tulu Dataset/Tulu-Dtatset-V2/nna/nna_72.png,Tulu-Dtatset-V2,nna,validation,bbd7207b1b33f7f2f375d888f05df18f8fa07d2443375cc4db48d65a263e92b7,365.0,348.0,RGBA,nna_72.png,.png
/home/manvith/Desktop/Projects/Tulu Dataset/Tulu-Dtatset-V2/nna/nna_39.png,Tulu-Dtatset-V2,nna,validation,cd5a860a82068550fce9aa2470056bebcb9210e67f7dde87613467065ea034b8,362.0,346.0,RGBA,nna_39.png,.png
/home/manvith/Desktop/Projects/Tulu Dataset/Tulu-Dtatset-V2/nna/nna_100.png,Tulu-Dtatset-V2,nna,validation,b5b0ac2e82831e276ed4c3ce4e3039738ec308e705a834b9b0f7783929e6e08d,365.0,348.0,RGBA,nna_100.png,.png
/home/manvith/Desktop/Projects/Tulu Dataset/Tulu-Dtatset-V2/nya/nya_68.png,Tulu-Dtatset-V2,nya,validation,dbdad0398b66233fde74fa01294091047bce7017446be0016299a211d39a664d,364.0,347.0,RGBA,nya_68.png,.png
/home/manvith/Desktop/Projects/Tulu Dataset/Tulu-Dtatset-V2/nya/nya_95.png,Tulu-Dtatset-V2,nya,validation,e49474d3d411b4daaa3a5688ef795e9284d6312485575f7fb1b10169baa701d5,358.0,345.0,RGBA,nya_95.png,.png
/home/manvith/Desktop/Projects/Tulu Dataset/Tulu-Dtatset-V2/nya/nya_28.png,Tulu-Dtatset-V2,nya,validation,83326f236a5a45a5a213cb7760ea6130845455c5d47c3f95c5c5c69b68625de2,363.0,345.0,RGBA,nya_28.png,.png
/home/manvith/Desktop/Projects/Tulu Dataset/Tulu-Dtatset-V2/nya/nya_10.png,Tulu-Dtatset-V2,nya,validation,813b2d552b4253221996299c59168e513c2d21b98d612626dc3adc51bd9f63d0,365.0,345.0,RGBA,nya_10.png,.png
/home/manvith/Desktop/Projects/Tulu Dataset/Tulu-Dtatset-V2/nya/nya_84.png,Tulu-Dtatset-V2,nya,validation,57deb9d93f09a2aac9469980db77480b619981fead6cb3b021b5f16cda714f79,358.0,345.0,RGBA,nya_84.png,.png
/home/manvith/Desktop/Projects/Tulu Dataset/Tulu-Dtatset-V2/nya/nya_15.png,Tulu-Dtatset-V2,nya,validation,633b26c06ce671f5c76048c74c3fb64d0c7e29c7d0348039c847de22b101bc5a,363.0,347.0,RGBA,nya_15.png,.png
/home/manvith/Desktop/Projects/Tulu Dataset/Tulu-Dtatset-V2/nya/nya_65.png,Tulu-Dtatset-V2,nya,validation,7a717e0f49bd868ec35007af417e141189ec8d8c6e0562b847e3c56d9515ed2d,364.0,347.0,RGBA,nya_65.png,.png
/home/manvith/Desktop/Projects/Tulu Dataset/Tulu-Dtatset-V2/nya/nya_74.png,Tulu-Dtatset-V2,nya,validation,e4c66781748099a79d5b536a20c344aa97411937bf8f97ea27c5d6505d1ef777,358.0,345.0,RGBA,nya_74.png,.png
/home/manvith/Desktop/Projects/Tulu Dataset/Tulu-Dtatset-V2/nya/nya_96.png,Tulu-Dtatset-V2,nya,validation,269e6b5639625b30982de4e74a5e15a5b0ab454fc268e0dd3a81822d205716b9,358.0,345.0,RGBA,nya_96.png,.png
/home/manvith/Desktop/Projects/Tulu Dataset/Tulu-Dtatset-V2/nya/nya_54.png,Tulu-Dtatset-V2,nya,validation,3f1c344f2ad4b0e06a7754fac8084974968522f4fbda836047c61020ecccab84,364.0,347.0,RGBA,nya_54.png,.png
/home/manvith/Desktop/Projects/Tulu Dataset/Tulu-Dtatset-V2/nza/nza_59.png,Tulu-Dtatset-V2,nza,validation,3cf7cc71c9297b27d972372475cee70145043aa2fecb89439ff8c9530e07046e,365.0,343.0,RGBA,nza_59.png,.png
/home/manvith/Desktop/Projects/Tulu Dataset/Tulu-Dtatset-V2/nza/nza_3.png,Tulu-Dtatset-V2,nza,validation,36631c6aed8f7e33f9220d1e2aa3f5fc2df254bdf96f0268d43c41eafb6cbef6,358.0,345.0,RGBA,nza_3.png,.png
/home/manvith/Desktop/Projects/Tulu Dataset/Tulu-Dtatset-V2/nza/nza_90.png,Tulu-Dtatset-V2,nza,validation,118c174bc043606c89ca97c2ba0ae1c1dd787e75133de0780ae97e5b55cc013b,365.0,342.0,RGBA,nza_90.png,.png
/home/manvith/Desktop/Projects/Tulu Dataset/Tulu-Dtatset-V2/nza/nza_23.png,Tulu-Dtatset-V2,nza,validation,f9d1a2abf02bee888e00d4304991d5d74e9f0cfce59e79485edbf342ac6a24b2,358.0,345.0,RGBA,nza_23.png,.png
/home/manvith/Desktop/Projects/Tulu Dataset/Tulu-Dtatset-V2/nza/nza_98.png,Tulu-Dtatset-V2,nza,validation,88a3614b62032d8a6f6d5d359c408854badb402c6b0d7b6510b0334132e41ba0,365.0,342.0,RGBA,nza_98.png,.png
/home/manvith/Desktop/Projects/Tulu Dataset/Tulu-Dtatset-V2/nza/nza_4.png,Tulu-Dtatset-V2,nza,validation,2fbce4e96ab58ffc1f0eff278a78c603ab38caa39ac6709e3d174da99cb69adf,364.0,335.0,RGBA,nza_4.png,.png
/home/manvith/Desktop/Projects/Tulu Dataset/Tulu-Dtatset-V2/nza/nza_92.png,Tulu-Dtatset-V2,nza,validation,d4e7f69a399f7ea83948f6033aa007d3c58c7b667d0a5af0e0ff46ac6b35f453,365.0,342.0,RGBA,nza_92.png,.png
/home/manvith/Desktop/Projects/Tulu Dataset/Tulu-Dtatset-V2/nza/nza_6.png,Tulu-Dtatset-V2,nza,validation,934e0c40d4e24fd5c6b6eb348009c8e5680ecbd320924e03feb11dbeff7792b9,362.0,339.0,RGBA,nza_6.png,.png
/home/manvith/Desktop/Projects/Tulu Dataset/Tulu-Dtatset-V2/nza/nza_44.png,Tulu-Dtatset-V2,nza,validation,a4097e35d1a2451a01c2d0a442a4f31168cf2b600e96840db13698cf6276d506,358.0,345.0,RGBA,nza_44.png,.png
/home/manvith/Desktop/Projects/Tulu Dataset/Tulu-Dtatset-V2/nza/nza_1.png,Tulu-Dtatset-V2,nza,validation,724655b3c99ee2f3c0e36ddc2a911dee0c526625eb836a795279ca56ea20e76a,363.0,341.0,RGBA,nza_1.png,.png
/home/manvith/Desktop/Projects/Tulu Dataset/Tulu-Dtatset-V2/o/o_25.png,Tulu-Dtatset-V2,o,validation,7503fa13cc460acb272ac1ce504ed374c511365d4c2754a662d601e2b76f8b01,364.0,347.0,RGBA,o_25.png,.png
/home/manvith/Desktop/Projects/Tulu Dataset/Tulu-Dtatset-V2/o/o_67.png,Tulu-Dtatset-V2,o,validation,98399b1e50a5526aff9f6c40a9428ce507e29673779379eec1c63f2ce90ae414,367.0,356.0,RGBA,o_67.png,.png
/home/manvith/Desktop/Projects/Tulu Dataset/Tulu-Dtatset-V2/o/o_57.png,Tulu-Dtatset-V2,o,validation,d5ae90b7c1b390f340e0e69ff6c0b042585bfafacd4f1c7d8fe268fb3a9285e9,367.0,356.0,RGBA,o_57.png,.png
/home/manvith/Desktop/Projects/Tulu Dataset/Tulu-Dtatset-V2/o/o_17.png,Tulu-Dtatset-V2,o,validation,167306e6ef0adaa00267a9d4265cadf6d52ae79f0f7b3b7493cf018db2c6e2f6,364.0,347.0,RGBA,o_17.png,.png
/home/manvith/Desktop/Projects/Tulu Dataset/Tulu-Dtatset-V2/o/o_43.png,Tulu-Dtatset-V2,o,validation,8a348d154b6a0f9e046c15db107a302589a7f8f3918fa8b1893d685e9cfabcb5,364.0,347.0,RGBA,o_43.png,.png
/home/manvith/Desktop/Projects/Tulu Dataset/Tulu-Dtatset-V2/o/o_60.png,Tulu-Dtatset-V2,o,validation,33a85f9d4e2dd815b1b462aab4b2d519330a519e2c2f5d1765e4797850aa68d4,367.0,356.0,RGBA,o_60.png,.png
/home/manvith/Desktop/Projects/Tulu Dataset/Tulu-Dtatset-V2/o/o_33.png,Tulu-Dtatset-V2,o,validation,e8dd8715e61ec39d8ee6381e5a84d3db9b2e8d30a4e1a58bd879758cc7b585e6,364.0,347.0,RGBA,o_33.png,.png
/home/manvith/Desktop/Projects/Tulu Dataset/Tulu-Dtatset-V2/o/o_63.png,Tulu-Dtatset-V2,o,validation,d0b8de171c4cd2ce9dd0f7d5db0ca44fcddf773c48bdbe382a86f17b865a8ae3,367.0,356.0,RGBA,o_63.png,.png
/home/manvith/Desktop/Projects/Tulu Dataset/Tulu-Dtatset-V2/o/o_12.png,Tulu-Dtatset-V2,o,validation,43ff87dcf8670816c172f207c2b48e7c616e16374108a40522e76a7a5f9585c8,371.0,355.0,RGBA,o_12.png,.png
/home/manvith/Desktop/Projects/Tulu Dataset/Tulu-Dtatset-V2/o/o_73.png,Tulu-Dtatset-V2,o,validation,69557c72d7ae93f2345cf510b01e6afb19e6d86915f6ff56efa1f9909058ee65,363.0,347.0,RGBA,o_73.png,.png
/home/manvith/Desktop/Projects/Tulu Dataset/Tulu-Dtatset-V2/oo/oo_56.png,Tulu-Dtatset-V2,oo,validation,38c6f461046eaa5671de0313d02d2c2361aeaa2558cfaad04349ce70c95733b4,362.0,332.0,RGBA,oo_56.png,.png
/home/manvith/Desktop/Projects/Tulu Dataset/Tulu-Dtatset-V2/oo/oo_36.png,Tulu-Dtatset-V2,oo,validation,8878d3c09bfebd004552d226f93d3d022a8ae7df12506d30153adf27d5a4bc8e,363.0,352.0,RGBA,oo_36.png,.png
/home/manvith/Desktop/Projects/Tulu Dataset/Tulu-Dtatset-V2/oo/oo_63.png,Tulu-Dtatset-V2,oo,validation,001fdf2cadcbacdc7e4f15c9e35085894ebd179e4b5396f23f2bc3be885d3644,362.0,332.0,RGBA,oo_63.png,.png
/home/manvith/Desktop/Projects/Tulu Dataset/Tulu-Dtatset-V2/oo/oo_59.png,Tulu-Dtatset-V2,oo,validation,8a527b4cc4b8202adf42ec295aa7626817ca7916dedfe749b1f62749d51a12fb,362.0,332.0,RGBA,oo_59.png,.png
/home/manvith/Desktop/Projects/Tulu Dataset/Tulu-Dtatset-V2/oo/oo_74.png,Tulu-Dtatset-V2,oo,validation,6c2d15b46e9ec3dca123fba8388a7c503e475c7ac790384c3a95e8e1a96b68c0,367.0,356.0,RGBA,oo_74.png,.png
/home/manvith/Desktop/Projects/Tulu Dataset/Tulu-Dtatset-V2/oo/oo_48.png,Tulu-Dtatset-V2,oo,validation,eb7a1e49dc0797586380409389eeb8ae06ad6be2d5552c1b2e8a8e172dfa7f88,363.0,352.0,RGBA,oo_48.png,.png
/home/manvith/Desktop/Projects/Tulu Dataset/Tulu-Dtatset-V2/oo/oo_28.png,Tulu-Dtatset-V2,oo,validation,cc6e659f7f62a726a89ff662c59cd897e9a0e45433f819ed6a8c1730d1bc63d5,363.0,352.0,RGBA,oo_28.png,.png
/home/manvith/Desktop/Projects/Tulu Dataset/Tulu-Dtatset-V2/oo/oo_73.png,Tulu-Dtatset-V2,oo,validation,35470323a5cb83f0833aa4230925106ad83589fce31bd1cb0ff648c0ec533129,367.0,356.0,RGBA,oo_73.png,.png
/home/manvith/Desktop/Projects/Tulu Dataset/Tulu-Dtatset-V2/oo/oo_3.png,Tulu-Dtatset-V2,oo,validation,28862d14502d232b6bd4a13ef919b1ad74f2d431330c74d1594cc521e58ae57b,367.0,356.0,RGBA,oo_3.png,.png
/home/manvith/Desktop/Projects/Tulu Dataset/Tulu-Dtatset-V2/oo/oo_7.png,Tulu-Dtatset-V2,oo,validation,ea76120ee6b39352fe26dfa77455fcdc353eaffbebe102ffb940ef75cb3e28ca,360.0,345.0,RGBA,oo_7.png,.png
/home/manvith/Desktop/Projects/Tulu Dataset/Tulu-Dtatset-V2/ou/ou_62.png,Tulu-Dtatset-V2,ou,validation,d30b0eedbd23abe15fdbe68ccd7da42bbd69ac7abe75f7de01e47ca41e84e358,361.0,355.0,RGBA,ou_62.png,.png
/home/manvith/Desktop/Projects/Tulu Dataset/Tulu-Dtatset-V2/ou/ou_92.png,Tulu-Dtatset-V2,ou,validation,6c9f0fb6026f2c2324f771a0aa3fadf1b1a054026cb0416e75e3d8eef2608e3a,362.0,338.0,RGBA,ou_92.png,.png
/home/manvith/Desktop/Projects/Tulu Dataset/Tulu-Dtatset-V2/ou/ou_42.png,Tulu-Dtatset-V2,ou,validation,666ebf236f600fdca8de0803bfbe5a278d0405202efd6c0619833c9a98f21497,360.0,356.0,RGBA,ou_42.png,.png
/home/manvith/Desktop/Projects/Tulu Dataset/Tulu-Dtatset-V2/ou/ou_71.png,Tulu-Dtatset-V2,ou,validation,9116ed28551d23c9a27a4e98d9d3cbb3d3a624c7389b12fb980de28c34bb4370,362.0,338.0,RGBA,ou_71.png,.png
/home/manvith/Desktop/Projects/Tulu Dataset/Tulu-Dtatset-V2/ou/ou_98.png,Tulu-Dtatset-V2,ou,validation,5e08bec7d2e3c04001f85b3385f6ee8620a660bdd5a35471d9878a9618c61877,362.0,338.0,RGBA,ou_98.png,.png
/home/manvith/Desktop/Projects/Tulu Dataset/Tulu-Dtatset-V2/ou/ou_41.png,Tulu-Dtatset-V2,ou,validation,bc233564de34d1303e80e22ea2e62c93db1a4f5a771e06d347b47144990a35bb,360.0,356.0,RGBA,ou_41.png,.png
/home/manvith/Desktop/Projects/Tulu Dataset/Tulu-Dtatset-V2/ou/ou_13.png,Tulu-Dtatset-V2,ou,validation,cd9b3ca9f407cb759acc1ba80c49612700e709582f72bea4afda0ea4e0ebe4f1,355.0,357.0,RGBA,ou_13.png,.png
/home/manvith/Desktop/Projects/Tulu Dataset/Tulu-Dtatset-V2/ou/ou_43.png,Tulu-Dtatset-V2,ou,validation,69ada5c8c17c3ee28420c91b5885f2c99f5f495ef61a58129afc9c94b1abee51,360.0,356.0,RGBA,ou_43.png,.png
/home/manvith/Desktop/Projects/Tulu Dataset/Tulu-Dtatset-V2/ou/ou_35.png,Tulu-Dtatset-V2,ou,validation,7baba5638a8af5f474eb61c0a98b573453302bf2860fe88a25d2098d816aa3f3,360.0,356.0,RGBA,ou_35.png,.png
/home/manvith/Desktop/Projects/Tulu Dataset/Tulu-Dtatset-V2/ou/ou_12.png,Tulu-Dtatset-V2,ou,validation,c86d8989feeccbbb728377c0979a491dfadc577a1906520dea5409591640dc90,365.0,332.0,RGBA,ou_12.png,.png
/home/manvith/Desktop/Projects/Tulu Dataset/Tulu-Dtatset-V2/pa/pa_33.png,Tulu-Dtatset-V2,pa,validation,ffe944c8dddd1a754366c370dd1d29a43b98bbe6529a306fb9f7d69baac9eabc,361.0,354.0,RGBA,pa_33.png,.png
/home/manvith/Desktop/Projects/Tulu Dataset/Tulu-Dtatset-V2/pa/pa_54.png,Tulu-Dtatset-V2,pa,validation,d55e7269efccda11a5ce2ac903e7527b7043d69ff9cecf1f5e7ad1fe4c66e8df,359.0,347.0,RGBA,pa_54.png,.png
/home/manvith/Desktop/Projects/Tulu Dataset/Tulu-Dtatset-V2/pa/pa_70.png,Tulu-Dtatset-V2,pa,validation,94ba036d68676f704404594e0c7ddc05b253264f035c3435621b6ede1d8f854d,359.0,347.0,RGBA,pa_70.png,.png
/home/manvith/Desktop/Projects/Tulu Dataset/Tulu-Dtatset-V2/pa/pa_16.png,Tulu-Dtatset-V2,pa,validation,618c555421a8b895bcad49a0bfffbdfd64c03e66c4809aecd6b7d30a283fd350,361.0,354.0,RGBA,pa_16.png,.png
/home/manvith/Desktop/Projects/Tulu Dataset/Tulu-Dtatset-V2/pa/pa_5.png,Tulu-Dtatset-V2,pa,validation,1278b53af4b10b8d4bb49057e46c6e3c6741139e118597c18bc94be368e35fd8,366.0,347.0,RGBA,pa_5.png,.png
/home/manvith/Desktop/Projects/Tulu Dataset/Tulu-Dtatset-V2/pa/pa_86.png,Tulu-Dtatset-V2,pa,validation,5489d5feec29cacd9d1febc4b742312bd311cd289c577f2674683f4efc39e388,366.0,347.0,RGBA,pa_86.png,.png
/home/manvith/Desktop/Projects/Tulu Dataset/Tulu-Dtatset-V2/pa/pa_82.png,Tulu-Dtatset-V2,pa,validation,48082abd7d6567ccdf84654231fc51b70f36bbd2402d109981d6ac56640f13ec,366.0,347.0,RGBA,pa_82.png,.png
/home/manvith/Desktop/Projects/Tulu Dataset/Tulu-Dtatset-V2/pa/pa_93.png,Tulu-Dtatset-V2,pa,validation,e0ae2c0e39037ab5b8dae9050763c0807e3317b5a751ef79dafd7cbd3252b64c,366.0,347.0,RGBA,pa_93.png,.png
/home/manvith/Desktop/Projects/Tulu Dataset/Tulu-Dtatset-V2/pa/pa_19.png,Tulu-Dtatset-V2,pa,validation,7e35640483442cbbb0f9e8dbd582b39cf1f0225e0652d0c3f75c4b8fea63c799,361.0,354.0,RGBA,pa_19.png,.png
/home/manvith/Desktop/Projects/Tulu Dataset/Tulu-Dtatset-V2/pa/pa_1.png,Tulu-Dtatset-V2,pa,validation,9567e2de7866d3e3d98c95f8f8e7d053ba4161fec9accdb26cf3495da25dbf19,366.0,347.0,RGBA,pa_1.png,.png
/home/manvith/Desktop/Projects/Tulu Dataset/Tulu-Dtatset-V2/pha/pha_23.png,Tulu-Dtatset-V2,pha,validation,5a404408e38d0d050b4e0b1a899f83e67deb2afb5d2f8af9b3ff437c29bbc6ec,365.0,350.0,RGBA,pha_23.png,.png
/home/manvith/Desktop/Projects/Tulu Dataset/Tulu-Dtatset-V2/pha/pha_25.png,Tulu-Dtatset-V2,pha,validation,50a03bc1bc820ceddc84e6af0de5c06cb091d05361d100632c472d6ec0f01d7d,365.0,350.0,RGBA,pha_25.png,.png
/home/manvith/Desktop/Projects/Tulu Dataset/Tulu-Dtatset-V2/pha/pha_20.png,Tulu-Dtatset-V2,pha,validation,0d83ada186d12441e8015a638a15dc480856343d7704c1cf1ff090ec359eaf31,365.0,350.0,RGBA,pha_20.png,.png
/home/manvith/Desktop/Projects/Tulu Dataset/Tulu-Dtatset-V2/pha/pha_2.png,Tulu-Dtatset-V2,pha,validation,03835b884717fadd0b905f1783cb9433dbd2b85d6033416b0b0d4fdfb7fcad86,367.0,355.0,RGBA,pha_2.png,.png
/home/manvith/Desktop/Projects/Tulu Dataset/Tulu-Dtatset-V2/pha/pha_90.png,Tulu-Dtatset-V2,pha,validation,1cad1eaadd198a74a1c0ef81ff5cb5d4cde86b361145ee7f66190fe6fd828f71,367.0,347.0,RGBA,pha_90.png,.png
/home/manvith/Desktop/Projects/Tulu Dataset/Tulu-Dtatset-V2/pha/pha_92.png,Tulu-Dtatset-V2,pha,validation,6c662ef5aceef10b0c2bd0adf8619c0c3ec6a9688f913f2e8182b4d04574a6bf,367.0,347.0,RGBA,pha_92.png,.png
/home/manvith/Desktop/Projects/Tulu Dataset/Tulu-Dtatset-V2/pha/pha_95.png,Tulu-Dtatset-V2,pha,validation,46fa4e130935dea071f9febd62da7710da12211bc08492d0193060dfa892613e,367.0,347.0,RGBA,pha_95.png,.png
/home/manvith/Desktop/Projects/Tulu Dataset/Tulu-Dtatset-V2/pha/pha_57.png,Tulu-Dtatset-V2,pha,validation,434ba0ec9a2bf8e7a7f2c286792989a885f405f991a9c3050b9a6eaffc26002b,365.0,344.0,RGBA,pha_57.png,.png
/home/manvith/Desktop/Projects/Tulu Dataset/Tulu-Dtatset-V2/pha/pha_27.png,Tulu-Dtatset-V2,pha,validation,374ed8b838a6210d90a28d035e77a93c29fcad1b8428b434deb2c5f8e7a1458d,365.0,350.0,RGBA,pha_27.png,.png
/home/manvith/Desktop/Projects/Tulu Dataset/Tulu-Dtatset-V2/pha/pha_82.png,Tulu-Dtatset-V2,pha,validation,472a638b4c5585bb45005f5d00bf0a8abd57bec4e7e913f91d2db0000055587a,367.0,347.0,RGBA,pha_82.png,.png
/home/manvith/Desktop/Projects/Tulu Dataset/Tulu-Dtatset-V2/ra/ra_28.png,Tulu-Dtatset-V2,ra,validation,ec9d251c6b0d41b9783cb3df96f7ca382d9eae2a3b2d552c61acd2d07991c7f4,369.0,356.0,RGBA,ra_28.png,.png
/home/manvith/Desktop/Projects/Tulu Dataset/Tulu-Dtatset-V2/ra/ra_84.png,Tulu-Dtatset-V2,ra,validation,3ad03f589431220e13175c58c0fcb1160a061e14d35fb0af34f1caa7bf81b5ae,360.0,349.0,RGBA,ra_84.png,.png
/home/manvith/Desktop/Projects/Tulu Dataset/Tulu-Dtatset-V2/ra/ra_25.png,Tulu-Dtatset-V2,ra,validation,fc0b76673d3c72d1dfb8ccfd467176541eeffcef22eb0232db27f4e2beba84a2,369.0,356.0,RGBA,ra_25.png,.png
/home/manvith/Desktop/Projects/Tulu Dataset/Tulu-Dtatset-V2/ra/ra_10.png,Tulu-Dtatset-V2,ra,validation,dddae6e7f440fb7cf964198b3e561a79fa72d692dea0ce55dded308980fd322e,369.0,357.0,RGBA,ra_10.png,.png
/home/manvith/Desktop/Projects/Tulu Dataset/Tulu-Dtatset-V2/ra/ra_23.png,Tulu-Dtatset-V2,ra,validation,607238ae1b5503eab8d213434c8752e72328e1c85dd53e6f810477e8e9fd4b29,369.0,356.0,RGBA,ra_23.png,.png
/home/manvith/Desktop/Projects/Tulu Dataset/Tulu-Dtatset-V2/ra/ra_3.png,Tulu-Dtatset-V2,ra,validation,e2e5b274b35036f7e5de258e0806b7e1d3f17516101854f1abada4db4f478980,360.0,351.0,RGBA,ra_3.png,.png
/home/manvith/Desktop/Projects/Tulu Dataset/Tulu-Dtatset-V2/ra/ra_86.png,Tulu-Dtatset-V2,ra,validation,0b3ff6f916f03ffc4b69175363569a8b0f941c09a124fc2568d5d6058b637787,360.0,349.0,RGBA,ra_86.png,.png
/home/manvith/Desktop/Projects/Tulu Dataset/Tulu-Dtatset-V2/ra/ra_87.png,Tulu-Dtatset-V2,ra,validation,46f9e1b69b5ffdd6ac83037fecf2159ed0c5cd84452e93b12b8c7269673de7fe,360.0,349.0,RGBA,ra_87.png,.png
/home/manvith/Desktop/Projects/Tulu Dataset/Tulu-Dtatset-V2/ra/ra_45.png,Tulu-Dtatset-V2,ra,validation,5329418c710d07e803212d71f18c9d0bbf43900e241b62cb1e7b6a4810ff4986,369.0,356.0,RGBA,ra_45.png,.png
/home/manvith/Desktop/Projects/Tulu Dataset/Tulu-Dtatset-V2/ra/ra_97.png,Tulu-Dtatset-V2,ra,validation,829a7bb7f1f909644748aba593f171654a14f454011d22091348da8a39e736bf,360.0,349.0,RGBA,ra_97.png,.png
/home/manvith/Desktop/Projects/Tulu Dataset/Tulu-Dtatset-V2/ru/ru_35.png,Tulu-Dtatset-V2,ru,validation,a61cda4a4c8903627eb1f44047b41719f8b59cc4c983c1b62f29166a40cd71cb,365.0,346.0,RGBA,ru_35.png,.png
/home/manvith/Desktop/Projects/Tulu Dataset/Tulu-Dtatset-V2/ru/ru_11.png,Tulu-Dtatset-V2,ru,validation,e18a2fa4635b6ceaa78d81e8442e61d02acfd3119d9f33a5372a0752ae136465,363.0,352.0,RGBA,ru_11.png,.png
/home/manvith/Desktop/Projects/Tulu Dataset/Tulu-Dtatset-V2/ru/ru_56.png,Tulu-Dtatset-V2,ru,validation,16d3f64f3ace488dfeeee336b85963a814b364a45fd1d739b291c91171bdd63f,367.0,347.0,RGBA,ru_56.png,.png
/home/manvith/Desktop/Projects/Tulu Dataset/Tulu-Dtatset-V2/ru/ru_1.png,Tulu-Dtatset-V2,ru,validation,1b7b984320ec50687fa896e9d42523482b73dd3e85ab9b19af3a4a8bf717b501,365.0,346.0,RGBA,ru_1.png,.png
/home/manvith/Desktop/Projects/Tulu Dataset/Tulu-Dtatset-V2/ru/ru_26.png,Tulu-Dtatset-V2,ru,validation,a1aadb7a5b0b89345bc254815365a8644586221ccb9f54a25fd7b9204ab78ab8,365.0,346.0,RGBA,ru_26.png,.png
/home/manvith/Desktop/Projects/Tulu Dataset/Tulu-Dtatset-V2/ru/ru_92.png,Tulu-Dtatset-V2,ru,validation,e9bc36104b15f508ce42228486cfa2f4d91f85aef44f90d86514ef45d138d16b,359.0,345.0,RGBA,ru_92.png,.png
/home/manvith/Desktop/Projects/Tulu Dataset/Tulu-Dtatset-V2/ru/ru_71.png,Tulu-Dtatset-V2,ru,validation,3dcd75e0b3b6b4fce1396f2b4f1fee5beaa918c4a2cd2dde1c01634d399ed708,367.0,347.0,RGBA,ru_71.png,.png
/home/manvith/Desktop/Projects/Tulu Dataset/Tulu-Dtatset-V2/ru/ru_97.png,Tulu-Dtatset-V2,ru,validation,4a1f17764f51e400b4a258c664c57e7fb1b665987e98acc405f3431edcdac8db,359.0,345.0,RGBA,ru_97.png,.png
/home/manvith/Desktop/Projects/Tulu Dataset/Tulu-Dtatset-V2/ru/ru_66.png,Tulu-Dtatset-V2,ru,validation,d64a83719b0d33da71729ca4fa2554cb2382cccf8e3b9bcc740fb8b25e71d1b4,367.0,347.0,RGBA,ru_66.png,.png
/home/manvith/Desktop/Projects/Tulu Dataset/Tulu-Dtatset-V2/ru/ru_77.png,Tulu-Dtatset-V2,ru,validation,4850b7818afc78ba1dc8ff9547c79306a5f06091681c7fa96f8679011e099bc8,367.0,347.0,RGBA,ru_77.png,.png
/home/manvith/Desktop/Projects/Tulu Dataset/Tulu-Dtatset-V2/ruu/ruu_60.png,Tulu-Dtatset-V2,ruu,validation,ffe34fa0ea4d5adb981c4a28fc65d70b6dc336e8e8ef5c78937398dcfc9df050,360.0,346.0,RGBA,ruu_60.png,.png
/home/manvith/Desktop/Projects/Tulu Dataset/Tulu-Dtatset-V2/ruu/ruu_55.png,Tulu-Dtatset-V2,ruu,validation,01a6098eb5d24963f6e72cb79ecc257ebf0fbd1e82ccaa2436ae1c3f80e78aa1,360.0,346.0,RGBA,ruu_55.png,.png
/home/manvith/Desktop/Projects/Tulu Dataset/Tulu-Dtatset-V2/ruu/ruu_11.png,Tulu-Dtatset-V2,ruu,validation,0263f59e45819c64690f55289ad40a55b9d0c89d5fa499071c61396bcf0d7958,365.0,350.0,RGBA,ruu_11.png,.png
/home/manvith/Desktop/Projects/Tulu Dataset/Tulu-Dtatset-V2/ruu/ruu_29.png,Tulu-Dtatset-V2,ruu,validation,83041436ff724bf285ad907e32b982bd7ee75f3a3bb725438c49c1f946e75efb,360.0,351.0,RGBA,ruu_29.png,.png
/home/manvith/Desktop/Projects/Tulu Dataset/Tulu-Dtatset-V2/ruu/ruu_39.png,Tulu-Dtatset-V2,ruu,validation,1e12e94d7abb68c22ce06909f3294d0f04a425f4adf577a79e6609dea187ce1f,360.0,351.0,RGBA,ruu_39.png,.png
/home/manvith/Desktop/Projects/Tulu Dataset/Tulu-Dtatset-V2/ruu/ruu_43.png,Tulu-Dtatset-V2,ruu,validation,3d27590d4bfb3e626b27bee75d3838521f3ccfb8e266a3ec0645b80cbd13db61,360.0,346.0,RGBA,ruu_43.png,.png
/home/manvith/Desktop/Projects/Tulu Dataset/Tulu-Dtatset-V2/ruu/ruu_14.png,Tulu-Dtatset-V2,ruu,validation,eb3b42ed73916047d7ca4eb6e31e1678f02258a005d707553fd04a01f725f39f,361.0,356.0,RGBA,ruu_14.png,.png
/home/manvith/Desktop/Projects/Tulu Dataset/Tulu-Dtatset-V2/ruu/ruu_68.png,Tulu-Dtatset-V2,ruu,validation,676b4d9d84035d3f30c719218d68386abc0f1515d69a21cd0c1a888ad50b8baa,360.0,346.0,RGBA,ruu_68.png,.png
/home/manvith/Desktop/Projects/Tulu Dataset/Tulu-Dtatset-V2/ruu/ruu_54.png,Tulu-Dtatset-V2,ruu,validation,4e613e459e1116a81ebc0c0dfeede9722f5c937d2ccbf051c2f81810eb015c37,360.0,346.0,RGBA,ruu_54.png,.png
/home/manvith/Desktop/Projects/Tulu Dataset/Tulu-Dtatset-V2/ruu/ruu_5.png,Tulu-Dtatset-V2,ruu,validation,bd626134c154ba06866bb423c7ee5aba5e90ae403c787148e031a176190d2681,360.0,351.0,RGBA,ruu_5.png,.png
/home/manvith/Desktop/Projects/Tulu Dataset/Tulu-Dtatset-V2/sa/sa_28.png,Tulu-Dtatset-V2,sa,validation,57a6e621fb98f1b3498aaad786cd68de8f412f310ab0beb4b7cd2a64bb39c252,353.0,350.0,RGBA,sa_28.png,.png
/home/manvith/Desktop/Projects/Tulu Dataset/Tulu-Dtatset-V2/sa/sa_36.png,Tulu-Dtatset-V2,sa,validation,f0bcc3aa8f6ccfc0788d69496020b0429096878ce5abbc698f1dcf3864b3447f,353.0,350.0,RGBA,sa_36.png,.png
/home/manvith/Desktop/Projects/Tulu Dataset/Tulu-Dtatset-V2/sa/sa_77.png,Tulu-Dtatset-V2,sa,validation,71dece3a558df54fbcc4bbcb6b6527414678658d6c86c73071a1529bd4db1954,352.0,353.0,RGBA,sa_77.png,.png
/home/manvith/Desktop/Projects/Tulu Dataset/Tulu-Dtatset-V2/sa/sa_50.png,Tulu-Dtatset-V2,sa,validation,0b01fd0cc9e0524d8067db8e27d4a248e00f9f5a670e7371b3df2269184384c7,353.0,350.0,RGBA,sa_50.png,.png
/home/manvith/Desktop/Projects/Tulu Dataset/Tulu-Dtatset-V2/sa/sa_70.png,Tulu-Dtatset-V2,sa,validation,4a441c00c8ba2d9ad2fab96ca1156fc59ec519e00c37f1039a11f565b132e98d,352.0,341.0,RGBA,sa_70.png,.png
/home/manvith/Desktop/Projects/Tulu Dataset/Tulu-Dtatset-V2/sa/sa_64.png,Tulu-Dtatset-V2,sa,validation,b4c0180cb035196384b9ed03d026bc4ce615753214f08c574afbc75e0438f4ba,352.0,341.0,RGBA,sa_64.png,.png
/home/manvith/Desktop/Projects/Tulu Dataset/Tulu-Dtatset-V2/sa/sa_16.png,Tulu-Dtatset-V2,sa,validation,8a3a7acb16f69506e549d59f5712e5dae8e70c933eaf2c09d791a38c82cdcac4,353.0,350.0,RGBA,sa_16.png,.png
/home/manvith/Desktop/Projects/Tulu Dataset/Tulu-Dtatset-V2/sa/sa_41.png,Tulu-Dtatset-V2,sa,validation,5e3d653b80e0d7a3e98d122235348e62a8204033466b821910de5c4ae9b83791,353.0,350.0,RGBA,sa_41.png,.png
/home/manvith/Desktop/Projects/Tulu Dataset/Tulu-Dtatset-V2/sa/sa_92.png,Tulu-Dtatset-V2,sa,validation,4b6b2f7ba19c20a2f585393b005d5a5dfb0f26d7c36db91dc47b18b181f24dfe,352.0,353.0,RGBA,sa_92.png,.png
/home/manvith/Desktop/Projects/Tulu Dataset/Tulu-Dtatset-V2/sa/sa_35.png,Tulu-Dtatset-V2,sa,validation,785bdd4c23290070015a587c3527594c7134d4816d2617ab2286980b008b2127,353.0,350.0,RGBA,sa_35.png,.png
/home/manvith/Desktop/Projects/Tulu Dataset/Tulu-Dtatset-V2/sha/sha_30.png,Tulu-Dtatset-V2,sha,validation,aa93c276a62f5ad1cf62d1305d23f3819d571eebc4dba63f6754cbe25e7c7ff2,357.0,352.0,RGBA,sha_30.png,.png
/home/manvith/Desktop/Projects/Tulu Dataset/Tulu-Dtatset-V2/sha/sha_74.png,Tulu-Dtatset-V2,sha,validation,d94053b3257866c115d9dd275ac0ae01eb5cf3fdd44f17c70f621c631423c834,340.0,354.0,RGBA,sha_74.png,.png
/home/manvith/Desktop/Projects/Tulu Dataset/Tulu-Dtatset-V2/sha/sha_26.png,Tulu-Dtatset-V2,sha,validation,8e3eb13d721e2c78e5d08ecfc4740a6bbd29df5b13d32180c0eda6e137ac56b5,357.0,352.0,RGBA,sha_26.png,.png
/home/manvith/Desktop/Projects/Tulu Dataset/Tulu-Dtatset-V2/sha/sha_91.png,Tulu-Dtatset-V2,sha,validation,47751721644791fed70beda6946e16dbe214d4dba562506b30d1186c66a9d24f,340.0,354.0,RGBA,sha_91.png,.png
/home/manvith/Desktop/Projects/Tulu Dataset/Tulu-Dtatset-V2/sha/sha_4.png,Tulu-Dtatset-V2,sha,validation,48f9e125b04f136ab855de566f08d4cb4d706dba27b06735cb71e7473dec1d9c,368.0,323.0,RGBA,sha_4.png,.png
/home/manvith/Desktop/Projects/Tulu Dataset/Tulu-Dtatset-V2/sha/sha_51.png,Tulu-Dtatset-V2,sha,validation,2255c1ad8eccea74d117b28017da10c1916cbc3171905351c3ac797262ad1ca9,368.0,323.0,RGBA,sha_51.png,.png
/home/manvith/Desktop/Projects/Tulu Dataset/Tulu-Dtatset-V2/sha/sha_88.png,Tulu-Dtatset-V2,sha,validation,18aa985354a30e5359ee95cd73374258455e05a88a9e3a78ecee864407431827,340.0,354.0,RGBA,sha_88.png,.png
/home/manvith/Desktop/Projects/Tulu Dataset/Tulu-Dtatset-V2/sha/sha_35.png,Tulu-Dtatset-V2,sha,validation,350dfb6c521d2a344acc8b8116a7df770b1bf886d0bafa86444e00934e6dbbf5,357.0,352.0,RGBA,sha_35.png,.png
/home/manvith/Desktop/Projects/Tulu Dataset/Tulu-Dtatset-V2/sha/sha_18.png,Tulu-Dtatset-V2,sha,validation,f947c43565beed136ff023d63fe7ae85e55df80aca711a39b99cc36deafcb4a0,357.0,352.0,RGBA,sha_18.png,.png
/home/manvith/Desktop/Projects/Tulu Dataset/Tulu-Dtatset-V2/shha/shha_64.png,Tulu-Dtatset-V2,shha,validation,076c0ace0f156f5f43830f2f92c5c8e54bcc5c7338126d1e7a05d2f0560af3f9,364.0,321.0,RGBA,shha_64.png,.png
/home/manvith/Desktop/Projects/Tulu Dataset/Tulu-Dtatset-V2/shha/shha_78.png,Tulu-Dtatset-V2,shha,validation,c336fab16995011c326979974dfd8a1fb6c269a42f3a23aea04a281ba156fe32,352.0,352.0,RGBA,shha_78.png,.png
/home/manvith/Desktop/Projects/Tulu Dataset/Tulu-Dtatset-V2/shha/shha_81.png,Tulu-Dtatset-V2,shha,validation,e04f28a4a552ecf62257807bbb522902c9dff174100994fb0d8535b66413b19b,352.0,352.0,RGBA,shha_81.png,.png
/home/manvith/Desktop/Projects/Tulu Dataset/Tulu-Dtatset-V2/shha/shha_42.png,Tulu-Dtatset-V2,shha,validation,2be78208cf0047a67dfc6ebfeb687991fdcc884b984366d026519cfb731ea154,337.0,354.0,RGBA,shha_42.png,.png
/home/manvith/Desktop/Projects/Tulu Dataset/Tulu-Dtatset-V2/shha/shha_19.png,Tulu-Dtatset-V2,shha,validation,95e975104a2b25b73d18c959cd01872fff37f7507af1d6a24fce67aeaee7afdf,337.0,354.0,RGBA,shha_19.png,.png
/home/manvith/Desktop/Projects/Tulu Dataset/Tulu-Dtatset-V2/shha/shha_58.png,Tulu-Dtatset-V2,shha,validation,b3c08b94bfc3b61a1cdee17126e2337132e59b19f702e483e6cb77a878b869d8,364.0,321.0,RGBA,shha_58.png,.png
/home/manvith/Desktop/Projects/Tulu Dataset/Tulu-Dtatset-V2/shha/shha_1.png,Tulu-Dtatset-V2,shha,validation,d2c0077492d8af7aa3f34df1feb71da7d7a0449bad2363a5b24dbe449c4e6bbb,352.0,352.0,RGBA,shha_1.png,.png
/home/manvith/Desktop/Projects/Tulu Dataset/Tulu-Dtatset-V2/shha/shha_50.png,Tulu-Dtatset-V2,shha,validation,1f429842e80a393c93c41b7f237e8c3328787f6c364cf9c96c10b7ea8662685c,337.0,354.0,RGBA,shha_50.png,.png
/home/manvith/Desktop/Projects/Tulu Dataset/Tulu-Dtatset-V2/shha/shha_94.png,Tulu-Dtatset-V2,shha,validation,0f46aef8a2088f301496bd0a1efe2c1910e52e0356cbcc3f47bd9fd3d4b822cb,352.0,352.0,RGBA,shha_94.png,.png
/home/manvith/Desktop/Projects/Tulu Dataset/Tulu-Dtatset-V2/shha/shha_26.png,Tulu-Dtatset-V2,shha,validation,d2290eb8edab75b614e0bf2d5622db0fbd4c1f990fc9abb27f3975df2b67a988,337.0,354.0,RGBA,shha_26.png,.png
/home/manvith/Desktop/Projects/Tulu Dataset/Tulu-Dtatset-V2/ta/ta_26.png,Tulu-Dtatset-V2,ta,validation,df40e102bc12f58cb6e96b7e1158644b0a5423d3dc012199e6c7d9b8f7a68e2e,361.0,346.0,RGBA,ta_26.png,.png
/home/manvith/Desktop/Projects/Tulu Dataset/Tulu-Dtatset-V2/ta/ta_84.png,Tulu-Dtatset-V2,ta,validation,3ae8405c62e7ff96769f5858bcc932cf60fab4a18529f35b6f8fa7cf2b7d41f9,364.0,347.0,RGBA,ta_84.png,.png
/home/manvith/Desktop/Projects/Tulu Dataset/Tulu-Dtatset-V2/ta/ta_21.png,Tulu-Dtatset-V2,ta,validation,bb3b0f0bca07ebdbc94c9646ec02959593ec28783d6cc6f4cda7edac8d40b178,361.0,346.0,RGBA,ta_21.png,.png
/home/manvith/Desktop/Projects/Tulu Dataset/Tulu-Dtatset-V2/ta/ta_58.png,Tulu-Dtatset-V2,ta,validation,015bb9d39f3a90913f661a63ef69d71ce8dc73ee1f25d647ca2581dd9ae22219,367.0,355.0,RGBA,ta_58.png,.png
/home/manvith/Desktop/Projects/Tulu Dataset/Tulu-Dtatset-V2/ta/ta_9.png,Tulu-Dtatset-V2,ta,validation,c508fbd3b94e0a7d8898da29bfb89198f6bd5da2d3d70f91d6dcc4378fb4e3e6,363.0,351.0,RGBA,ta_9.png,.png
/home/manvith/Desktop/Projects/Tulu Dataset/Tulu-Dtatset-V2/ta/ta_78.png,Tulu-Dtatset-V2,ta,validation,4f79b136af32d058d9bb515e44c0bbae382e3283482b16c2e495da48f2dac7cf,364.0,347.0,RGBA,ta_78.png,.png
/home/manvith/Desktop/Projects/Tulu Dataset/Tulu-Dtatset-V2/ta/ta_81.png,Tulu-Dtatset-V2,ta,validation,339a045a3a4ea2ab0473a5239780076c0a3bbe92567a5ea5e2eef475a03b70c7,364.0,347.0,RGBA,ta_81.png,.png
/home/manvith/Desktop/Projects/Tulu Dataset/Tulu-Dtatset-V2/ta/ta_10.png,Tulu-Dtatset-V2,ta,validation,ca1b210c8c62212c67ee48dcedfba018bdf7275c941dce132d21cc14f005ba75,364.0,347.0,RGBA,ta_10.png,.png
/home/manvith/Desktop/Projects/Tulu Dataset/Tulu-Dtatset-V2/ta/ta_62.png,Tulu-Dtatset-V2,ta,validation,75c9926a9fc6f7b4ba135745175d6ca084bf7b5e97638bb0abb8ecf486a87394,367.0,355.0,RGBA,ta_62.png,.png
/home/manvith/Desktop/Projects/Tulu Dataset/Tulu-Dtatset-V2/ta/ta_7.png,Tulu-Dtatset-V2,ta,validation,2f045688943e15b3ccb81d0d47757591c295d570cb61743c27e9373bc13f40a0,370.0,356.0,RGBA,ta_7.png,.png
/home/manvith/Desktop/Projects/Tulu Dataset/Tulu-Dtatset-V2/tha/tha_63.png,Tulu-Dtatset-V2,tha,validation,bf7029e415a20bdd26e53ecfe3bf3b8cb420380888c634cb2f774a3f84bc4ba4,356.0,345.0,RGBA,tha_63.png,.png
/home/manvith/Desktop/Projects/Tulu Dataset/Tulu-Dtatset-V2/tha/tha_29.png,Tulu-Dtatset-V2,tha,validation,bdfa8706dcb2b6e52327c818e01d6a4e981428c64409630e616d8af1c0e0966c,368.0,350.0,RGBA,tha_29.png,.png
/home/manvith/Desktop/Projects/Tulu Dataset/Tulu-Dtatset-V2/tha/tha_60.png,Tulu-Dtatset-V2,tha,validation,4fdda05a10fc5b820f5334f9e4c0853501b3c3673fe77ac26c83e2538404bfcd,356.0,345.0,RGBA,tha_60.png,.png
/home/manvith/Desktop/Projects/Tulu Dataset/Tulu-Dtatset-V2/tha/tha_78.png,Tulu-Dtatset-V2,tha,validation,59f2b2c1699a0e2b618ea9758e5afcfb51fac87c4e9bb8586ce222d7bc552542,356.0,345.0,RGBA,tha_78.png,.png
/home/manvith/Desktop/Projects/Tulu Dataset/Tulu-Dtatset-V2/tha/tha_65.png,Tulu-Dtatset-V2,tha,validation,854ac895607b2391a3369cd48711910bc85f64604d98764a5214dc817e319556,356.0,345.0,RGBA,tha_65.png,.png
/home/manvith/Desktop/Projects/Tulu Dataset/Tulu-Dtatset-V2/tha/tha_94.png,Tulu-Dtatset-V2,tha,validation,c67b620fb25a6accba7d6ac34a93b8c4178b2e7a563d7a2d4ad72da9221b1156,361.0,338.0,RGBA,tha_94.png,.png
/home/manvith/Desktop/Projects/Tulu Dataset/Tulu-Dtatset-V2/tha/tha_36.png,Tulu-Dtatset-V2,tha,validation,055e732401d5463cea35020727715bbcdea84ad74644dc008d6bc969137333bd,368.0,350.0,RGBA,tha_36.png,.png
/home/manvith/Desktop/Projects/Tulu Dataset/Tulu-Dtatset-V2/tha/tha_11.png,Tulu-Dtatset-V2,tha,validation,7371714fcce31bdda6bd5f69a777a53b272c4bfc74371a27dcf1306cdbbde1d1,367.0,349.0,RGBA,tha_11.png,.png
/home/manvith/Desktop/Projects/Tulu Dataset/Tulu-Dtatset-V2/tha/tha_88.png,Tulu-Dtatset-V2,tha,validation,6306772682c9cca60e63f784223a29efbadec33cc73f46a42c4d05e5fdd7ddfb,361.0,338.0,RGBA,tha_88.png,.png
/home/manvith/Desktop/Projects/Tulu Dataset/Tulu-Dtatset-V2/tha/tha_22.png,Tulu-Dtatset-V2,tha,validation,8a197246cdabe06990e517b5625f3e329e2119fa5d1e5e591ede880349aec1ca,368.0,350.0,RGBA,tha_22.png,.png
/home/manvith/Desktop/Projects/Tulu Dataset/Tulu-Dtatset-V2/thha/thha_63.png,Tulu-Dtatset-V2,thha,validation,1744862dea90fc63d91a34dd4b97f150139739486bb3c907a9d732d9f45e8379,360.0,339.0,RGBA,thha_63.png,.png
/home/manvith/Desktop/Projects/Tulu Dataset/Tulu-Dtatset-V2/thha/thha_82.png,Tulu-Dtatset-V2,thha,validation,1d3a452e626caef0c70d4c5d52d5d712cfd936e7209dfe149fbe815aa68a4525,360.0,337.0,RGBA,thha_82.png,.png
/home/manvith/Desktop/Projects/Tulu Dataset/Tulu-Dtatset-V2/thha/thha_70.png,Tulu-Dtatset-V2,thha,validation,8ffae46c23579298dc895ee477bd4e306d06dc544f6f2f9db5814c45743f1d6c,360.0,339.0,RGBA,thha_70.png,.png
/home/manvith/Desktop/Projects/Tulu Dataset/Tulu-Dtatset-V2/thha/thha_34.png,Tulu-Dtatset-V2,thha,validation,9cece0ed3b9f10aded6f149ee20b14947397e22cb7d512b61481a30f7d4fc004,362.0,337.0,RGBA,thha_34.png,.png
/home/manvith/Desktop/Projects/Tulu Dataset/Tulu-Dtatset-V2/thha/thha_48.png,Tulu-Dtatset-V2,thha,validation,3cb02a8fd62915469150109960f84cea01e9f85fcda19a63d48e5153fefcd263,362.0,337.0,RGBA,thha_48.png,.png
/home/manvith/Desktop/Projects/Tulu Dataset/Tulu-Dtatset-V2/thha/thha_30.png,Tulu-Dtatset-V2,thha,validation,c956a5fffe5fe1090560069f707ec4163926d0d31fcfbb090cdad015705d79bd,362.0,337.0,RGBA,thha_30.png,.png
/home/manvith/Desktop/Projects/Tulu Dataset/Tulu-Dtatset-V2/thha/thha_75.png,Tulu-Dtatset-V2,thha,validation,6f02c6d5a0a0f3f4d738230dc1f7f03b7bdf48719de4ee369818341c36c9f975,362.0,337.0,RGBA,thha_75.png,.png
/home/manvith/Desktop/Projects/Tulu Dataset/Tulu-Dtatset-V2/thha/thha_76.png,Tulu-Dtatset-V2,thha,validation,5968bf77b76c00aa8b2dacd9fceec9004751255eed0b182d38fd19d881874696,362.0,337.0,RGBA,thha_76.png,.png
/home/manvith/Desktop/Projects/Tulu Dataset/Tulu-Dtatset-V2/thha/thha_12.png,Tulu-Dtatset-V2,thha,validation,3d9f8bacbbd0115578be7f91089e293df89ef69ccbd73733e6e3d9482fc45d0c,362.0,337.0,RGBA,thha_12.png,.png
/home/manvith/Desktop/Projects/Tulu Dataset/Tulu-Dtatset-V2/thha/thha_53.png,Tulu-Dtatset-V2,thha,validation,6aba446962730dcddbe9d1bc4cbb8a21a95768b995d99155bf992bec156ca8c4,360.0,339.0,RGBA,thha_53.png,.png
/home/manvith/Desktop/Projects/Tulu Dataset/Tulu-Dtatset-V2/tta/tta_23.png,Tulu-Dtatset-V2,tta,validation,98fed0264625d3512cdeb010917a0188e07b53cae5d7fdc6d056b6abb9004c23,362.0,344.0,RGBA,tta_23.png,.png
/home/manvith/Desktop/Projects/Tulu Dataset/Tulu-Dtatset-V2/tta/tta_44.png,Tulu-Dtatset-V2,tta,validation,d5be1226fe7c787683ec4251b3789510221f428afe36d29d804d1c2c05b6b578,362.0,344.0,RGBA,tta_44.png,.png
/home/manvith/Desktop/Projects/Tulu Dataset/Tulu-Dtatset-V2/tta/tta_49.png,Tulu-Dtatset-V2,tta,validation,28ffcf87fb5218dab7445465169f992d22ace0a4a39b77574be68c9ed3cefcf4,362.0,344.0,RGBA,tta_49.png,.png
/home/manvith/Desktop/Projects/Tulu Dataset/Tulu-Dtatset-V2/tta/tta_34.png,Tulu-Dtatset-V2,tta,validation,737dd68c68c453cb2efbd076045242c4157649600f285dfcb48482e056b58433,362.0,344.0,RGBA,tta_34.png,.png
/home/manvith/Desktop/Projects/Tulu Dataset/Tulu-Dtatset-V2/tta/tta_37.png,Tulu-Dtatset-V2,tta,validation,38c791bfbe8a3e8e12d2358a906efdb4f9001d8803c1a99935cd0b496d327eb7,362.0,344.0,RGBA,tta_37.png,.png
/home/manvith/Desktop/Projects/Tulu Dataset/Tulu-Dtatset-V2/tta/tta_82.png,Tulu-Dtatset-V2,tta,validation,133d1168dc3683ddca9a921efdbc1ab703892001fd6fca7a3c32121ea676bdde,362.0,350.0,RGBA,tta_82.png,.png
/home/manvith/Desktop/Projects/Tulu Dataset/Tulu-Dtatset-V2/tta/tta_97.png,Tulu-Dtatset-V2,tta,validation,0879b76c1d4d17ee04690f6fa63c3983e27a475d4e6128b4f0fac097778b5cb6,362.0,350.0,RGBA,tta_97.png,.png
/home/manvith/Desktop/Projects/Tulu Dataset/Tulu-Dtatset-V2/tta/tta_88.png,Tulu-Dtatset-V2,tta,validation,65262684d4c81421bb9b6e26b0cc6ae5fe276f272af654b591e211f8e7acf9b2,362.0,350.0,RGBA,tta_88.png,.png
/home/manvith/Desktop/Projects/Tulu Dataset/Tulu-Dtatset-V2/tta/tta_100.png,Tulu-Dtatset-V2,tta,validation,62f5b4818a14792933f54eae9d374937c188683161668e1beff67346ec3f13f7,362.0,350.0,RGBA,tta_100.png,.png
/home/manvith/Desktop/Projects/Tulu Dataset/Tulu-Dtatset-V2/tta/tta_30.png,Tulu-Dtatset-V2,tta,validation,8f532f2a8b2bcd8ba385950865945ea58c1571390f875f272c44c62ce360efbe,362.0,344.0,RGBA,tta_30.png,.png
/home/manvith/Desktop/Projects/Tulu Dataset/Tulu-Dtatset-V2/u/u_21.png,Tulu-Dtatset-V2,u,validation,32f69a27716365784b32947c256338e47e6bab0e44c16a51211df90d99304f8e,366.0,343.0,RGBA,u_21.png,.png
/home/manvith/Desktop/Projects/Tulu Dataset/Tulu-Dtatset-V2/u/u_19.png,Tulu-Dtatset-V2,u,validation,0730f42ccdc7605c74cbe68a5d417767f94c96ccf1ec0d2e79609c3f0c40998a,366.0,343.0,RGBA,u_19.png,.png
/home/manvith/Desktop/Projects/Tulu Dataset/Tulu-Dtatset-V2/u/u_10.png,Tulu-Dtatset-V2,u,validation,92a1a811d17040afbc05e8402fcbda20252f23beedd5b5c0ea2af6bfb9b4a9f6,357.0,345.0,RGBA,u_10.png,.png
/home/manvith/Desktop/Projects/Tulu Dataset/Tulu-Dtatset-V2/u/u_1.png,Tulu-Dtatset-V2,u,validation,aeb8cd043035b18ba4813cd47740023282ae319a90a52e7fc2b85384bc892ec3,364.0,348.0,RGBA,u_1.png,.png
/home/manvith/Desktop/Projects/Tulu Dataset/Tulu-Dtatset-V2/u/u_36.png,Tulu-Dtatset-V2,u,validation,e3bb44221bba48b5bf5e8aba18ea914353ad191659ef8a71f79aef29be8433b8,366.0,343.0,RGBA,u_36.png,.png
/home/manvith/Desktop/Projects/Tulu Dataset/Tulu-Dtatset-V2/u/u_47.png,Tulu-Dtatset-V2,u,validation,f227e64046b41247d3907aeab00d785a0c6e2054b32083cf6d9ef4a1122cb178,366.0,343.0,RGBA,u_47.png,.png
/home/manvith/Desktop/Projects/Tulu Dataset/Tulu-Dtatset-V2/u/u_64.png,Tulu-Dtatset-V2,u,validation,a25c2da5346db98edc97a5a3dcca570c6e52ac6878a465579abab7d1368d89b2,361.0,344.0,RGBA,u_64.png,.png
/home/manvith/Desktop/Projects/Tulu Dataset/Tulu-Dtatset-V2/u/u_32.png,Tulu-Dtatset-V2,u,validation,5e251c7379739f742e9e371363073a0f46ea6495bd11c155f919b4f6adcd3738,366.0,343.0,RGBA,u_32.png,.png
/home/manvith/Desktop/Projects/Tulu Dataset/Tulu-Dtatset-V2/u/u_66.png,Tulu-Dtatset-V2,u,validation,934bf57359516d3ebdd6e1481e91cc1ca45749777a6da176f631fbd1ca7bc946,361.0,344.0,RGBA,u_66.png,.png
/home/manvith/Desktop/Projects/Tulu Dataset/Tulu-Dtatset-V2/u/u_72.png,Tulu-Dtatset-V2,u,validation,4634be367b3fbfcec671c8f4be0ba7d2a001554d7fbd7a1517b18d33d6074de3,361.0,344.0,RGBA,u_72.png,.png
/home/manvith/Desktop/Projects/Tulu Dataset/Tulu-Dtatset-V2/uu/uu_49.png,Tulu-Dtatset-V2,uu,validation,28a6bdad359cd30b12616ab0761fa4b4c2a25288a559ea3bddd1b9bebb0a4294,363.0,348.0,RGBA,uu_49.png,.png
/home/manvith/Desktop/Projects/Tulu Dataset/Tulu-Dtatset-V2/uu/uu_64.png,Tulu-Dtatset-V2,uu,validation,3b1929b6cde61a045afb78373f24745bcd18a16b91187998752968bccbe6bb98,360.0,347.0,RGBA,uu_64.png,.png
/home/manvith/Desktop/Projects/Tulu Dataset/Tulu-Dtatset-V2/uu/uu_37.png,Tulu-Dtatset-V2,uu,validation,37f3285c612a52d6e2f3e36b9b8a3ec09f3d893781d1fd77f4844f2eae8591c2,363.0,348.0,RGBA,uu_37.png,.png
/home/manvith/Desktop/Projects/Tulu Dataset/Tulu-Dtatset-V2/uu/uu_59.png,Tulu-Dtatset-V2,uu,validation,e6cf3839bd9e6efcbe46f800a8c9dfaf580a67ca91a5d0037193a4c80d96aaff,360.0,347.0,RGBA,uu_59.png,.png
/home/manvith/Desktop/Projects/Tulu Dataset/Tulu-Dtatset-V2/uu/uu_2.png,Tulu-Dtatset-V2,uu,validation,dca30427bebf84d8ed542427ab9d506437322c3d4cc18a43be0c34fe39433201,346.0,355.0,RGBA,uu_2.png,.png
/home/manvith/Desktop/Projects/Tulu Dataset/Tulu-Dtatset-V2/uu/uu_80.png,Tulu-Dtatset-V2,uu,validation,59dc9bf54b47a28ac9012053d6ff6e510274263174ada113cdd15b96f0443b31,360.0,347.0,RGBA,uu_80.png,.png
/home/manvith/Desktop/Projects/Tulu Dataset/Tulu-Dtatset-V2/uu/uu_88.png,Tulu-Dtatset-V2,uu,validation,1deb98809a7eabc26f4f8a5475b7c46ec48b76a560a1f58038490e7656e429f1,356.0,351.0,RGBA,uu_88.png,.png
/home/manvith/Desktop/Projects/Tulu Dataset/Tulu-Dtatset-V2/uu/uu_69.png,Tulu-Dtatset-V2,uu,validation,859ca94c4c000bb00139b69d133924cace7e29b9659c9b649aa00dac5a83974c,360.0,347.0,RGBA,uu_69.png,.png
/home/manvith/Desktop/Projects/Tulu Dataset/Tulu-Dtatset-V2/uu/uu_48.png,Tulu-Dtatset-V2,uu,validation,9cd4fae2e89df926474afe65ca4f9d83ad5cb3287f6b4d040d21653fe4ec84ec,363.0,348.0,RGBA,uu_48.png,.png
/home/manvith/Desktop/Projects/Tulu Dataset/Tulu-Dtatset-V2/uu/uu_86.png,Tulu-Dtatset-V2,uu,validation,0b623a271d90741722e41d3a2644e5184984acc873b5fa6e942571e7685f192b,356.0,351.0,RGBA,uu_86.png,.png
/home/manvith/Desktop/Projects/Tulu Dataset/Tulu-Dtatset-V2/va/va_79.png,Tulu-Dtatset-V2,va,validation,9c09f17c545ffa64f4380599312896a4510123a75d02ce11ce67f0d7dad5b21d,348.0,351.0,RGBA,va_79.png,.png
/home/manvith/Desktop/Projects/Tulu Dataset/Tulu-Dtatset-V2/va/va_13.png,Tulu-Dtatset-V2,va,validation,6f12c0a26ffa83842a35ccf20ece7bca8ceca7f7fc52d327900c6b7d297bf614,361.0,333.0,RGBA,va_13.png,.png
/home/manvith/Desktop/Projects/Tulu Dataset/Tulu-Dtatset-V2/va/va_59.png,Tulu-Dtatset-V2,va,validation,b04fb4841d96b43df8b8bb8b48a10373c968294f0af73419f351ed915490ec78,348.0,351.0,RGBA,va_59.png,.png
/home/manvith/Desktop/Projects/Tulu Dataset/Tulu-Dtatset-V2/va/va_96.png,Tulu-Dtatset-V2,va,validation,4af586aad393eba130590d4c92c8f21054bbdb7f6b95c033408e26682d670b42,357.0,338.0,RGBA,va_96.png,.png
/home/manvith/Desktop/Projects/Tulu Dataset/Tulu-Dtatset-V2/va/va_5.png,Tulu-Dtatset-V2,va,validation,2cf57e714edf8602e28a0703f421f5454edb105e96a936fe8e1c0fe301eb773a,360.0,322.0,RGBA,va_5.png,.png
/home/manvith/Desktop/Projects/Tulu Dataset/Tulu-Dtatset-V2/va/va_90.png,Tulu-Dtatset-V2,va,validation,8bdf9ee45ba535376d8fb1a9561a663981e6f321197ffb41f679698e14c8d67e,357.0,338.0,RGBA,va_90.png,.png
/home/manvith/Desktop/Projects/Tulu Dataset/Tulu-Dtatset-V2/va/va_63.png,Tulu-Dtatset-V2,va,validation,adf94c62b5fab834185c52056d93192b7ba41c4ec42107202aeae30bb787d99a,348.0,351.0,RGBA,va_63.png,.png
/home/manvith/Desktop/Projects/Tulu Dataset/Tulu-Dtatset-V2/va/va_35.png,Tulu-Dtatset-V2,va,validation,758ae4f18adadcd8f255c54e95b0057f82e192e7c635ad9171800a3b7368b30e,354.0,344.0,RGBA,va_35.png,.png
/home/manvith/Desktop/Projects/Tulu Dataset/Tulu-Dtatset-V2/va/va_56.png,Tulu-Dtatset-V2,va,validation,4b6450093f5492dee4cd871a8a6052a025a30370ab66a88e1e0aaa16c988761d,348.0,351.0,RGBA,va_56.png,.png
/home/manvith/Desktop/Projects/Tulu Dataset/Tulu-Dtatset-V2/va/va_24.png,Tulu-Dtatset-V2,va,validation,34628f08bee1c874d0ce90cd98e2f4e9ea9a7b95746b8be2ec796c39ef33612e,354.0,344.0,RGBA,va_24.png,.png
/home/manvith/Desktop/Projects/Tulu Dataset/Tulu-Dtatset-V2/ya/ya_34.png,Tulu-Dtatset-V2,ya,validation,97ff009e4572c1af393cebe2dadb15cbef751f2c3091698a85f9b771495ac14d,370.0,357.0,RGBA,ya_34.png,.png
/home/manvith/Desktop/Projects/Tulu Dataset/Tulu-Dtatset-V2/ya/ya_73.png,Tulu-Dtatset-V2,ya,validation,f81bec7b9d3fcb94650cd59ad04e25261d991d72b8d16874bf40ba9de45b1bcd,367.0,356.0,RGBA,ya_73.png,.png
/home/manvith/Desktop/Projects/Tulu Dataset/Tulu-Dtatset-V2/ya/ya_8.png,Tulu-Dtatset-V2,ya,validation,10586913252b70e0f2baeb176102f732066b8583064f84a11c9efd94bb019950,351.0,356.0,RGBA,ya_8.png,.png
/home/manvith/Desktop/Projects/Tulu Dataset/Tulu-Dtatset-V2/ya/ya_20.png,Tulu-Dtatset-V2,ya,validation,c9b56b203b3d51b324687818fdb80f6505dfedcca892a756e94a5ee21cfae507,350.0,351.0,RGBA,ya_20.png,.png
/home/manvith/Desktop/Projects/Tulu Dataset/Tulu-Dtatset-V2/ya/ya_60.png,Tulu-Dtatset-V2,ya,validation,e56262dddcae437b33e1a602e22dd943347e4bd5b22dfd50a649f2f38df2736c,370.0,357.0,RGBA,ya_60.png,.png
/home/manvith/Desktop/Projects/Tulu Dataset/Tulu-Dtatset-V2/ya/ya_5.png,Tulu-Dtatset-V2,ya,validation,833b6953ccb02f8f67acde0ff7db66c1e6ce3052cdecd011f412c6f6e685ee39,350.0,351.0,RGBA,ya_5.png,.png
/home/manvith/Desktop/Projects/Tulu Dataset/Tulu-Dtatset-V2/ya/ya_12.png,Tulu-Dtatset-V2,ya,validation,345fd3e278a508642d3ab9244d17959d196b68753ab96e1079a03990cdcaa29a,369.0,340.0,RGBA,ya_12.png,.png
/home/manvith/Desktop/Projects/Tulu Dataset/Tulu-Dtatset-V2/ya/ya_71.png,Tulu-Dtatset-V2,ya,validation,d5e3774391da8cb5790a66f5ba2e08641004a388290d692500b71ab0f2f579f1,367.0,356.0,RGBA,ya_71.png,.png
/home/manvith/Desktop/Projects/Tulu Dataset/Tulu-Dtatset-V2/ya/ya_32.png,Tulu-Dtatset-V2,ya,validation,1c01605f782dde3031e750b0b5b4573ee9b4a7ea0214a7aa3d057eaa7de77df2,370.0,357.0,RGBA,ya_32.png,.png
/home/manvith/Desktop/Projects/Tulu Dataset/Tulu-Dtatset-V2/ya/ya_42.png,Tulu-Dtatset-V2,ya,validation,13bb5658704fdd6b1611bf2e96f13d359e70daa1e84279909923e7dc794831eb,370.0,357.0,RGBA,ya_42.png,.png
/home/manvith/Desktop/Projects/Tulu Dataset/Tulu-Dtatset-V2/a/a_9.png,Tulu-Dtatset-V2,a,test,7517fe4358c09fb84bfff834820704580db5cc2e218848b1959ff7db61b8618e,359.0,343.0,RGBA,a_9.png,.png
/home/manvith/Desktop/Projects/Tulu Dataset/Tulu-Dtatset-V2/a/a_21.png,Tulu-Dtatset-V2,a,test,f9f21812e339dc693c67de801ade2d4b594dd05a59ab8ec2d73fae818f3ef9bd,365.0,350.0,RGBA,a_21.png,.png
/home/manvith/Desktop/Projects/Tulu Dataset/Tulu-Dtatset-V2/a/a_25.png,Tulu-Dtatset-V2,a,test,88699fec30afe50d7124cd106c40305e3f4d2ec9ed032e4259867e46f8258e46,365.0,350.0,RGBA,a_25.png,.png
/home/manvith/Desktop/Projects/Tulu Dataset/Tulu-Dtatset-V2/a/a_37.png,Tulu-Dtatset-V2,a,test,689958d9d17f850850c94bad9697ff772ac3cd00aee05af7e2f8eb849c9ae36c,365.0,350.0,RGBA,a_37.png,.png
/home/manvith/Desktop/Projects/Tulu Dataset/Tulu-Dtatset-V2/a/a_4.png,Tulu-Dtatset-V2,a,test,6409c6d3a4f661112cc4ae257f948af2596848fcc604a0d2d11870dceff37dbb,337.0,351.0,RGBA,a_4.png,.png
/home/manvith/Desktop/Projects/Tulu Dataset/Tulu-Dtatset-V2/a/a_43.png,Tulu-Dtatset-V2,a,test,7da2c76001ee261169caed1e1d9db92e2e2485e5969dfda1f593154ff266a8a0,365.0,350.0,RGBA,a_43.png,.png
/home/manvith/Desktop/Projects/Tulu Dataset/Tulu-Dtatset-V2/a/a_97.png,Tulu-Dtatset-V2,a,test,7ff6999f4020b66bb9da034968b011829024558721d89a267005c8cb8f70c1bc,369.0,357.0,RGBA,a_97.png,.png
/home/manvith/Desktop/Projects/Tulu Dataset/Tulu-Dtatset-V2/a/a_12.png,Tulu-Dtatset-V2,a,test,88dddd4ae9780f62fd0033a00b17fb43009f63c250248fa6ef3ebf1065ae937d,351.0,355.0,RGBA,a_12.png,.png
/home/manvith/Desktop/Projects/Tulu Dataset/Tulu-Dtatset-V2/a/a_22.png,Tulu-Dtatset-V2,a,test,f5b10a81a1269feb34675b26424bf6e6865d5fb51b3777241123b3380cd245aa,365.0,350.0,RGBA,a_22.png,.png
/home/manvith/Desktop/Projects/Tulu Dataset/Tulu-Dtatset-V2/a/a_85.png,Tulu-Dtatset-V2,a,test,4e168892051bd8931dd91747eff87eac763b139cef59c1d9a7109807a59f3025,359.0,343.0,RGBA,a_85.png,.png
/home/manvith/Desktop/Projects/Tulu Dataset/Tulu-Dtatset-V2/aa/aa_61.png,Tulu-Dtatset-V2,aa,test,1cde1f4f6455379ec55aa1de97a60b86811b2e15a281ae660c6e345f1dce39cf,359.0,353.0,RGBA,aa_61.png,.png
/home/manvith/Desktop/Projects/Tulu Dataset/Tulu-Dtatset-V2/aa/aa_83.png,Tulu-Dtatset-V2,aa,test,64b9e4b9271748d0b48b8bb2cb04cbecb78d65622ba98c2fbdb4acbf1e90a9dd,355.0,344.0,RGBA,aa_83.png,.png
/home/manvith/Desktop/Projects/Tulu Dataset/Tulu-Dtatset-V2/aa/aa_54.png,Tulu-Dtatset-V2,aa,test,1b095f8f37dee93565776773a5bff5fb5a35d15b6229b450817173b1a472e7a1,350.0,347.0,RGBA,aa_54.png,.png
/home/manvith/Desktop/Projects/Tulu Dataset/Tulu-Dtatset-V2/aa/aa_66.png,Tulu-Dtatset-V2,aa,test,b69190b6cc18dc3a8d64280bb07b12a4a24822db92709e25b9cb007875ff34cb,359.0,353.0,RGBA,aa_66.png,.png
/home/manvith/Desktop/Projects/Tulu Dataset/Tulu-Dtatset-V2/aa/aa_84.png,Tulu-Dtatset-V2,aa,test,5e279b2aacb7b9ca67e71606aa3e811eb331b955cb53c1212a35759a9db0c1f7,355.0,344.0,RGBA,aa_84.png,.png
/home/manvith/Desktop/Projects/Tulu Dataset/Tulu-Dtatset-V2/aa/aa_99.png,Tulu-Dtatset-V2,aa,test,0c3c414ca0f1ac4cddaadb3c893f5b5ea389ec027b9c1880cd2c6179e8863dfd,355.0,344.0,RGBA,aa_99.png,.png
/home/manvith/Desktop/Projects/Tulu Dataset/Tulu-Dtatset-V2/aa/aa_45.png,Tulu-Dtatset-V2,aa,test,8af1d3c058ad059faffea41ce93c324f85f0189d93d6bd04f2eb6b81868a8bcf,363.0,347.0,RGBA,aa_45.png,.png
/home/manvith/Desktop/Projects/Tulu Dataset/Tulu-Dtatset-V2/aa/aa_91.png,Tulu-Dtatset-V2,aa,test,e2a6010cb007721911e528d44a4965d67bbec7a148f8fb0d194b60745766f94d,355.0,344.0,RGBA,aa_91.png,.png
/home/manvith/Desktop/Projects/Tulu Dataset/Tulu-Dtatset-V2/aa/aa_74.png,Tulu-Dtatset-V2,aa,test,f60362b694ee47c6feb610affd9b267dcc61cdd11e7ee446a6dccedbdf18d385,346.0,350.0,RGBA,aa_74.png,.png
/home/manvith/Desktop/Projects/Tulu Dataset/Tulu-Dtatset-V2/aa/aa_33.png,Tulu-Dtatset-V2,aa,test,4afdff5b9188983d643152f324ed2ad476b4ea19897580e26925731e6d18cc8d,363.0,347.0,RGBA,aa_33.png,.png
/home/manvith/Desktop/Projects/Tulu Dataset/Tulu-Dtatset-V2/ae/ae_77.png,Tulu-Dtatset-V2,ae,test,6d11bdffe9b883a1a53c26d501c2b417aa6ec09612dfc428e58eef2e63587fc7,361.0,355.0,RGBA,ae_77.png,.png
/home/manvith/Desktop/Projects/Tulu Dataset/Tulu-Dtatset-V2/ae/ae_100.png,Tulu-Dtatset-V2,ae,test,d791e31a9f6aeaceeb28246de1c54b4c128aa0a5823d5a8ab84561f0fe58987a,364.0,349.0,RGBA,ae_100.png,.png
/home/manvith/Desktop/Projects/Tulu Dataset/Tulu-Dtatset-V2/ae/ae_48.png,Tulu-Dtatset-V2,ae,test,715edbe07f875779e2f8ff187ba2e5aa81c4eec6a65a2f145434a89f852166e9,368.0,358.0,RGBA,ae_48.png,.png
/home/manvith/Desktop/Projects/Tulu Dataset/Tulu-Dtatset-V2/ae/ae_16.png,Tulu-Dtatset-V2,ae,test,54df21feb20e64ffc9609ad8110bea16a79148a0b9b2e143bb782d5812e732ea,362.0,357.0,RGBA,ae_16.png,.png
/home/manvith/Desktop/Projects/Tulu Dataset/Tulu-Dtatset-V2/ae/ae_34.png,Tulu-Dtatset-V2,ae,test,744fa3826cc6306689d7e911781fe07f935c59e3188fd4799d9801797a521ecd,361.0,348.0,RGBA,ae_34.png,.png
/home/manvith/Desktop/Projects/Tulu Dataset/Tulu-Dtatset-V2/ae/ae_37.png,Tulu-Dtatset-V2,ae,test,87c20f4b596715edaf6d8bd19c081c469119fe6368623e5b9ba9e873bed7208b,368.0,358.0,RGBA,ae_37.png,.png
/home/manvith/Desktop/Projects/Tulu Dataset/Tulu-Dtatset-V2/ae/ae_22.png,Tulu-Dtatset-V2,ae,test,c66c60cdb22f6d60d71dbf8860dd2712cec937732b0c4f72244916b835cb899a,362.0,357.0,RGBA,ae_22.png,.png
/home/manvith/Desktop/Projects/Tulu Dataset/Tulu-Dtatset-V2/ae/ae_60.png,Tulu-Dtatset-V2,ae,test,f4b7c53c53764695822b095db7217029e0896fbf224fdaf7dd148972d9b5e25b,367.0,355.0,RGBA,ae_60.png,.png
/home/manvith/Desktop/Projects/Tulu Dataset/Tulu-Dtatset-V2/ae/ae_69.png,Tulu-Dtatset-V2,ae,test,13d6c4c622da5be3e67c05486d259793d01b229a553832abb6fda8ef1cf80462,359.0,345.0,RGBA,ae_69.png,.png
/home/manvith/Desktop/Projects/Tulu Dataset/Tulu-Dtatset-V2/ae/ae_6.png,Tulu-Dtatset-V2,ae,test,369e3a58b9435c2e8c37acd498c752d09ef9d0d0b7dd87acb80aae479423d782,358.0,347.0,RGBA,ae_6.png,.png
/home/manvith/Desktop/Projects/Tulu Dataset/Tulu-Dtatset-V2/aee/aee_97.png,Tulu-Dtatset-V2,aee,test,6e69e08478cc3f7fe161e0588cd81e21f9a03fafe0e623d9732263f25a2aad29,354.0,345.0,RGBA,aee_97.png,.png
/home/manvith/Desktop/Projects/Tulu Dataset/Tulu-Dtatset-V2/aee/aee_27.png,Tulu-Dtatset-V2,aee,test,373f314008ca071053f0472a76a697f7e96584b97d12e921c747d13516f3b9f0,355.0,357.0,RGBA,aee_27.png,.png
/home/manvith/Desktop/Projects/Tulu Dataset/Tulu-Dtatset-V2/aee/aee_7.png,Tulu-Dtatset-V2,aee,test,f61638f8432d6adc0839b3c90e1591aa40f829eae01720e32b81bc098a8d9e52,367.0,356.0,RGBA,aee_7.png,.png
/home/manvith/Desktop/Projects/Tulu Dataset/Tulu-Dtatset-V2/aee/aee_67.png,Tulu-Dtatset-V2,aee,test,d2c29b80f10deec8c41f482a39463693f05bb7569e16903c9ab0f4fca1fc8d5e,356.0,346.0,RGBA,aee_67.png,.png
/home/manvith/Desktop/Projects/Tulu Dataset/Tulu-Dtatset-V2/aee/aee_64.png,Tulu-Dtatset-V2,aee,test,d7ede34a717e4558915dfb2e0661e7ab0ad5f6317b306acdba056e43ac08780a,367.0,356.0,RGBA,aee_64.png,.png
/home/manvith/Desktop/Projects/Tulu Dataset/Tulu-Dtatset-V2/aee/aee_76.png,Tulu-Dtatset-V2,aee,test,b491f13e5f59e6dffe7e4f1eb47cca35a6e0767e4bed50800068a7c5cbfc48fe,356.0,346.0,RGBA,aee_76.png,.png
/home/manvith/Desktop/Projects/Tulu Dataset/Tulu-Dtatset-V2/aee/aee_14.png,Tulu-Dtatset-V2,aee,test,19eb5b760a4d9f0c5a177467ef57b02a1ccb8517442b71745736aef79a8f4c38,359.0,356.0,RGBA,aee_14.png,.png
/home/manvith/Desktop/Projects/Tulu Dataset/Tulu-Dtatset-V2/aee/aee_15.png,Tulu-Dtatset-V2,aee,test,7193f21d91e46a3fefd4be501a09c3ef9cdfcda6749f6154547ff6a62efe43d2,369.0,357.0,RGBA,aee_15.png,.png
/home/manvith/Desktop/Projects/Tulu Dataset/Tulu-Dtatset-V2/aee/aee_45.png,Tulu-Dtatset-V2,aee,test,f25ccb6531a5ca15057be6206273f0137d2096678da4a076f2c1c9f8040d83b8,367.0,356.0,RGBA,aee_45.png,.png
/home/manvith/Desktop/Projects/Tulu Dataset/Tulu-Dtatset-V2/aee/aee_95.png,Tulu-Dtatset-V2,aee,test,1e88ed40ca8d3962a9f58e40b29914fe25663d27b780d4fcbf2016faa366076e,354.0,345.0,RGBA,aee_95.png,.png
/home/manvith/Desktop/Projects/Tulu Dataset/Tulu-Dtatset-V2/aha/aha_71.png,Tulu-Dtatset-V2,aha,test,7614e711961db877e9f05acf02fe00560cf4512e3d039b89864779d09ee3ed3d,358.0,357.0,RGBA,aha_71.png,.png
/home/manvith/Desktop/Projects/Tulu Dataset/Tulu-Dtatset-V2/aha/aha_26.png,Tulu-Dtatset-V2,aha,test,c92394651f428fbef19a4e6c114bca895a367e591f6df40b47450324072bc286,358.0,357.0,RGBA,aha_26.png,.png
/home/manvith/Desktop/Projects/Tulu Dataset/Tulu-Dtatset-V2/aha/aha_89.png,Tulu-Dtatset-V2,aha,test,9c48bfc7e673fd8d7abc87b87a1531b18070f8f841159423a2f59c46a232a4d4,370.0,357.0,RGBA,aha_89.png,.png
/home/manvith/Desktop/Projects/Tulu Dataset/Tulu-Dtatset-V2/aha/aha_17.png,Tulu-Dtatset-V2,aha,test,d236e5ddfd4369f314272b772ed72fa17f535c8c0c31861343407653ac7f7f1c,358.0,357.0,RGBA,aha_17.png,.png
/home/manvith/Desktop/Projects/Tulu Dataset/Tulu-Dtatset-V2/aha/aha_21.png,Tulu-Dtatset-V2,aha,test,39a9da86346dbf97b3ee0212130ed9e6e06d845f63ad90e54254c8162d03b3d3,358.0,357.0,RGBA,aha_21.png,.png
/home/manvith/Desktop/Projects/Tulu Dataset/Tulu-Dtatset-V2/aha/aha_10.png,Tulu-Dtatset-V2,aha,test,ae02cd2c0d42eb24a0cb46431f7a814d97adca46afa6b457ff511cb84442f1f4,361.0,357.0,RGBA,aha_10.png,.png
/home/manvith/Desktop/Projects/Tulu Dataset/Tulu-Dtatset-V2/aha/aha_73.png,Tulu-Dtatset-V2,aha,test,6f99dc532a391a95de26176a751491c2e191b262ec25251f96caa06a69c50d9e,358.0,357.0,RGBA,aha_73.png,.png
/home/manvith/Desktop/Projects/Tulu Dataset/Tulu-Dtatset-V2/aha/aha_58.png,Tulu-Dtatset-V2,aha,test,426ca1f566dfcf7b9ebb5c6c42375081fe6fc59163aca7901272719f2230d839,361.0,357.0,RGBA,aha_58.png,.png
/home/manvith/Desktop/Projects/Tulu Dataset/Tulu-Dtatset-V2/aha/aha_90.png,Tulu-Dtatset-V2,aha,test,3b52a363e1be5e4ce508f3afb589fb463da7213460c43c6a233b9b09768beae2,370.0,357.0,RGBA,aha_90.png,.png
/home/manvith/Desktop/Projects/Tulu Dataset/Tulu-Dtatset-V2/aha/aha_72.png,Tulu-Dtatset-V2,aha,test,0c23e938e923b0254ec0c780838c31a152a44f76eecaf6c69c159471a8433e92,358.0,357.0,RGBA,aha_72.png,.png
/home/manvith/Desktop/Projects/Tulu Dataset/Tulu-Dtatset-V2/am/am_56.png,Tulu-Dtatset-V2,am,test,6c321c01a0c68126a67ff724c4bb04935de64a94f581352f55fd04c6698a59b9,361.0,355.0,RGBA,am_56.png,.png
/home/manvith/Desktop/Projects/Tulu Dataset/Tulu-Dtatset-V2/am/am_47.png,Tulu-Dtatset-V2,am,test,22fa0ade2de0008b4cea35c1bb84aaff30cbf322899a0f7437d5fa8a72f31abb,361.0,355.0,RGBA,am_47.png,.png
/home/manvith/Desktop/Projects/Tulu Dataset/Tulu-Dtatset-V2/am/am_57.png,Tulu-Dtatset-V2,am,test,d52023b22182ac2a0f5eec1e270261fba95afcf81a1d069cea04568a7029578b,361.0,355.0,RGBA,am_57.png,.png
/home/manvith/Desktop/Projects/Tulu Dataset/Tulu-Dtatset-V2/am/am_87.png,Tulu-Dtatset-V2,am,test,e31a6d68a7a107f466d7b81645e3e169c65f52e34a2947557acd276dc356bb61,369.0,357.0,RGBA,am_87.png,.png
/home/manvith/Desktop/Projects/Tulu Dataset/Tulu-Dtatset-V2/am/am_45.png,Tulu-Dtatset-V2,am,test,a3400a48a1eec8b674871494c31d674a8dd35f07ea432ab9673d03620da61ac6,361.0,355.0,RGBA,am_45.png,.png
/home/manvith/Desktop/Projects/Tulu Dataset/Tulu-Dtatset-V2/am/am_68.png,Tulu-Dtatset-V2,am,test,7f19ac94be31d70960ef8b4cc5b3c7db97a25055d6341230adaf7294c7b35ffc,361.0,355.0,RGBA,am_68.png,.png
/home/manvith/Desktop/Projects/Tulu Dataset/Tulu-Dtatset-V2/am/am_44.png,Tulu-Dtatset-V2,am,test,6a73fea925e71133cb6e775df6daeb0ee2f4053ff0dbb0b98871ef37a8509c04,361.0,355.0,RGBA,am_44.png,.png
/home/manvith/Desktop/Projects/Tulu Dataset/Tulu-Dtatset-V2/am/am_93.png,Tulu-Dtatset-V2,am,test,18395360ae7ff576f85bd02a5b174af8d6e51ccbeb9a29b227874df712833168,369.0,357.0,RGBA,am_93.png,.png
/home/manvith/Desktop/Projects/Tulu Dataset/Tulu-Dtatset-V2/am/am_23.png,Tulu-Dtatset-V2,am,test,786ea01b07caed659d6e0e58a723a8d1cd69890bd35e9144366ee09a9b0c05f5,367.0,336.0,RGBA,am_23.png,.png
/home/manvith/Desktop/Projects/Tulu Dataset/Tulu-Dtatset-V2/am/am_86.png,Tulu-Dtatset-V2,am,test,8cea3323a16a7ddb14565ab64ccab915a3938705d79ee1ceaccb079b27ff5df2,369.0,357.0,RGBA,am_86.png,.png
/home/manvith/Desktop/Projects/Tulu Dataset/Tulu-Dtatset-V2/ba/ba_41.png,Tulu-Dtatset-V2,ba,test,7b243a5a008f18ca9ba2d2ac501e298dbcca565c30cda9e74b534d1af98cbfcc,363.0,352.0,RGBA,ba_41.png,.png
/home/manvith/Desktop/Projects/Tulu Dataset/Tulu-Dtatset-V2/ba/ba_17.png,Tulu-Dtatset-V2,ba,test,257d3e5ce17deca40894c5ba3e42636aa96721ca6e2c6e30e43aca2998f4a75e,364.0,346.0,RGBA,ba_17.png,.png
/home/manvith/Desktop/Projects/Tulu Dataset/Tulu-Dtatset-V2/ba/ba_6.png,Tulu-Dtatset-V2,ba,test,956817f06d1e9ca5875e358b1129d473ea0e67c63dd1aa77812e62752cbadb32,368.0,343.0,RGBA,ba_6.png,.png
/home/manvith/Desktop/Projects/Tulu Dataset/Tulu-Dtatset-V2/ba/ba_98.png,Tulu-Dtatset-V2,ba,test,f2509ab047cf589ed9e276eed1bb864486a51a1600ba3ebe6423358d58a51dd1,365.0,347.0,RGBA,ba_98.png,.png
/home/manvith/Desktop/Projects/Tulu Dataset/Tulu-Dtatset-V2/ba/ba_36.png,Tulu-Dtatset-V2,ba,test,3f88ad8c74715edb070401cfd7bb4b5b7798cd01eeff391d51095904eea50fa0,361.0,352.0,RGBA,ba_36.png,.png
/home/manvith/Desktop/Projects/Tulu Dataset/Tulu-Dtatset-V2/ba/ba_81.png,Tulu-Dtatset-V2,ba,test,2954282dfd23cab003aec4128d5079793dfcf0e7845d1a90dbb75e5227eaf885,365.0,347.0,RGBA,ba_81.png,.png
/home/manvith/Desktop/Projects/Tulu Dataset/Tulu-Dtatset-V2/ba/ba_65.png,Tulu-Dtatset-V2,ba,test,76159b45220523c11ab9e396add515cb027c189403a305a764d70ff44532b4d8,356.0,354.0,RGBA,ba_65.png,.png
/home/manvith/Desktop/Projects/Tulu Dataset/Tulu-Dtatset-V2/ba/ba_69.png,Tulu-Dtatset-V2,ba,test,870a37cd07f79d329659febcc2e9c03fa03cc7a263358eeb5d9a576fcb48f5d1,356.0,354.0,RGBA,ba_69.png,.png
/home/manvith/Desktop/Projects/Tulu Dataset/Tulu-Dtatset-V2/ba/ba_40.png,Tulu-Dtatset-V2,ba,test,0beee9cd830b9a18478294e46d5c1fe1d4616cb772ce2c150b5e5ea96b14d5c2,361.0,352.0,RGBA,ba_40.png,.png
/home/manvith/Desktop/Projects/Tulu Dataset/Tulu-Dtatset-V2/ba/ba_82.png,Tulu-Dtatset-V2,ba,test,92a84221d18465c4b0a30e9da39f16502c801f02aab11ef27e58543e16810d61,365.0,347.0,RGBA,ba_82.png,.png
/home/manvith/Desktop/Projects/Tulu Dataset/Tulu-Dtatset-V2/bha/bha_34.png,Tulu-Dtatset-V2,bha,test,3c196fa70304b2987728b08444ef16d5b090fafd200f6490e49468487e2be0b1,358.0,350.0,RGBA,bha_34.png,.png
/home/manvith/Desktop/Projects/Tulu Dataset/Tulu-Dtatset-V2/bha/bha_75.png,Tulu-Dtatset-V2,bha,test,933927017ff17d2f462072d07443989861e9f4eb923bbeb2f54dba92140a0a6e,344.0,348.0,RGBA,bha_75.png,.png
/home/manvith/Desktop/Projects/Tulu Dataset/Tulu-Dtatset-V2/bha/bha_22.png,Tulu-Dtatset-V2,bha,test,618294c3c12ca133cc56b1a6833a8c33d761fb92d9c5a626f7ae56d1901b4a9d,356.0,351.0,RGBA,bha_22.png,.png
/home/manvith/Desktop/Projects/Tulu Dataset/Tulu-Dtatset-V2/bha/bha_87.png,Tulu-Dtatset-V2,bha,test,364bced87f3df12172ea7230817ceaf95f6c9ad3684b0d80799f0f3381a6cfa8,344.0,348.0,RGBA,bha_87.png,.png
/home/manvith/Desktop/Projects/Tulu Dataset/Tulu-Dtatset-V2/bha/bha_64.png,Tulu-Dtatset-V2,bha,test,4bdd779ca6584494cfecd5610682422ea7c4a9a1373af88dae675fa8647d533c,354.0,353.0,RGBA,bha_64.png,.png
/home/manvith/Desktop/Projects/Tulu Dataset/Tulu-Dtatset-V2/bha/bha_24.png,Tulu-Dtatset-V2,bha,test,1c5738292d27865012367966b1da069c144d95fa5000112562266da590e403c0,356.0,351.0,RGBA,bha_24.png,.png
/home/manvith/Desktop/Projects/Tulu Dataset/Tulu-Dtatset-V2/bha/bha_37.png,Tulu-Dtatset-V2,bha,test,45864990338d0a9fc9d6cbff86763df9a4b17facdf6039e29f8b1a077fa51c78,358.0,350.0,RGBA,bha_37.png,.png
/home/manvith/Desktop/Projects/Tulu Dataset/Tulu-Dtatset-V2/bha/bha_27.png,Tulu-Dtatset-V2,bha,test,979ccf648e58d03c8fcecde12fa8ff43b99163d91dd02c61582a38b423b5c8d1,356.0,351.0,RGBA,bha_27.png,.png
/home/manvith/Desktop/Projects/Tulu Dataset/Tulu-Dtatset-V2/bha/bha_81.png,Tulu-Dtatset-V2,bha,test,fce76ef496f8add47f8ad9522bbc08f976c91b972ce4ab0a2c110700437cfc42,344.0,348.0,RGBA,bha_81.png,.png
/home/manvith/Desktop/Projects/Tulu Dataset/Tulu-Dtatset-V2/bha/bha_100.png,Tulu-Dtatset-V2,bha,test,471aff309fac94e65017749ac811d043cc8f62cc3c4c8121fb51cc7251b7f743,344.0,348.0,RGBA,bha_100.png,.png
/home/manvith/Desktop/Projects/Tulu Dataset/Tulu-Dtatset-V2/cha/cha_34.png,Tulu-Dtatset-V2,cha,test,ff8b899ecbf059984b43587a30c21762cfa24bde74ead20ca4a593829c9fd244,364.0,343.0,RGBA,cha_34.png,.png
/home/manvith/Desktop/Projects/Tulu Dataset/Tulu-Dtatset-V2/cha/cha_42.png,Tulu-Dtatset-V2,cha,test,a31221bd575845788b0dc3dfa708798278522fa2ab91d7c4ae901adbc75b1f94,361.0,342.0,RGBA,cha_42.png,.png
/home/manvith/Desktop/Projects/Tulu Dataset/Tulu-Dtatset-V2/cha/cha_19.png,Tulu-Dtatset-V2,cha,test,792efa4e2f1dd875ead3b4a2681531367bfe48cde0ab2d6d75ade5a899136689,364.0,343.0,RGBA,cha_19.png,.png
/home/manvith/Desktop/Projects/Tulu Dataset/Tulu-Dtatset-V2/cha/cha_100.png,Tulu-Dtatset-V2,cha,test,10226f01dfbbcd32a06c7bcded0ee8224411e3a0c48684d94a356f309ca1d357,361.0,343.0,RGBA,cha_100.png,.png
/home/manvith/Desktop/Projects/Tulu Dataset/Tulu-Dtatset-V2/cha/cha_60.png,Tulu-Dtatset-V2,cha,test,9ce20540ac19d3e609080f73c66a82ba95bc2a6eb30b3c2a640a86202ead395f,361.0,342.0,RGBA,cha_60.png,.png
/home/manvith/Desktop/Projects/Tulu Dataset/Tulu-Dtatset-V2/cha/cha_65.png,Tulu-Dtatset-V2,cha,test,74138113e8bb7916ef1d7114433b8c5a28053968fa906f38ddfee1ae93209748,361.0,342.0,RGBA,cha_65.png,.png
/home/manvith/Desktop/Projects/Tulu Dataset/Tulu-Dtatset-V2/cha/cha_91.png,Tulu-Dtatset-V2,cha,test,6c1ce9f53f0053c2e4415b23687004470bcea6442a68bc9c099538f643f1b564,361.0,343.0,RGBA,cha_91.png,.png
/home/manvith/Desktop/Projects/Tulu Dataset/Tulu-Dtatset-V2/cha/cha_83.png,Tulu-Dtatset-V2,cha,test,550d4c167169e58e6540348495aebde4d04aae488ced7be3174669db19ca4b70,365.0,348.0,RGBA,cha_83.png,.png
/home/manvith/Desktop/Projects/Tulu Dataset/Tulu-Dtatset-V2/cha/cha_63.png,Tulu-Dtatset-V2,cha,test,8f8fd7f84e91e64e7ddd7fff42b2ede73b3eca56c7b88cf1e959b8919682ae36,361.0,342.0,RGBA,cha_63.png,.png
/home/manvith/Desktop/Projects/Tulu Dataset/Tulu-Dtatset-V2/cha/cha_89.png,Tulu-Dtatset-V2,cha,test,0373abae2e54d87ad727057a00a1fc5690f951d5f9f5e66a35db6834fe659bde,361.0,343.0,RGBA,cha_89.png,.png
/home/manvith/Desktop/Projects/Tulu Dataset/Tulu-Dtatset-V2/chha/chha_27.png,Tulu-Dtatset-V2,chha,test,a3b31db023cd3bf28f440e0224ccdef68ebce3616b081e3157ed5cb85c5357d4,366.0,343.0,RGBA,chha_27.png,.png
/home/manvith/Desktop/Projects/Tulu Dataset/Tulu-Dtatset-V2/chha/chha_18.png,Tulu-Dtatset-V2,chha,test,f5f34f893b33f96f8865f2c7e1d5712927ee15339c6d754f63cc3047f95e6047,366.0,343.0,RGBA,chha_18.png,.png
/home/manvith/Desktop/Projects/Tulu Dataset/Tulu-Dtatset-V2/chha/chha_85.png,Tulu-Dtatset-V2,chha,test,06d4464d71c8ea33e7a8e57216444c3217a3b70a083a830192183818efea3460,351.0,346.0,RGBA,chha_85.png,.png
/home/manvith/Desktop/Projects/Tulu Dataset/Tulu-Dtatset-V2/chha/chha_39.png,Tulu-Dtatset-V2,chha,test,f44659120b4569a4aa4b58a67f726c654152dada2b7fa76f1680c7db2076fa75,360.0,340.0,RGBA,chha_39.png,.png
/home/manvith/Desktop/Projects/Tulu Dataset/Tulu-Dtatset-V2/chha/chha_33.png,Tulu-Dtatset-V2,chha,test,23f8358d9e39992506473a3b6dd3f8950fd95ec32410a3cf744f450c132f4ae2,360.0,340.0,RGBA,chha_33.png,.png
/home/manvith/Desktop/Projects/Tulu Dataset/Tulu-Dtatset-V2/chha/chha_81.png,Tulu-Dtatset-V2,chha,test,f875746041db992a000fad3fbe357929965bcfc17184786608d001465eacb505,351.0,346.0,RGBA,chha_81.png,.png
/home/manvith/Desktop/Projects/Tulu Dataset/Tulu-Dtatset-V2/chha/chha_32.png,Tulu-Dtatset-V2,chha,test,086e303c0ba8b04925cdb9e149ae9eca50238d8ad8c896c1ba50c95babec3a5e,360.0,340.0,RGBA,chha_32.png,.png
/home/manvith/Desktop/Projects/Tulu Dataset/Tulu-Dtatset-V2/chha/chha_2.png,Tulu-Dtatset-V2,chha,test,b94b75b82903df40a082b72b9c11d7f9274ad15e901732348a3971bc2b87b21a,355.0,348.0,RGBA,chha_2.png,.png
/home/manvith/Desktop/Projects/Tulu Dataset/Tulu-Dtatset-V2/chha/chha_94.png,Tulu-Dtatset-V2,chha,test,262a919c2e6f0b7cc878d9ca24f7a920feefd71dc8789366780b0d91892f1257,351.0,346.0,RGBA,chha_94.png,.png
/home/manvith/Desktop/Projects/Tulu Dataset/Tulu-Dtatset-V2/chha/chha_8.png,Tulu-Dtatset-V2,chha,test,7bf2031fb555768574860dc5821bf5b6b44eefbc96836bd9e359027144167d5b,359.0,343.0,RGBA,chha_8.png,.png
/home/manvith/Desktop/Projects/Tulu Dataset/Tulu-Dtatset-V2/da/da_56.png,Tulu-Dtatset-V2,da,test,07b7ad1923c7aef4a6470b7ce2fb8d8513e3e8ac7e570d8b2e114ad6f06268b1,357.0,348.0,RGBA,da_56.png,.png
/home/manvith/Desktop/Projects/Tulu Dataset/Tulu-Dtatset-V2/da/da_22.png,Tulu-Dtatset-V2,da,test,8e345d20ad46f1181cabd66e48a1a6a8e5c4359f3b9ecb3d670cad250a58bc41,348.0,346.0,RGBA,da_22.png,.png
/home/manvith/Desktop/Projects/Tulu Dataset/Tulu-Dtatset-V2/da/da_47.png,Tulu-Dtatset-V2,da,test,397de95e7c9e5bcf3ecd1eba70a5067434b8c031bd01ada7b948f9f588b1f050,358.0,342.0,RGBA,da_47.png,.png
/home/manvith/Desktop/Projects/Tulu Dataset/Tulu-Dtatset-V2/da/da_39.png,Tulu-Dtatset-V2,da,test,9b86f3844805ddeee48f990a396af9c95ab89e6df8e1f84fc538b9782c66da67,358.0,342.0,RGBA,da_39.png,.png
/home/manvith/Desktop/Projects/Tulu Dataset/Tulu-Dtatset-V2/da/da_46.png,Tulu-Dtatset-V2,da,test,136ea3b56e45abaa199258f9e6b027fcb343183a5aaf6f8841448d0e97f0db28,358.0,342.0,RGBA,da_46.png,.png
/home/manvith/Desktop/Projects/Tulu Dataset/Tulu-Dtatset-V2/da/da_2.png,Tulu-Dtatset-V2,da,test,389797f4659e3335f3c7c1b6f99e18c77bcc4a80303be4af373ad4825f51eafa,358.0,342.0,RGBA,da_2.png,.png
/home/manvith/Desktop/Projects/Tulu Dataset/Tulu-Dtatset-V2/da/da_62.png,Tulu-Dtatset-V2,da,test,1ab825a131f522ca73a0907d7a47d51a2a688ddfd1010f4255b9bd42a81c14bb,357.0,348.0,RGBA,da_62.png,.png
/home/manvith/Desktop/Projects/Tulu Dataset/Tulu-Dtatset-V2/da/da_13.png,Tulu-Dtatset-V2,da,test,d9709924f6159a65b133ec6c7d7000152e8575c9373accd5ff1bf914fb501a37,358.0,348.0,RGBA,da_13.png,.png
/home/manvith/Desktop/Projects/Tulu Dataset/Tulu-Dtatset-V2/da/da_73.png,Tulu-Dtatset-V2,da,test,dec9f26bf5a446532d51c438d861861976bab8f9ce9ff87b279b852878ed5f74,362.0,347.0,RGBA,da_73.png,.png
/home/manvith/Desktop/Projects/Tulu Dataset/Tulu-Dtatset-V2/da/da_98.png,Tulu-Dtatset-V2,da,test,30b727e9152d806a3744fab709e2b0090ad76e0a9e9799b1637ed017d633faf6,362.0,347.0,RGBA,da_98.png,.png
/home/manvith/Desktop/Projects/Tulu Dataset/Tulu-Dtatset-V2/dda/dda_26.png,Tulu-Dtatset-V2,dda,test,64c8a4517da23deb16c3c405342445578a1028f0bdbee99e7073e1a88788b6f2,360.0,346.0,RGBA,dda_26.png,.png
/home/manvith/Desktop/Projects/Tulu Dataset/Tulu-Dtatset-V2/dda/dda_84.png,Tulu-Dtatset-V2,dda,test,5330f36fcb5a8b2bba8a6dfa1b38296a0f7d0609d2a474428c4333cf6a512b19,354.0,348.0,RGBA,dda_84.png,.png
/home/manvith/Desktop/Projects/Tulu Dataset/Tulu-Dtatset-V2/dda/dda_85.png,Tulu-Dtatset-V2,dda,test,595739d375b9c7175211319a84aead7a17beb5b24b1583ad6925b6506b9114bb,354.0,348.0,RGBA,dda_85.png,.png
/home/manvith/Desktop/Projects/Tulu Dataset/Tulu-Dtatset-V2/dda/dda_53.png,Tulu-Dtatset-V2,dda,test,59b4bb5763204d7b28e2b8e8cd5718ff2feb011c978282f3e01b8c0db9040e08,359.0,348.0,RGBA,dda_53.png,.png
/home/manvith/Desktop/Projects/Tulu Dataset/Tulu-Dtatset-V2/dda/dda_52.png,Tulu-Dtatset-V2,dda,test,58134f0b65dcfafad414a93d3195dc06a2235260f2fadcd48507a5f3ac1ef3c9,359.0,348.0,RGBA,dda_52.png,.png
/home/manvith/Desktop/Projects/Tulu Dataset/Tulu-Dtatset-V2/dda/dda_90.png,Tulu-Dtatset-V2,dda,test,684e5c504a60674dd86013beb73ce0005f9736810e41818b70185e5c262e21e5,354.0,348.0,RGBA,dda_90.png,.png
/home/manvith/Desktop/Projects/Tulu Dataset/Tulu-Dtatset-V2/dda/dda_63.png,Tulu-Dtatset-V2,dda,test,8ac198649c857e04827a2e3d6cc28a557fedefb9dd51c6eaed01614d39405e9c,359.0,348.0,RGBA,dda_63.png,.png
/home/manvith/Desktop/Projects/Tulu Dataset/Tulu-Dtatset-V2/dda/dda_95.png,Tulu-Dtatset-V2,dda,test,67143babf43d37aea1256de4bc8a5117a6237ed3a8e071c37e1c323700a5edd0,354.0,348.0,RGBA,dda_95.png,.png
/home/manvith/Desktop/Projects/Tulu Dataset/Tulu-Dtatset-V2/dda/dda_45.png,Tulu-Dtatset-V2,dda,test,4d7593091e046219f97cc2ca79be59bc862b99a96c4eca7c92f18eae1ad1b2e4,360.0,346.0,RGBA,dda_45.png,.png
/home/manvith/Desktop/Projects/Tulu Dataset/Tulu-Dtatset-V2/dda/dda_13.png,Tulu-Dtatset-V2,dda,test,c8ea408df52a47a6cd450a3775c7ce62f03d9e33b07d84b3f1c2697c26784f89,358.0,344.0,RGBA,dda_13.png,.png
/home/manvith/Desktop/Projects/Tulu Dataset/Tulu-Dtatset-V2/dha/dha_52.png,Tulu-Dtatset-V2,dha,test,5134df833b66db75cdaf5c60e67537fae1f1c0bde61f23235cae6cc7b96ab3d4,362.0,348.0,RGBA,dha_52.png,.png
/home/manvith/Desktop/Projects/Tulu Dataset/Tulu-Dtatset-V2/dha/dha_36.png,Tulu-Dtatset-V2,dha,test,a69e3c7bc6dd2b8dccda6a615fb03d6ada3129727b8e98216cc1e8bf566d15f3,367.0,344.0,RGBA,dha_36.png,.png
/home/manvith/Desktop/Projects/Tulu Dataset/Tulu-Dtatset-V2/dha/dha_20.png,Tulu-Dtatset-V2,dha,test,6764158fd5be71256336c662adbe1009fc4a74c3037ecff60b3caf13381bb390,362.0,350.0,RGBA,dha_20.png,.png
/home/manvith/Desktop/Projects/Tulu Dataset/Tulu-Dtatset-V2/dha/dha_64.png,Tulu-Dtatset-V2,dha,test,b4014aa96a29b80efed76f2dc9aeb3e2d341acca946899ba327dbafc0b742823,362.0,348.0,RGBA,dha_64.png,.png
/home/manvith/Desktop/Projects/Tulu Dataset/Tulu-Dtatset-V2/dha/dha_53.png,Tulu-Dtatset-V2,dha,test,7e23f6f4bb80e80c82dc4cd28bdd69cd536beb199b985d62ef9668359239c258,362.0,348.0,RGBA,dha_53.png,.png
/home/manvith/Desktop/Projects/Tulu Dataset/Tulu-Dtatset-V2/dha/dha_31.png,Tulu-Dtatset-V2,dha,test,4f5a7ceb489bab97fdafe5cb9e05675434deb7d445e8a1d6a721960f7647951d,367.0,344.0,RGBA,dha_31.png,.png
/home/manvith/Desktop/Projects/Tulu Dataset/Tulu-Dtatset-V2/dha/dha_43.png,Tulu-Dtatset-V2,dha,test,c6335f3a56e970d88f6f62cca362fe2738571c0dff5a7b706132403f45b2e506,367.0,344.0,RGBA,dha_43.png,.png
/home/manvith/Desktop/Projects/Tulu Dataset/Tulu-Dtatset-V2/dha/dha_61.png,Tulu-Dtatset-V2,dha,test,be52916b9b8697c9cac9ec6c1f4e8a3ab8593dde194e28579202cf7803aa087c,362.0,348.0,RGBA,dha_61.png,.png
/home/manvith/Desktop/Projects/Tulu Dataset/Tulu-Dtatset-V2/dha/dha_38.png,Tulu-Dtatset-V2,dha,test,f75395ee19bb1fa1f8e40861e77dc91f358a1a886fcbc4a68f9bec1e04490581,367.0,344.0,RGBA,dha_38.png,.png
/home/manvith/Desktop/Projects/Tulu Dataset/Tulu-Dtatset-V2/dha/dha_89.png,Tulu-Dtatset-V2,dha,test,b9640f0612413ba943224141b3c3f1a068b80e1854a33bfe5d8f6af6298b61d8,363.0,345.0,RGBA,dha_89.png,.png
/home/manvith/Desktop/Projects/Tulu Dataset/Tulu-Dtatset-V2/dhha/dhha_51.png,Tulu-Dtatset-V2,dhha,test,b2363e65ecfd5448b7bbc93f8d6bad2112e0f153138db69fee4da53f6a457666,363.0,345.0,RGBA,dhha_51.png,.png
/home/manvith/Desktop/Projects/Tulu Dataset/Tulu-Dtatset-V2/dhha/dhha_61.png,Tulu-Dtatset-V2,dhha,test,0c9b1c131f98f4fe90a2efcb36529003d3d195bf83f6a4fa1e73c8aaee221457,363.0,345.0,RGBA,dhha_61.png,.png
/home/manvith/Desktop/Projects/Tulu Dataset/Tulu-Dtatset-V2/dhha/dhha_53.png,Tulu-Dtatset-V2,dhha,test,6e24fc2b40e4cbc3d214f3a1f819d8923f01944275371ae303f418baae468a96,363.0,345.0,RGBA,dhha_53.png,.png
/home/manvith/Desktop/Projects/Tulu Dataset/Tulu-Dtatset-V2/dhha/dhha_24.png,Tulu-Dtatset-V2,dhha,test,9a1f8f2aa35a13b7ddf1438a8cce4cbc82f1cad05948cbce8920d6b94ca90470,366.0,346.0,RGBA,dhha_24.png,.png
/home/manvith/Desktop/Projects/Tulu Dataset/Tulu-Dtatset-V2/dhha/dhha_70.png,Tulu-Dtatset-V2,dhha,test,5391b01c82c3f67986cda4f12c7af9a1de467ee788afe2e15ba2e57e07716816,363.0,345.0,RGBA,dhha_70.png,.png
/home/manvith/Desktop/Projects/Tulu Dataset/Tulu-Dtatset-V2/dhha/dhha_36.png,Tulu-Dtatset-V2,dhha,test,7e5ec46a47e82dc858474b57cb1a065739c34ed9770a72d7cdd234b373b682a3,366.0,346.0,RGBA,dhha_36.png,.png
/home/manvith/Desktop/Projects/Tulu Dataset/Tulu-Dtatset-V2/dhha/dhha_2.png,Tulu-Dtatset-V2,dhha,test,365c787eae86166de5ab4220ccc79b91c531be85e8f4c3807ea95313c8d5e6c1,359.0,349.0,RGBA,dhha_2.png,.png
/home/manvith/Desktop/Projects/Tulu Dataset/Tulu-Dtatset-V2/dhha/dhha_21.png,Tulu-Dtatset-V2,dhha,test,30b15f5c0145795256fc043b9bea38022d81f4676532f6ab63ba259698455e48,366.0,346.0,RGBA,dhha_21.png,.png
/home/manvith/Desktop/Projects/Tulu Dataset/Tulu-Dtatset-V2/dhha/dhha_66.png,Tulu-Dtatset-V2,dhha,test,7e87824a5f220837a68d7393a056d05b7896c7b64560d686468f08fc46be9ee1,363.0,345.0,RGBA,dhha_66.png,.png
/home/manvith/Desktop/Projects/Tulu Dataset/Tulu-Dtatset-V2/dhha/dhha_43.png,Tulu-Dtatset-V2,dhha,test,140d62cf7d9247f94aeb28c35a0ee0b056409011b12aa6ae2e40f4042053b05f,366.0,346.0,RGBA,dhha_43.png,.png
/home/manvith/Desktop/Projects/Tulu Dataset/Tulu-Dtatset-V2/e/e_65.png,Tulu-Dtatset-V2,e,test,d3c97f48c2fe15d97d403e5a28b1de8ee645919afc49ecf3edfac142fd74fe71,358.0,351.0,RGBA,e_65.png,.png
/home/manvith/Desktop/Projects/Tulu Dataset/Tulu-Dtatset-V2/e/e_20.png,Tulu-Dtatset-V2,e,test,48988869077285b27d484e54562d00a8fa8e34bdbf3a815fe9dee69e7b292ae5,359.0,351.0,RGBA,e_20.png,.png
/home/manvith/Desktop/Projects/Tulu Dataset/Tulu-Dtatset-V2/e/e_88.png,Tulu-Dtatset-V2,e,test,48ad83e0e33aeb1fa03573ee5eda719842a185dd68eec188a8f31c8469c91c53,357.0,347.0,RGBA,e_88.png,.png
/home/manvith/Desktop/Projects/Tulu Dataset/Tulu-Dtatset-V2/e/e_58.png,Tulu-Dtatset-V2,e,test,e66b9e760e26875bb0877daeb47f0ea2357e65d8cbe248250f4bb7647c6529be,358.0,351.0,RGBA,e_58.png,.png
/home/manvith/Desktop/Projects/Tulu Dataset/Tulu-Dtatset-V2/e/e_55.png,Tulu-Dtatset-V2,e,test,f48ec0c6a79f02fde84720b6b84753230a621b413b2aa1fed549c5206f2b2a61,358.0,351.0,RGBA,e_55.png,.png
/home/manvith/Desktop/Projects/Tulu Dataset/Tulu-Dtatset-V2/e/e_64.png,Tulu-Dtatset-V2,e,test,286ebb3c7fcb57fa330a7688c544399e2fa11880cbb320b532535a5142a2fdd1,358.0,351.0,RGBA,e_64.png,.png
/home/manvith/Desktop/Projects/Tulu Dataset/Tulu-Dtatset-V2/e/e_15.png,Tulu-Dtatset-V2,e,test,37ab7e796e39f49bb882f1ebdb737484fed52d31a260cbb6c24471712aa725a7,361.0,345.0,RGBA,e_15.png,.png
/home/manvith/Desktop/Projects/Tulu Dataset/Tulu-Dtatset-V2/e/e_11.png,Tulu-Dtatset-V2,e,test,d57174a64585f980ed4131a8d64dd7b6899d4a62e67b0897c5682f6b9e14d06a,362.0,350.0,RGBA,e_11.png,.png
/home/manvith/Desktop/Projects/Tulu Dataset/Tulu-Dtatset-V2/e/e_83.png,Tulu-Dtatset-V2,e,test,05182513749e4bec7511a1ff4423dfd31886030ea8365a57cbd09fe6a766bd25,357.0,347.0,RGBA,e_83.png,.png
/home/manvith/Desktop/Projects/Tulu Dataset/Tulu-Dtatset-V2/e/e_61.png,Tulu-Dtatset-V2,e,test,40d576d87f88a0ad875ae4fcbeb54369ad81376a879a06235813d396a96130d9,358.0,351.0,RGBA,e_61.png,.png
/home/manvith/Desktop/Projects/Tulu Dataset/Tulu-Dtatset-V2/ee/ee_25.png,Tulu-Dtatset-V2,ee,test,1419831eddb4d03c3cba4b8e54a48cd028d619659cc39b35201e931adaa0ebdb,355.0,346.0,RGBA,ee_25.png,.png
/home/manvith/Desktop/Projects/Tulu Dataset/Tulu-Dtatset-V2/ee/ee_98.png,Tulu-Dtatset-V2,ee,test,7b8d71d3bc8f7ea0a40d6374b5445d3c4ed328088e8ee081c51c244ace507f9c,350.0,346.0,RGBA,ee_98.png,.png
/home/manvith/Desktop/Projects/Tulu Dataset/Tulu-Dtatset-V2/ee/ee_1.png,Tulu-Dtatset-V2,ee,test,896a0cc87ead5d03b76bcad2312fae7d01a5918f84d82047f8dc824ba265d8dd,362.0,351.0,RGBA,ee_1.png,.png
/home/manvith/Desktop/Projects/Tulu Dataset/Tulu-Dtatset-V2/ee/ee_49.png,Tulu-Dtatset-V2,ee,test,d972f7d15b25b93e393dc69b93631657e161ffe01f7819b7b26892743bfb6ee3,355.0,346.0,RGBA,ee_49.png,.png
/home/manvith/Desktop/Projects/Tulu Dataset/Tulu-Dtatset-V2/ee/ee_48.png,Tulu-Dtatset-V2,ee,test,0e43a5b7cc432fb448f2cd017890fdfc6a739433f8b9b74b4611cb91d3d092c7,355.0,346.0,RGBA,ee_48.png,.png
/home/manvith/Desktop/Projects/Tulu Dataset/Tulu-Dtatset-V2/ee/ee_44.png,Tulu-Dtatset-V2,ee,test,96f1141581cbb54d5dd499b1d5136cf2d60016c3bf11499ee9c4d0a6860c52b5,355.0,346.0,RGBA,ee_44.png,.png
/home/manvith/Desktop/Projects/Tulu Dataset/Tulu-Dtatset-V2/ee/ee_9.png,Tulu-Dtatset-V2,ee,test,5ae96aebc59597420ef4b27b5ee4d54012dbfc5fe4215fc66b0620fc66f23943,355.0,346.0,RGBA,ee_9.png,.png
/home/manvith/Desktop/Projects/Tulu Dataset/Tulu-Dtatset-V2/ee/ee_4.png,Tulu-Dtatset-V2,ee,test,70f4db8728a566fabb9332cee75a646a95bdaf7287e8070e95a21111de31d842,355.0,350.0,RGBA,ee_4.png,.png
/home/manvith/Desktop/Projects/Tulu Dataset/Tulu-Dtatset-V2/ee/ee_3.png,Tulu-Dtatset-V2,ee,test,b3c0b2551712d4754b1683bc5ab23bcef5ec0a8c1d0eca6f741142d908e2052c,364.0,348.0,RGBA,ee_3.png,.png
/home/manvith/Desktop/Projects/Tulu Dataset/Tulu-Dtatset-V2/ee/ee_11.png,Tulu-Dtatset-V2,ee,test,65040f44dab4b69344552a7f0a50069ac4d7cb226a6f30e1dfe3386c3ffcb902,358.0,348.0,RGBA,ee_11.png,.png
/home/manvith/Desktop/Projects/Tulu Dataset/Tulu-Dtatset-V2/ga/ga_50.png,Tulu-Dtatset-V2,ga,test,aa3d88dbc3ba3146be79696c49d9490e1459efb76b9a1df7802d0daa6767b5a2,362.0,348.0,RGBA,ga_50.png,.png
/home/manvith/Desktop/Projects/Tulu Dataset/Tulu-Dtatset-V2/ga/ga_89.png,Tulu-Dtatset-V2,ga,test,81ba55dc8df8fe2458833e6e8171901f39b272ffd5465c04e046dea177a63fd6,364.0,343.0,RGBA,ga_89.png,.png
/home/manvith/Desktop/Projects/Tulu Dataset/Tulu-Dtatset-V2/ga/ga_61.png,Tulu-Dtatset-V2,ga,test,cc869e8aa18a6ac6ecd7efa5008e45315e224028ac1b7119f344a3cd4f9049a2,365.0,343.0,RGBA,ga_61.png,.png
/home/manvith/Desktop/Projects/Tulu Dataset/Tulu-Dtatset-V2/ga/ga_80.png,Tulu-Dtatset-V2,ga,test,8dffcef3da78367403f0e1c04f8a1f8a717fa3eab4f241afece9954647de2116,364.0,343.0,RGBA,ga_80.png,.png
/home/manvith/Desktop/Projects/Tulu Dataset/Tulu-Dtatset-V2/ga/ga_28.png,Tulu-Dtatset-V2,ga,test,eefd4a2b0013389a8b36ad49dc28cee71fb0191bdf8fd8f422fb4cd154bde10e,365.0,344.0,RGBA,ga_28.png,.png
/home/manvith/Desktop/Projects/Tulu Dataset/Tulu-Dtatset-V2/ga/ga_46.png,Tulu-Dtatset-V2,ga,test,decdbd8937248abf87d41af46a2a314fe90ba32fd0acc71d66c8ba7c1c6ce57b,362.0,348.0,RGBA,ga_46.png,.png
/home/manvith/Desktop/Projects/Tulu Dataset/Tulu-Dtatset-V2/ga/ga_100.png,Tulu-Dtatset-V2,ga,test,f98f09f1d9c6be9c9dcfd09cdd5c84094cd07df8273bfe040269c8ab58aa1200,364.0,343.0,RGBA,ga_100.png,.png
/home/manvith/Desktop/Projects/Tulu Dataset/Tulu-Dtatset-V2/ga/ga_55.png,Tulu-Dtatset-V2,ga,test,fb87ecfe51caa071c8d89dbfeb02fafbe8d6d395784850bb9bdf647c46767ab4,365.0,343.0,RGBA,ga_55.png,.png
/home/manvith/Desktop/Projects/Tulu Dataset/Tulu-Dtatset-V2/ga/ga_21.png,Tulu-Dtatset-V2,ga,test,d0d2c75f99583679ee030dbaee2550f0e5aa3cd440a39fb4656fdc4b5dfe219d,365.0,344.0,RGBA,ga_21.png,.png
/home/manvith/Desktop/Projects/Tulu Dataset/Tulu-Dtatset-V2/ga/ga_42.png,Tulu-Dtatset-V2,ga,test,681a441e0d0c0b47e89b1f44d7d8932de7db2d6e283edde4f964de21088e25f0,362.0,348.0,RGBA,ga_42.png,.png
/home/manvith/Desktop/Projects/Tulu Dataset/Tulu-Dtatset-V2/gha/gha_90.png,Tulu-Dtatset-V2,gha,test,13f000b1d1f47207106437d1b8ad6496260913f9def4343ca6902f8e02aeca2c,362.0,347.0,RGBA,gha_90.png,.png
/home/manvith/Desktop/Projects/Tulu Dataset/Tulu-Dtatset-V2/gha/gha_37.png,Tulu-Dtatset-V2,gha,test,931fe69f4c2f17b8943c95681345814c047631ada516b0468360ed1a7b976341,361.0,343.0,RGBA,gha_37.png,.png
/home/manvith/Desktop/Projects/Tulu Dataset/Tulu-Dtatset-V2/gha/gha_13.png,Tulu-Dtatset-V2,gha,test,63298b6c9220cfb8b3967d47f397f661562be5c36a2b3cd0e66e7b91759ee2b9,361.0,345.0,RGBA,gha_13.png,.png
/home/manvith/Desktop/Projects/Tulu Dataset/Tulu-Dtatset-V2/gha/gha_29.png,Tulu-Dtatset-V2,gha,test,b804d574778a759ce840c70925cc193eef2d3815f175c62982e1d392ceeda714,361.0,343.0,RGBA,gha_29.png,.png
/home/manvith/Desktop/Projects/Tulu Dataset/Tulu-Dtatset-V2/gha/gha_83.png,Tulu-Dtatset-V2,gha,test,9ab1fa11a786ed0b794ff004d5a0d3e04b3685eb62b2af7badcfb4e846d269a7,362.0,347.0,RGBA,gha_83.png,.png
/home/manvith/Desktop/Projects/Tulu Dataset/Tulu-Dtatset-V2/gha/gha_67.png,Tulu-Dtatset-V2,gha,test,b14cb9300f34e07fc8cd3c0de65ff4bfc9a91255d82d0b049946775d9d5ba752,362.0,345.0,RGBA,gha_67.png,.png
/home/manvith/Desktop/Projects/Tulu Dataset/Tulu-Dtatset-V2/gha/gha_18.png,Tulu-Dtatset-V2,gha,test,46d39517a0c3bc813462645d606b69797495aa3a9b5018e0c7cad9d5897f6933,361.0,343.0,RGBA,gha_18.png,.png
/home/manvith/Desktop/Projects/Tulu Dataset/Tulu-Dtatset-V2/gha/gha_91.png,Tulu-Dtatset-V2,gha,test,2b31772cb2588ec901c41b1d881c30edaab0efadb87187e20d29e2562907c559,362.0,347.0,RGBA,gha_91.png,.png
/home/manvith/Desktop/Projects/Tulu Dataset/Tulu-Dtatset-V2/gha/gha_48.png,Tulu-Dtatset-V2,gha,test,b1567330e0c0c179f43b1cea53433c3f99bc9cb8a1c5344f005b3214d7ae1e6e,361.0,343.0,RGBA,gha_48.png,.png
/home/manvith/Desktop/Projects/Tulu Dataset/Tulu-Dtatset-V2/gha/gha_20.png,Tulu-Dtatset-V2,gha,test,b9cd8d021109e96f9a8bfa96ea050c9cfba975f131f666274ec2d466a6eb3627,361.0,343.0,RGBA,gha_20.png,.png
/home/manvith/Desktop/Projects/Tulu Dataset/Tulu-Dtatset-V2/ha/ha_52.png,Tulu-Dtatset-V2,ha,test,b31e8cbf913e4aa1fbf850bb7288cfb74c6e7b6c48c8d87e46629f37f97b88ef,352.0,345.0,RGBA,ha_52.png,.png
/home/manvith/Desktop/Projects/Tulu Dataset/Tulu-Dtatset-V2/ha/ha_31.png,Tulu-Dtatset-V2,ha,test,a72ac829e663996305a3ac9ed53e0d2974fd9f699f21d5728d81467d63c70c04,358.0,334.0,RGBA,ha_31.png,.png
/home/manvith/Desktop/Projects/Tulu Dataset/Tulu-Dtatset-V2/ha/ha_64.png,Tulu-Dtatset-V2,ha,test,575bf27982a5ea5094a32cddae03d01b8b015759f634581e2e711bbf87cd9c50,352.0,345.0,RGBA,ha_64.png,.png
/home/manvith/Desktop/Projects/Tulu Dataset/Tulu-Dtatset-V2/ha/ha_45.png,Tulu-Dtatset-V2,ha,test,cfbb63a7854a3928f4e878dbcf99ef39ae936e2e0390d702fcee4a1efe664768,358.0,334.0,RGBA,ha_45.png,.png
/home/manvith/Desktop/Projects/Tulu Dataset/Tulu-Dtatset-V2/ha/ha_37.png,Tulu-Dtatset-V2,ha,test,9d933e5b55efdf0aaeee526b38d6c43d21402333c8e07b035b2ad883d766ff7e,358.0,334.0,RGBA,ha_37.png,.png
/home/manvith/Desktop/Projects/Tulu Dataset/Tulu-Dtatset-V2/ha/ha_71.png,Tulu-Dtatset-V2,ha,test,9aa38df7fd468dcb1530070d008b26c7d5ec083abeffac2b6bfd6aef551ca5a4,350.0,357.0,RGBA,ha_71.png,.png
/home/manvith/Desktop/Projects/Tulu Dataset/Tulu-Dtatset-V2/ha/ha_36.png,Tulu-Dtatset-V2,ha,test,e1636f78da413306c9cbd61051ddc7a9cf27326e4a21c1cc12fe82277e4f0162,358.0,334.0,RGBA,ha_36.png,.png
/home/manvith/Desktop/Projects/Tulu Dataset/Tulu-Dtatset-V2/ha/ha_61.png,Tulu-Dtatset-V2,ha,test,0bb39f95b6a445df94f762f7bf6e140c27e3a0f753660cdce80d0e6bbc2ea11f,352.0,345.0,RGBA,ha_61.png,.png
/home/manvith/Desktop/Projects/Tulu Dataset/Tulu-Dtatset-V2/ha/ha_96.png,Tulu-Dtatset-V2,ha,test,65a770233a69d18aa5ab3a955d8f5a0bd8c11ccce7e212b6ad0c1702245f04b0,350.0,357.0,RGBA,ha_96.png,.png
/home/manvith/Desktop/Projects/Tulu Dataset/Tulu-Dtatset-V2/ha/ha_97.png,Tulu-Dtatset-V2,ha,test,e925c4d64214b61485dfaf29dda59ec042228f70dd258dc268ae6b6f82fc130f,350.0,357.0,RGBA,ha_97.png,.png
/home/manvith/Desktop/Projects/Tulu Dataset/Tulu-Dtatset-V2/i/i_57.png,Tulu-Dtatset-V2,i,test,17edefe7fbe0306c0dec41ad90b72bcbd8a0b70dd2def014af70a1d2bf2b1e10,356.0,347.0,RGBA,i_57.png,.png
/home/manvith/Desktop/Projects/Tulu Dataset/Tulu-Dtatset-V2/i/i_75.png,Tulu-Dtatset-V2,i,test,382af64caaa725fb759b5d48d0bcc1280a0f13342125b0aa698ffce2af48e343,359.0,347.0,RGBA,i_75.png,.png
/home/manvith/Desktop/Projects/Tulu Dataset/Tulu-Dtatset-V2/i/i_36.png,Tulu-Dtatset-V2,i,test,17b4c93b6ff3b82ad494359ca0d42e81a983398234441f3f10afc2145f37f237,365.0,346.0,RGBA,i_36.png,.png
/home/manvith/Desktop/Projects/Tulu Dataset/Tulu-Dtatset-V2/i/i_5.png,Tulu-Dtatset-V2,i,test,d45b827583326e88a41e4b184c71cdfa3b0f897b7f2b8855989ed1ef63830a85,356.0,347.0,RGBA,i_5.png,.png
/home/manvith/Desktop/Projects/Tulu Dataset/Tulu-Dtatset-V2/i/i_8.png,Tulu-Dtatset-V2,i,test,d6c75d85a2848782eec2429c162f0e098784cbb93f87f0986ec10f392455848a,361.0,352.0,RGBA,i_8.png,.png
/home/manvith/Desktop/Projects/Tulu Dataset/Tulu-Dtatset-V2/i/i_1.png,Tulu-Dtatset-V2,i,test,5fbbd7d0a802cecdb6c059ba9e11076b5d33f33618eae46407972b1baefbfc62,365.0,346.0,RGBA,i_1.png,.png
/home/manvith/Desktop/Projects/Tulu Dataset/Tulu-Dtatset-V2/i/i_58.png,Tulu-Dtatset-V2,i,test,c9bb003072afe545546bdb56bc8a7f785534eef7ca664c41cfd3dfb13dc49621,356.0,347.0,RGBA,i_58.png,.png
/home/manvith/Desktop/Projects/Tulu Dataset/Tulu-Dtatset-V2/i/i_42.png,Tulu-Dtatset-V2,i,test,19c3c7870faf114314dcd95f473755f9f333597e2d72961cb5a57b04aacc0047,365.0,346.0,RGBA,i_42.png,.png
/home/manvith/Desktop/Projects/Tulu Dataset/Tulu-Dtatset-V2/i/i_25.png,Tulu-Dtatset-V2,i,test,5fa42da0d7e6dc0ccda0c5f41cd8373467365edc5f6dfb4a5c49055905244ee9,365.0,346.0,RGBA,i_25.png,.png
/home/manvith/Desktop/Projects/Tulu Dataset/Tulu-Dtatset-V2/i/i_91.png,Tulu-Dtatset-V2,i,test,c6c01f50646ec37cbb4a77661943c1be1ecc3e47153242a9445d1b837601fb18,359.0,347.0,RGBA,i_91.png,.png
/home/manvith/Desktop/Projects/Tulu Dataset/Tulu-Dtatset-V2/ja/ja_61.png,Tulu-Dtatset-V2,ja,test,7da101441bce8fba162220db0b24ab9cf31f48e7c435d95534b0c6188e9b9bff,367.0,348.0,RGBA,ja_61.png,.png
/home/manvith/Desktop/Projects/Tulu Dataset/Tulu-Dtatset-V2/ja/ja_45.png,Tulu-Dtatset-V2,ja,test,91f593c8f04ad8a8841796d979738de4fcfd176b0359d327f87f4d299df68c03,365.0,347.0,RGBA,ja_45.png,.png
/home/manvith/Desktop/Projects/Tulu Dataset/Tulu-Dtatset-V2/ja/ja_98.png,Tulu-Dtatset-V2,ja,test,7d0c9807c9cbff1b1829a1d4a9869eb0787f0caf63f67bfddabcf8379cbb65f5,365.0,347.0,RGBA,ja_98.png,.png
/home/manvith/Desktop/Projects/Tulu Dataset/Tulu-Dtatset-V2/ja/ja_86.png,Tulu-Dtatset-V2,ja,test,9a388015cccfb790756edd886ae6bb2a090988f6bb49ab27e742eb5073aae5f0,365.0,347.0,RGBA,ja_86.png,.png
/home/manvith/Desktop/Projects/Tulu Dataset/Tulu-Dtatset-V2/ja/ja_97.png,Tulu-Dtatset-V2,ja,test,f1c350129c31058544df5cce41c8253c9e27fb7c648985ef32765d75906c337e,365.0,347.0,RGBA,ja_97.png,.png
/home/manvith/Desktop/Projects/Tulu Dataset/Tulu-Dtatset-V2/ja/ja_19.png,Tulu-Dtatset-V2,ja,test,e38e5d00123fcbff07bc6da4b0895c1e9cb38ab143529305e3fbe5ea3e53a2d2,363.0,346.0,RGBA,ja_19.png,.png
/home/manvith/Desktop/Projects/Tulu Dataset/Tulu-Dtatset-V2/ja/ja_21.png,Tulu-Dtatset-V2,ja,test,fc26f03d92cfb307b85576610a4e1b3b6d3ac776d5226cea754c0251347c4594,363.0,346.0,RGBA,ja_21.png,.png
/home/manvith/Desktop/Projects/Tulu Dataset/Tulu-Dtatset-V2/ja/ja_47.png,Tulu-Dtatset-V2,ja,test,c79b42cb4f0fea8b10584028d916073fe0321e15c6d200fb3a9c3f748999f8b7,365.0,347.0,RGBA,ja_47.png,.png
/home/manvith/Desktop/Projects/Tulu Dataset/Tulu-Dtatset-V2/ja/ja_43.png,Tulu-Dtatset-V2,ja,test,f9ff37adad782464f5a3c24228f3da4159f0428596a4bd113956bb7d3fdba4d0,365.0,347.0,RGBA,ja_43.png,.png
/home/manvith/Desktop/Projects/Tulu Dataset/Tulu-Dtatset-V2/ja/ja_72.png,Tulu-Dtatset-V2,ja,test,ede6c23990e234fd83905d118ac16179dd2c088c1072e236171a5e40084b82ef,365.0,347.0,RGBA,ja_72.png,.png
/home/manvith/Desktop/Projects/Tulu Dataset/Tulu-Dtatset-V2/jha/jha_16.png,Tulu-Dtatset-V2,jha,test,d5898fb868898f20ba1896a3fc2125f73ee0a213305736fee63f82a8393878e9,363.0,349.0,RGBA,jha_16.png,.png
/home/manvith/Desktop/Projects/Tulu Dataset/Tulu-Dtatset-V2/jha/jha_19.png,Tulu-Dtatset-V2,jha,test,293789a57363a869ab9ddb5507628bdf7585d7df00e2fcd904e2d5ef77750973,363.0,349.0,RGBA,jha_19.png,.png
/home/manvith/Desktop/Projects/Tulu Dataset/Tulu-Dtatset-V2/jha/jha_8.png,Tulu-Dtatset-V2,jha,test,348a26aec8dc5639f127ad5d82316a3189e7e8f4e193a1d6437a833fe1ec3f09,364.0,344.0,RGBA,jha_8.png,.png
/home/manvith/Desktop/Projects/Tulu Dataset/Tulu-Dtatset-V2/jha/jha_23.png,Tulu-Dtatset-V2,jha,test,bf921e71fe4a92c624db5cf7cbd200bf16bf22326b31e00ef861d51811356c61,363.0,349.0,RGBA,jha_23.png,.png
/home/manvith/Desktop/Projects/Tulu Dataset/Tulu-Dtatset-V2/jha/jha_98.png,Tulu-Dtatset-V2,jha,test,de62abfa0f85d81bd0142d03d243945d6b2ddabb247360394103b7d770987528,363.0,349.0,RGBA,jha_98.png,.png
/home/manvith/Desktop/Projects/Tulu Dataset/Tulu-Dtatset-V2/jha/jha_62.png,Tulu-Dtatset-V2,jha,test,2c415e1df09135ff1a12b06f506e5aee0f97aa8e3a4c2a1033c01e4ce12cad8b,363.0,349.0,RGBA,jha_62.png,.png
/home/manvith/Desktop/Projects/Tulu Dataset/Tulu-Dtatset-V2/jha/jha_51.png,Tulu-Dtatset-V2,jha,test,28f3a43ce83d997782cdda7cad2b528301a442bf4dc3c5f87f01423ba05be4c1,360.0,335.0,RGBA,jha_51.png,.png
/home/manvith/Desktop/Projects/Tulu Dataset/Tulu-Dtatset-V2/jha/jha_75.png,Tulu-Dtatset-V2,jha,test,654179c68ebc5bbf6d1d89d2d9b0cb22c5f58d7ebd9effc69f55a17ba43eb306,363.0,349.0,RGBA,jha_75.png,.png
/home/manvith/Desktop/Projects/Tulu Dataset/Tulu-Dtatset-V2/jha/jha_72.png,Tulu-Dtatset-V2,jha,test,e54550c19b37c5bf8e19a2fb93f92acf9a5a5d08316858899a82a7ac408ee262,363.0,349.0,RGBA,jha_72.png,.png
/home/manvith/Desktop/Projects/Tulu Dataset/Tulu-Dtatset-V2/jha/jha_50.png,Tulu-Dtatset-V2,jha,test,c0ef86fd5149e98af0fd1cd5813ce0e01e5564af344577abc92e14aaa14db2b1,360.0,335.0,RGBA,jha_50.png,.png
/home/manvith/Desktop/Projects/Tulu Dataset/Tulu-Dtatset-V2/ka/ka_55.png,Tulu-Dtatset-V2,ka,test,88b7e4db0c6b9ac8935287dbed2e9bbd4aafcdd2edc76b8d0e7d374aff25f7c7,365.0,349.0,RGBA,ka_55.png,.png
/home/manvith/Desktop/Projects/Tulu Dataset/Tulu-Dtatset-V2/ka/ka_49.png,Tulu-Dtatset-V2,ka,test,c7900057ecc2ae070c9a183c10b607c971d53506cf2549fe0c13202d58cc79c0,365.0,349.0,RGBA,ka_49.png,.png
/home/manvith/Desktop/Projects/Tulu Dataset/Tulu-Dtatset-V2/ka/ka_94.png,Tulu-Dtatset-V2,ka,test,17084ad1c101d333481424c2cae8b2114f86fae2d97a21e309153490de0a4716,355.0,350.0,RGBA,ka_94.png,.png
/home/manvith/Desktop/Projects/Tulu Dataset/Tulu-Dtatset-V2/ka/ka_91.png,Tulu-Dtatset-V2,ka,test,4c87f5bb6ccce4bd24cec8476d335ae45f4ed8fa7ba93cb225e04721028f2b85,355.0,350.0,RGBA,ka_91.png,.png
/home/manvith/Desktop/Projects/Tulu Dataset/Tulu-Dtatset-V2/ka/ka_45.png,Tulu-Dtatset-V2,ka,test,f2d91f14a6335c3799e176563ebb593c8972521dbf6caf067be81c1a4855cc45,365.0,349.0,RGBA,ka_45.png,.png
/home/manvith/Desktop/Projects/Tulu Dataset/Tulu-Dtatset-V2/ka/ka_25.png,Tulu-Dtatset-V2,ka,test,71dec2a9973e9eb88139888414aaeb64833bc07956780b6a482c2569acf84be0,355.0,350.0,RGBA,ka_25.png,.png
/home/manvith/Desktop/Projects/Tulu Dataset/Tulu-Dtatset-V2/ka/ka_79.png,Tulu-Dtatset-V2,ka,test,1b7e8b26560a17ddc15a33f9db4901a154c63f7b021fd1b094388f60c20803ac,365.0,349.0,RGBA,ka_79.png,.png
/home/manvith/Desktop/Projects/Tulu Dataset/Tulu-Dtatset-V2/ka/ka_48.png,Tulu-Dtatset-V2,ka,test,483ff26c1788fc584c71a783dc724e3671e60b0959dde5faf797fc52c5c6583f,365.0,349.0,RGBA,ka_48.png,.png
/home/manvith/Desktop/Projects/Tulu Dataset/Tulu-Dtatset-V2/ka/ka_32.png,Tulu-Dtatset-V2,ka,test,30756f79e42c16e6109a018b750a448f877abc8b8e631f6afabfdaf0b91407d5,355.0,350.0,RGBA,ka_32.png,.png
/home/manvith/Desktop/Projects/Tulu Dataset/Tulu-Dtatset-V2/ka/ka_62.png,Tulu-Dtatset-V2,ka,test,5a4e878cbaa5a294d4250fdc5678dcf509a815207483bbec69dfb500be987544,365.0,349.0,RGBA,ka_62.png,.png
/home/manvith/Desktop/Projects/Tulu Dataset/Tulu-Dtatset-V2/kha/kha_99.png,Tulu-Dtatset-V2,kha,test,e9b2be674c3728e968011a6e911c4ab848c1335aa47872d0ef4debdff736d3ca,364.0,341.0,RGBA,kha_99.png,.png
/home/manvith/Desktop/Projects/Tulu Dataset/Tulu-Dtatset-V2/kha/kha_69.png,Tulu-Dtatset-V2,kha,test,fdd59781a73477f16f1b973e0833585ad6031177a6f80b755040a3e76ffa6396,365.0,335.0,RGBA,kha_69.png,.png
/home/manvith/Desktop/Projects/Tulu Dataset/Tulu-Dtatset-V2/kha/kha_8.png,Tulu-Dtatset-V2,kha,test,f7c92bf8b4e494d3e654c376a650571e0e4cc1c7b4dd9e5e3bbfac51a8931c7e,365.0,335.0,RGBA,kha_8.png,.png
/home/manvith/Desktop/Projects/Tulu Dataset/Tulu-Dtatset-V2/kha/kha_27.png,Tulu-Dtatset-V2,kha,test,9d9e6bc950c07d3d9df1969be77da4f2b52824118a24d1aa355ce59e77d0b965,354.0,349.0,RGBA,kha_27.png,.png
/home/manvith/Desktop/Projects/Tulu Dataset/Tulu-Dtatset-V2/kha/kha_62.png,Tulu-Dtatset-V2,kha,test,2d1cd99f23bc925def93aa4422b6731f6d552db9c1652956fae4dc2aa9cbf5f6,365.0,335.0,RGBA,kha_62.png,.png
/home/manvith/Desktop/Projects/Tulu Dataset/Tulu-Dtatset-V2/kha/kha_7.png,Tulu-Dtatset-V2,kha,test,cd5bf0e008406bdcab6973d15387dcfec012cda0d2a12d2241c87c186ca32e44,365.0,348.0,RGBA,kha_7.png,.png
/home/manvith/Desktop/Projects/Tulu Dataset/Tulu-Dtatset-V2/kha/kha_64.png,Tulu-Dtatset-V2,kha,test,b70af226cd0c7ca1d74eea7d7bd86a6749dba7b5c95c5a887e7c1e108dbdf308,365.0,335.0,RGBA,kha_64.png,.png
/home/manvith/Desktop/Projects/Tulu Dataset/Tulu-Dtatset-V2/kha/kha_48.png,Tulu-Dtatset-V2,kha,test,88d7b9071accf9087bcc508ea45014068f760399bea7ea10b7f304ed3939c051,364.0,337.0,RGBA,kha_48.png,.png
/home/manvith/Desktop/Projects/Tulu Dataset/Tulu-Dtatset-V2/kha/kha_92.png,Tulu-Dtatset-V2,kha,test,131ab24712849fd313a0a5a39804065f98104bdb3620490c02261d9f3a333c7f,364.0,341.0,RGBA,kha_92.png,.png
/home/manvith/Desktop/Projects/Tulu Dataset/Tulu-Dtatset-V2/kha/kha_25.png,Tulu-Dtatset-V2,kha,test,d74b6106647b8ab218123179de0686ec31cfd4d26534a945dd861bbb4c539b98,354.0,349.0,RGBA,kha_25.png,.png
/home/manvith/Desktop/Projects/Tulu Dataset/Tulu-Dtatset-V2/la/la_55.png,Tulu-Dtatset-V2,la,test,bf56d2eb811cacc35f32040455b5059f7d72c9300320fc85baa4490d0774476c,356.0,340.0,RGBA,la_55.png,.png
/home/manvith/Desktop/Projects/Tulu Dataset/Tulu-Dtatset-V2/la/la_53.png,Tulu-Dtatset-V2,la,test,e6dcb51d424ab1fc2de8d6f02919804cb72d00eb910d72849868137b1978f1b7,356.0,340.0,RGBA,la_53.png,.png
/home/manvith/Desktop/Projects/Tulu Dataset/Tulu-Dtatset-V2/la/la_72.png,Tulu-Dtatset-V2,la,test,bdf6b471c69128c7eedb0991284355af92533e9c0ba67de7b28588452688ba45,355.0,353.0,RGBA,la_72.png,.png
/home/manvith/Desktop/Projects/Tulu Dataset/Tulu-Dtatset-V2/la/la_88.png,Tulu-Dtatset-V2,la,test,14f8fd84ad5f7890705e48e2bfac7bd9ddf9a7da008f0cbf365c1217dfbc3ce8,355.0,353.0,RGBA,la_88.png,.png
/home/manvith/Desktop/Projects/Tulu Dataset/Tulu-Dtatset-V2/la/la_76.png,Tulu-Dtatset-V2,la,test,8ccf0c0052cba96e4f46fb00954965378c1affe6d759e28b35e033112cae9c6e,355.0,353.0,RGBA,la_76.png,.png
/home/manvith/Desktop/Projects/Tulu Dataset/Tulu-Dtatset-V2/la/la_23.png,Tulu-Dtatset-V2,la,test,67d43ec606aa8199d962446c72bd518a3cfa0afbe24d56f97ba61f998c897b98,345.0,333.0,RGBA,la_23.png,.png
/home/manvith/Desktop/Projects/Tulu Dataset/Tulu-Dtatset-V2/la/la_42.png,Tulu-Dtatset-V2,la,test,b400d596f9d17be1db488231b6d5742fddace9a36656ae297a57178420dc7399,359.0,337.0,RGBA,la_42.png,.png
/home/manvith/Desktop/Projects/Tulu Dataset/Tulu-Dtatset-V2/la/la_41.png,Tulu-Dtatset-V2,la,test,574b63f258f5fa6d1a2fa7dfa47d4fa4d50788dcca75c9fc9d4697ea16286bcf,359.0,337.0,RGBA,la_41.png,.png
/home/manvith/Desktop/Projects/Tulu Dataset/Tulu-Dtatset-V2/la/la_93.png,Tulu-Dtatset-V2,la,test,c99898d8385ea8fb30bf0afed3c4773ed6a934ca8daa48738c4ed799c0e5d211,355.0,353.0,RGBA,la_93.png,.png
/home/manvith/Desktop/Projects/Tulu Dataset/Tulu-Dtatset-V2/la/la_74.png,Tulu-Dtatset-V2,la,test,6a5c76aa0ca175a2b134eb54c5afeb9ede25fb5c07031f8e3bf1fe7ca8b2416a,355.0,353.0,RGBA,la_74.png,.png
/home/manvith/Desktop/Projects/Tulu Dataset/Tulu-Dtatset-V2/lla/lla_82.png,Tulu-Dtatset-V2,lla,test,b41109f77f43433b7e82d4b95b7419f4451b2fb0ff2c0ed86c75193b4390855a,354.0,321.0,RGBA,lla_82.png,.png
/home/manvith/Desktop/Projects/Tulu Dataset/Tulu-Dtatset-V2/lla/lla_8.png,Tulu-Dtatset-V2,lla,test,812bed38d0567f8cbc29bf7915f53d49b028bea5372b53531a9daa85097a8ede,354.0,342.0,RGBA,lla_8.png,.png
/home/manvith/Desktop/Projects/Tulu Dataset/Tulu-Dtatset-V2/lla/lla_29.png,Tulu-Dtatset-V2,lla,test,23ded9567a7636aebdd8df5a65846b96ed84ee0a417ff1a6424fac9242d66132,354.0,336.0,RGBA,lla_29.png,.png
/home/manvith/Desktop/Projects/Tulu Dataset/Tulu-Dtatset-V2/lla/lla_30.png,Tulu-Dtatset-V2,lla,test,074bf216a67d064801049d35aa547e5ddbe0c8f34e361604b62f3fec23e5b6c6,354.0,336.0,RGBA,lla_30.png,.png
/home/manvith/Desktop/Projects/Tulu Dataset/Tulu-Dtatset-V2/lla/lla_87.png,Tulu-Dtatset-V2,lla,test,776cf131f77d61737454a552af185b6b0562142ac2611bdb890cee4f293f55f6,354.0,321.0,RGBA,lla_87.png,.png
/home/manvith/Desktop/Projects/Tulu Dataset/Tulu-Dtatset-V2/lla/lla_74.png,Tulu-Dtatset-V2,lla,test,efaff0398719687d0f3d58c6edb9be94a19adc7113f92b34f571df3fe15160d1,354.0,321.0,RGBA,lla_74.png,.png
/home/manvith/Desktop/Projects/Tulu Dataset/Tulu-Dtatset-V2/lla/lla_42.png,Tulu-Dtatset-V2,lla,test,57904624905bce8d500fffc277e5796b99a78f67296c97214ad8a7cd43ccc015,346.0,329.0,RGBA,lla_42.png,.png
/home/manvith/Desktop/Projects/Tulu Dataset/Tulu-Dtatset-V2/lla/lla_48.png,Tulu-Dtatset-V2,lla,test,7e25656a6c5fd3b7d46b36b0e06b41a663deec4a011a00968502334334f04969,346.0,329.0,RGBA,lla_48.png,.png
/home/manvith/Desktop/Projects/Tulu Dataset/Tulu-Dtatset-V2/lla/lla_94.png,Tulu-Dtatset-V2,lla,test,cb6b7856800e6ea106d20cf921deb26ec8439829b3ea53cc0a5857fd46159592,354.0,321.0,RGBA,lla_94.png,.png
/home/manvith/Desktop/Projects/Tulu Dataset/Tulu-Dtatset-V2/lla/lla_10.png,Tulu-Dtatset-V2,lla,test,929acfacb5e9bb32df772ca24e63339f4d3bb1075757528d65e4fa20b90da092,367.0,340.0,RGBA,lla_10.png,.png
/home/manvith/Desktop/Projects/Tulu Dataset/Tulu-Dtatset-V2/ma/ma_54.png,Tulu-Dtatset-V2,ma,test,8d9621cea67406823f92bf6dc399c0917718107f0ff9f84ed8bb5ce4a87f3c38,360.0,357.0,RGBA,ma_54.png,.png
/home/manvith/Desktop/Projects/Tulu Dataset/Tulu-Dtatset-V2/ma/ma_100.png,Tulu-Dtatset-V2,ma,test,bb3d54ac7b3761ee0dbedbdb1b9cce9246ada4e4eaf8d7215bef59d525282d9f,356.0,349.0,RGBA,ma_100.png,.png
/home/manvith/Desktop/Projects/Tulu Dataset/Tulu-Dtatset-V2/ma/ma_92.png,Tulu-Dtatset-V2,ma,test,2b982d651ecd049d8ca427c2ae7e0a66c7854cd910c36768a2e9d9052e75773c,356.0,349.0,RGBA,ma_92.png,.png
/home/manvith/Desktop/Projects/Tulu Dataset/Tulu-Dtatset-V2/ma/ma_44.png,Tulu-Dtatset-V2,ma,test,6a3314de8f24241e73f961412628a6acf4c44295dd6577c65d88b04d0af1fe51,353.0,345.0,RGBA,ma_44.png,.png
/home/manvith/Desktop/Projects/Tulu Dataset/Tulu-Dtatset-V2/ma/ma_87.png,Tulu-Dtatset-V2,ma,test,e69fa3afba5df37b86e8aae727ceb9ae603cab70f71217af3b7bb68cabd06d88,356.0,349.0,RGBA,ma_87.png,.png
/home/manvith/Desktop/Projects/Tulu Dataset/Tulu-Dtatset-V2/ma/ma_62.png,Tulu-Dtatset-V2,ma,test,f80bece7a1263d57ef93b82abb0770b7942a1813deeaa3d0c4e6937b27ebea01,360.0,357.0,RGBA,ma_62.png,.png
/home/manvith/Desktop/Projects/Tulu Dataset/Tulu-Dtatset-V2/ma/ma_73.png,Tulu-Dtatset-V2,ma,test,0fcee8936e088934ba68b0724a7f52fe501fec047844a0db6132d21f272c304a,356.0,349.0,RGBA,ma_73.png,.png
/home/manvith/Desktop/Projects/Tulu Dataset/Tulu-Dtatset-V2/ma/ma_15.png,Tulu-Dtatset-V2,ma,test,403b9dbb250efdd2fc2aac2f8b7567bf1578447012d82c0e6df3811d588cf43e,360.0,357.0,RGBA,ma_15.png,.png
/home/manvith/Desktop/Projects/Tulu Dataset/Tulu-Dtatset-V2/ma/ma_74.png,Tulu-Dtatset-V2,ma,test,5d553575725bf085554b70854d6ba2011668447b8d12e4cdc432e71bc66f50af,356.0,349.0,RGBA,ma_74.png,.png
/home/manvith/Desktop/Projects/Tulu Dataset/Tulu-Dtatset-V2/ma/ma_61.png,Tulu-Dtatset-V2,ma,test,f3604296ce0be0af2fbfaa20d4c9273e3f52a3cfb23589558d0779ed2d8a6e37,360.0,357.0,RGBA,ma_61.png,.png
/home/manvith/Desktop/Projects/Tulu Dataset/Tulu-Dtatset-V2/na/na_15.png,Tulu-Dtatset-V2,na,test,51360d69a76b77ed6d59d936ec3f7578ff7a8f258a4a48821460d0f9ae56ef5f,359.0,347.0,RGBA,na_15.png,.png
/home/manvith/Desktop/Projects/Tulu Dataset/Tulu-Dtatset-V2/na/na_40.png,Tulu-Dtatset-V2,na,test,7c68083fd4ed1a858675399dd8fe141a45d61df5608dccf56a8a509337f42fff,367.0,356.0,RGBA,na_40.png,.png
/home/manvith/Desktop/Projects/Tulu Dataset/Tulu-Dtatset-V2/na/na_98.png,Tulu-Dtatset-V2,na,test,26e4522bb4e64dac30d4373f5be3c482c67dd5526ac5fbb60821b96bef94ed2d,368.0,346.0,RGBA,na_98.png,.png
/home/manvith/Desktop/Projects/Tulu Dataset/Tulu-Dtatset-V2/na/na_56.png,Tulu-Dtatset-V2,na,test,27ba597d028ca2b06a44472c0d6874bf02ce42673d2850bdc44f5a659dac667c,368.0,346.0,RGBA,na_56.png,.png
/home/manvith/Desktop/Projects/Tulu Dataset/Tulu-Dtatset-V2/na/na_34.png,Tulu-Dtatset-V2,na,test,0c89b1bd5863318411aa50276ba491cf3210812bc14e0e7f549cee88f174d474,367.0,356.0,RGBA,na_34.png,.png
/home/manvith/Desktop/Projects/Tulu Dataset/Tulu-Dtatset-V2/na/na_69.png,Tulu-Dtatset-V2,na,test,fd0e3b14e9691418c726a1c73413addc095c3c95c9d9d5baef9f7b1802c20458,368.0,346.0,RGBA,na_69.png,.png
/home/manvith/Desktop/Projects/Tulu Dataset/Tulu-Dtatset-V2/na/na_85.png,Tulu-Dtatset-V2,na,test,8bcbc2e4fce25e4d7e7cc35ee3ccd142b3c5307bf948ddabadb4c19b182892f7,368.0,346.0,RGBA,na_85.png,.png
/home/manvith/Desktop/Projects/Tulu Dataset/Tulu-Dtatset-V2/na/na_25.png,Tulu-Dtatset-V2,na,test,c15da428bff1887f21e66667d5e066bdc3edb52ef049d2b8a81b4613196b2ad7,368.0,346.0,RGBA,na_25.png,.png
/home/manvith/Desktop/Projects/Tulu Dataset/Tulu-Dtatset-V2/na/na_43.png,Tulu-Dtatset-V2,na,test,b58f8557fa9d9caead4c1308d2cdab7e5bdaa20fb46e4fe7d4fd5608a40b3098,367.0,356.0,RGBA,na_43.png,.png
/home/manvith/Desktop/Projects/Tulu Dataset/Tulu-Dtatset-V2/na/na_36.png,Tulu-Dtatset-V2,na,test,27ce5c77d3a737a7a96340d86999b949cc488738943d2593c091b5c587c064f6,367.0,356.0,RGBA,na_36.png,.png
/home/manvith/Desktop/Projects/Tulu Dataset/Tulu-Dtatset-V2/nna/nna_25.png,Tulu-Dtatset-V2,nna,test,cb0b423f4082e261a3caf49ff06c021f982edbcc6b1da9e22c2960819b44348c,362.0,346.0,RGBA,nna_25.png,.png
/home/manvith/Desktop/Projects/Tulu Dataset/Tulu-Dtatset-V2/nna/nna_34.png,Tulu-Dtatset-V2,nna,test,c6887a7ee61dde5bdf5dcddb52cb5a0207d7dfb2edb3a34aaba538929a1f5a9a,362.0,346.0,RGBA,nna_34.png,.png
/home/manvith/Desktop/Projects/Tulu Dataset/Tulu-Dtatset-V2/nna/nna_74.png,Tulu-Dtatset-V2,nna,test,7084883f36a1da0b61255ee46c6f369f63410869a57fd42dfbe6f0974602e107,365.0,348.0,RGBA,nna_74.png,.png
/home/manvith/Desktop/Projects/Tulu Dataset/Tulu-Dtatset-V2/nna/nna_13.png,Tulu-Dtatset-V2,nna,test,53cc8bddc2e101fd2a04364c3b7a32b1d877e669f11b1c4c3e2c08b9aa26afd0,357.0,349.0,RGBA,nna_13.png,.png
/home/manvith/Desktop/Projects/Tulu Dataset/Tulu-Dtatset-V2/nna/nna_56.png,Tulu-Dtatset-V2,nna,test,d1f4c7ee6a743243f15ffcd269c9105ab708a069847c5eb557afc108170cb4c8,364.0,346.0,RGBA,nna_56.png,.png
/home/manvith/Desktop/Projects/Tulu Dataset/Tulu-Dtatset-V2/nna/nna_98.png,Tulu-Dtatset-V2,nna,test,d909f4aad76d3ab904588d98c42c3bc4f7baa609df5693302e155c21d09a4d78,365.0,348.0,RGBA,nna_98.png,.png
/home/manvith/Desktop/Projects/Tulu Dataset/Tulu-Dtatset-V2/nna/nna_51.png,Tulu-Dtatset-V2,nna,test,34327b9e613c5b16041ebc8464aa43047164158e0c68d0d1a58caaddb7decd4f,364.0,346.0,RGBA,nna_51.png,.png
/home/manvith/Desktop/Projects/Tulu Dataset/Tulu-Dtatset-V2/nna/nna_32.png,Tulu-Dtatset-V2,nna,test,89de53702e3792a78bb98bf17aff3a1bffd5038489f507e408f07068641d7297,362.0,346.0,RGBA,nna_32.png,.png
/home/manvith/Desktop/Projects/Tulu Dataset/Tulu-Dtatset-V2/nna/nna_45.png,Tulu-Dtatset-V2,nna,test,fe3b9b8cb6c535d92fae8fabc610eebcc293c621ff2812f46cf52de5e5a59654,362.0,346.0,RGBA,nna_45.png,.png
/home/manvith/Desktop/Projects/Tulu Dataset/Tulu-Dtatset-V2/nna/nna_97.png,Tulu-Dtatset-V2,nna,test,0691475d97b4f1901609c3fb6df33902c85e403b56404aefc3afe543afab0fbe,365.0,348.0,RGBA,nna_97.png,.png
/home/manvith/Desktop/Projects/Tulu Dataset/Tulu-Dtatset-V2/nya/nya_57.png,Tulu-Dtatset-V2,nya,test,4b2ceaada8c469c0616d38341de88905d13dbaf602cc3e8b09b129a756c2b42f,364.0,347.0,RGBA,nya_57.png,.png
/home/manvith/Desktop/Projects/Tulu Dataset/Tulu-Dtatset-V2/nya/nya_19.png,Tulu-Dtatset-V2,nya,test,cb1353fa779fe7ef3fe4f74c88201672dedd2a29dad142082b881df59f03b752,363.0,345.0,RGBA,nya_19.png,.png
/home/manvith/Desktop/Projects/Tulu Dataset/Tulu-Dtatset-V2/nya/nya_12.png,Tulu-Dtatset-V2,nya,test,ecc3c62e45a866f09ff22ae198d4fdcec2a049c814d4861132dd3edc5a915b42,363.0,337.0,RGBA,nya_12.png,.png
/home/manvith/Desktop/Projects/Tulu Dataset/Tulu-Dtatset-V2/nya/nya_94.png,Tulu-Dtatset-V2,nya,test,9b4daa9e02d0bd3f960841bc05267bf10acec400711b92a9e0cba75988f2165a,358.0,345.0,RGBA,nya_94.png,.png
/home/manvith/Desktop/Projects/Tulu Dataset/Tulu-Dtatset-V2/nya/nya_86.png,Tulu-Dtatset-V2,nya,test,bf837c2c3269c053bcbf6ba6e90a82b8054b600d32b0c18f6eafc4e6acc18dfd,358.0,345.0,RGBA,nya_86.png,.png
/home/manvith/Desktop/Projects/Tulu Dataset/Tulu-Dtatset-V2/nya/nya_18.png,Tulu-Dtatset-V2,nya,test,285a89d96395cfcf45171b28e1381796df648c1e44aef05320f92e7743f3caca,363.0,345.0,RGBA,nya_18.png,.png
/home/manvith/Desktop/Projects/Tulu Dataset/Tulu-Dtatset-V2/nya/nya_9.png,Tulu-Dtatset-V2,nya,test,e49f46b992ea911c4c79e96820ee08fa2e307cfbeb9016e249b23aa0842e6aad,366.0,350.0,RGBA,nya_9.png,.png
/home/manvith/Desktop/Projects/Tulu Dataset/Tulu-Dtatset-V2/nya/nya_44.png,Tulu-Dtatset-V2,nya,test,4edb7b58a96f4d8db09f059dc5a4fe0a8dc22de26985b0c7fb0b02e336c13682,363.0,345.0,RGBA,nya_44.png,.png
/home/manvith/Desktop/Projects/Tulu Dataset/Tulu-Dtatset-V2/nya/nya_34.png,Tulu-Dtatset-V2,nya,test,2700af417384637eea9c0e960b12fc31943b0808516237210c15916bf190c8fc,363.0,345.0,RGBA,nya_34.png,.png
/home/manvith/Desktop/Projects/Tulu Dataset/Tulu-Dtatset-V2/nya/nya_91.png,Tulu-Dtatset-V2,nya,test,e38016719db3be9b89b5c1fbbd4ab47de5b216a0d916d30f69953b5bcbd68561,358.0,345.0,RGBA,nya_91.png,.png
/home/manvith/Desktop/Projects/Tulu Dataset/Tulu-Dtatset-V2/nza/nza_19.png,Tulu-Dtatset-V2,nza,test,b4a34859cf11005992d547ed4ad3730e328de44d9c17f424351f728b0394e3fc,358.0,345.0,RGBA,nza_19.png,.png
/home/manvith/Desktop/Projects/Tulu Dataset/Tulu-Dtatset-V2/nza/nza_20.png,Tulu-Dtatset-V2,nza,test,2478c7201b859f6a0be587ab7ac3ec753d8531dd00907c21c84f41851b40b679,358.0,345.0,RGBA,nza_20.png,.png
/home/manvith/Desktop/Projects/Tulu Dataset/Tulu-Dtatset-V2/nza/nza_50.png,Tulu-Dtatset-V2,nza,test,176b8162feba5815e03ab7b6dc9352195a871e6a4ca760c004413f6c3956d8aa,358.0,345.0,RGBA,nza_50.png,.png
/home/manvith/Desktop/Projects/Tulu Dataset/Tulu-Dtatset-V2/nza/nza_45.png,Tulu-Dtatset-V2,nza,test,a030db764ed492af3f4db750e6292da40ec704d4ec5f971a791cab166fe715b1,358.0,345.0,RGBA,nza_45.png,.png
/home/manvith/Desktop/Projects/Tulu Dataset/Tulu-Dtatset-V2/nza/nza_53.png,Tulu-Dtatset-V2,nza,test,7c344ca9fe4c687f96606fa39e8dd7d0395cd2abbd1bcb47c3e4204ad45848b8,365.0,343.0,RGBA,nza_53.png,.png
/home/manvith/Desktop/Projects/Tulu Dataset/Tulu-Dtatset-V2/nza/nza_94.png,Tulu-Dtatset-V2,nza,test,cabec9a7b8030d58006e2bc99fc74beccbdf318aec14e9ef1a5ebbbc636d9845,365.0,342.0,RGBA,nza_94.png,.png
/home/manvith/Desktop/Projects/Tulu Dataset/Tulu-Dtatset-V2/nza/nza_26.png,Tulu-Dtatset-V2,nza,test,5177f57d38b8b06b83497e819e75888e97de5265513ebed1508ec76cb3c6d0ef,358.0,345.0,RGBA,nza_26.png,.png
/home/manvith/Desktop/Projects/Tulu Dataset/Tulu-Dtatset-V2/nza/nza_82.png,Tulu-Dtatset-V2,nza,test,af903c36fa06c460e0beed039fd94967a34f17c7124a7e4de51832eae0de7952,365.0,342.0,RGBA,nza_82.png,.png
/home/manvith/Desktop/Projects/Tulu Dataset/Tulu-Dtatset-V2/nza/nza_91.png,Tulu-Dtatset-V2,nza,test,30a9fdf727bb390536dde80666a68fd227119e516aec2911ff6057db95ae4732,365.0,342.0,RGBA,nza_91.png,.png
/home/manvith/Desktop/Projects/Tulu Dataset/Tulu-Dtatset-V2/nza/nza_52.png,Tulu-Dtatset-V2,nza,test,2cf3a752a1c8c34c59d6661ad59338ba4f8918f87c019843b67e74533b94a38e,365.0,343.0,RGBA,nza_52.png,.png
/home/manvith/Desktop/Projects/Tulu Dataset/Tulu-Dtatset-V2/o/o_89.png,Tulu-Dtatset-V2,o,test,fcdddc2fb532a2da7d418d40fb11ede81831acb39ab95617037011ab833a0fd2,363.0,347.0,RGBA,o_89.png,.png
/home/manvith/Desktop/Projects/Tulu Dataset/Tulu-Dtatset-V2/o/o_30.png,Tulu-Dtatset-V2,o,test,a2b8a1b622b1d46df0846c3afb4001332a87ee531f0abf0c966b8e1852c69816,364.0,347.0,RGBA,o_30.png,.png
/home/manvith/Desktop/Projects/Tulu Dataset/Tulu-Dtatset-V2/o/o_72.png,Tulu-Dtatset-V2,o,test,0338fbf4fe503b9b51fbf4bc3f7193ef12f03f855786198f07996d6540e01b01,363.0,347.0,RGBA,o_72.png,.png
/home/manvith/Desktop/Projects/Tulu Dataset/Tulu-Dtatset-V2/o/o_78.png,Tulu-Dtatset-V2,o,test,e132336c9ed6f7802f751d61333ebd8217fb993b1d8e3c5c5a037d9996f2bea0,363.0,347.0,RGBA,o_78.png,.png
/home/manvith/Desktop/Projects/Tulu Dataset/Tulu-Dtatset-V2/o/o_32.png,Tulu-Dtatset-V2,o,test,a153ec2b80386ff8c435ce5b5086f64e3308751590ec01bafa6841f1a03dcb1c,364.0,347.0,RGBA,o_32.png,.png
/home/manvith/Desktop/Projects/Tulu Dataset/Tulu-Dtatset-V2/o/o_75.png,Tulu-Dtatset-V2,o,test,5b000a87380af8edac47e5cb43a354971cdf8710ab2c8cf1ec3169d90ee9a59b,363.0,347.0,RGBA,o_75.png,.png
/home/manvith/Desktop/Projects/Tulu Dataset/Tulu-Dtatset-V2/o/o_22.png,Tulu-Dtatset-V2,o,test,ce5ff21ae7a83bb8e26f88d3cd716f3076f376a2cbd78207321f624b01953e75,364.0,347.0,RGBA,o_22.png,.png
/home/manvith/Desktop/Projects/Tulu Dataset/Tulu-Dtatset-V2/o/o_51.png,Tulu-Dtatset-V2,o,test,db2891d91a79ee8b121706cbe18b0860e7b722a9bf893edabf436c0af0a9e2ad,367.0,356.0,RGBA,o_51.png,.png
/home/manvith/Desktop/Projects/Tulu Dataset/Tulu-Dtatset-V2/o/o_55.png,Tulu-Dtatset-V2,o,test,11966f4b5340fe7272c93e52993d8e6466fa4ca2e69e851f57d7487672ffbf5c,367.0,356.0,RGBA,o_55.png,.png
/home/manvith/Desktop/Projects/Tulu Dataset/Tulu-Dtatset-V2/o/o_41.png,Tulu-Dtatset-V2,o,test,81ca39eb09cc88f3682d699431e1fd1e79bdd647fe1cccb591cdfc76598f6a9f,364.0,347.0,RGBA,o_41.png,.png
/home/manvith/Desktop/Projects/Tulu Dataset/Tulu-Dtatset-V2/oo/oo_38.png,Tulu-Dtatset-V2,oo,test,d42d4a30a3680aafe71f65aa803560e00fd64d25ddd2b930a8f6ee81338fc979,363.0,352.0,RGBA,oo_38.png,.png
/home/manvith/Desktop/Projects/Tulu Dataset/Tulu-Dtatset-V2/oo/oo_29.png,Tulu-Dtatset-V2,oo,test,46723cb75409cb8f3bde915d3921f6864410731b38ed76f84709e942a7f69356,363.0,352.0,RGBA,oo_29.png,.png
/home/manvith/Desktop/Projects/Tulu Dataset/Tulu-Dtatset-V2/oo/oo_88.png,Tulu-Dtatset-V2,oo,test,5eb7e3ed104ae2d2b60077543467a18326785e3ab46e278962388494835ec4bf,367.0,356.0,RGBA,oo_88.png,.png
/home/manvith/Desktop/Projects/Tulu Dataset/Tulu-Dtatset-V2/oo/oo_21.png,Tulu-Dtatset-V2,oo,test,43af3a900782e559449ce828ea1754d36902639dc0bda7c5723199ac506996f5,363.0,352.0,RGBA,oo_21.png,.png
/home/manvith/Desktop/Projects/Tulu Dataset/Tulu-Dtatset-V2/oo/oo_84.png,Tulu-Dtatset-V2,oo,test,9f46ff217548c3bf648f55e60032c9e2c313ac45dd3293e419648e0b1c24d658,367.0,356.0,RGBA,oo_84.png,.png
/home/manvith/Desktop/Projects/Tulu Dataset/Tulu-Dtatset-V2/oo/oo_49.png,Tulu-Dtatset-V2,oo,test,45cf6d02a62620140d79737bd3297cfdbafb741ac8b1f917564fb576e274e009,363.0,352.0,RGBA,oo_49.png,.png
/home/manvith/Desktop/Projects/Tulu Dataset/Tulu-Dtatset-V2/oo/oo_100.png,Tulu-Dtatset-V2,oo,test,9dc7e4c1c93a4a37b97d236988dbc3de9839cde7e008ee988f686f8e0620b74d,367.0,356.0,RGBA,oo_100.png,.png
/home/manvith/Desktop/Projects/Tulu Dataset/Tulu-Dtatset-V2/oo/oo_22.png,Tulu-Dtatset-V2,oo,test,bbaedeaf6bf39edfe660737977f036fd190b8abeb56b357d5b865d54d02df44e,363.0,352.0,RGBA,oo_22.png,.png
/home/manvith/Desktop/Projects/Tulu Dataset/Tulu-Dtatset-V2/oo/oo_91.png,Tulu-Dtatset-V2,oo,test,56e16b6a83ddbbdb571d74914c716465c8f1f386b11377c1a8b154bc6580ca50,367.0,356.0,RGBA,oo_91.png,.png
/home/manvith/Desktop/Projects/Tulu Dataset/Tulu-Dtatset-V2/oo/oo_14.png,Tulu-Dtatset-V2,oo,test,76f065b8ec7c61324b5d9e2bc6931116ff9cbf986e8a7bbbfa2c76fb2f04fd68,363.0,336.0,RGBA,oo_14.png,.png
/home/manvith/Desktop/Projects/Tulu Dataset/Tulu-Dtatset-V2/ou/ou_75.png,Tulu-Dtatset-V2,ou,test,ed37d17de50ddf19ed35ecc1da1bd9f4dd1451fb0341b3a43a4fa7b40a88ad17,362.0,338.0,RGBA,ou_75.png,.png
/home/manvith/Desktop/Projects/Tulu Dataset/Tulu-Dtatset-V2/ou/ou_19.png,Tulu-Dtatset-V2,ou,test,9b5f23810357a0ca1c82aff8a9dc2476585d5f62b0fabc5ae8a760a355440197,360.0,356.0,RGBA,ou_19.png,.png
/home/manvith/Desktop/Projects/Tulu Dataset/Tulu-Dtatset-V2/ou/ou_29.png,Tulu-Dtatset-V2,ou,test,d3e4ff7b2e7b27ba6e1b4eb3d57da0f7dbd5b2712cbc7c98c091cfddfe4cc838,360.0,356.0,RGBA,ou_29.png,.png
/home/manvith/Desktop/Projects/Tulu Dataset/Tulu-Dtatset-V2/ou/ou_97.png,Tulu-Dtatset-V2,ou,test,6627af40b36d9421c7fbf19d302ea145cccce9d8548205705b07846e82b982cc,362.0,338.0,RGBA,ou_97.png,.png
/home/manvith/Desktop/Projects/Tulu Dataset/Tulu-Dtatset-V2/ou/ou_60.png,Tulu-Dtatset-V2,ou,test,a43317dd59579d285f889936708070f1dfc5f9a274795b2cb9c156eb5b3cdf2c,361.0,355.0,RGBA,ou_60.png,.png
/home/manvith/Desktop/Projects/Tulu Dataset/Tulu-Dtatset-V2/ou/ou_91.png,Tulu-Dtatset-V2,ou,test,7559b4466152f59bb7c84f2ee2ddb900b0825bcc633ad6f346202299b538753f,362.0,338.0,RGBA,ou_91.png,.png
/home/manvith/Desktop/Projects/Tulu Dataset/Tulu-Dtatset-V2/ou/ou_58.png,Tulu-Dtatset-V2,ou,test,657f845f8f9c15455f45a4eab07e542a6bd2919edec48129d75e6ddf1966a942,361.0,355.0,RGBA,ou_58.png,.png
/home/manvith/Desktop/Projects/Tulu Dataset/Tulu-Dtatset-V2/ou/ou_66.png,Tulu-Dtatset-V2,ou,test,acf23cc3d99d3295b8b5004969e164fea1ac404f4f29679c9f20e0b9d257195e,361.0,355.0,RGBA,ou_66.png,.png
/home/manvith/Desktop/Projects/Tulu Dataset/Tulu-Dtatset-V2/ou/ou_89.png,Tulu-Dtatset-V2,ou,test,a4fc192edf670a2b6274d4dfa8d47c95dd0385537a78675195633334598e4d67,362.0,338.0,RGBA,ou_89.png,.png
/home/manvith/Desktop/Projects/Tulu Dataset/Tulu-Dtatset-V2/ou/ou_57.png,Tulu-Dtatset-V2,ou,test,1a77875cdd163f026af0ccd60ae58c5cd0d372c394d5451862b50f5252dd0a02,361.0,355.0,RGBA,ou_57.png,.png
/home/manvith/Desktop/Projects/Tulu Dataset/Tulu-Dtatset-V2/pa/pa_76.png,Tulu-Dtatset-V2,pa,test,31c7cb32f13e8964f5d7de0c707e5b4a6e862819b56065e2ca5ed042369d33d2,366.0,347.0,RGBA,pa_76.png,.png
/home/manvith/Desktop/Projects/Tulu Dataset/Tulu-Dtatset-V2/pa/pa_46.png,Tulu-Dtatset-V2,pa,test,826b3711663db9cd9cbb15aa0e010c4071f25cad61c4b7f7c1ba299d3fd9ac6f,361.0,354.0,RGBA,pa_46.png,.png
/home/manvith/Desktop/Projects/Tulu Dataset/Tulu-Dtatset-V2/pa/pa_65.png,Tulu-Dtatset-V2,pa,test,2ad2f81ce5fc51b5091cba911cede1afa159dc5e51d803a1e0f9736ae7e1c8c5,359.0,347.0,RGBA,pa_65.png,.png
/home/manvith/Desktop/Projects/Tulu Dataset/Tulu-Dtatset-V2/pa/pa_61.png,Tulu-Dtatset-V2,pa,test,867c90e7e7510cedbb6cbc234a7a637e9eb4c4f4f113b5eb0554255bc716b75a,359.0,347.0,RGBA,pa_61.png,.png
/home/manvith/Desktop/Projects/Tulu Dataset/Tulu-Dtatset-V2/pa/pa_51.png,Tulu-Dtatset-V2,pa,test,8eb593b63877c644e2744cc157cdfcdfbbaf2a40a1d912ccc00ba3d110079120,359.0,347.0,RGBA,pa_51.png,.png
/home/manvith/Desktop/Projects/Tulu Dataset/Tulu-Dtatset-V2/pa/pa_89.png,Tulu-Dtatset-V2,pa,test,ab9e804e338c468767e79a066316a07d20340a2d4f25d1cab01f65416fae9aa3,366.0,347.0,RGBA,pa_89.png,.png
/home/manvith/Desktop/Projects/Tulu Dataset/Tulu-Dtatset-V2/pa/pa_40.png,Tulu-Dtatset-V2,pa,test,74bd4b9714e753e89a71d736400cb5c39db515e6f63cce56fb16bba061e50be9,361.0,354.0,RGBA,pa_40.png,.png
/home/manvith/Desktop/Projects/Tulu Dataset/Tulu-Dtatset-V2/pa/pa_95.png,Tulu-Dtatset-V2,pa,test,7663ff29257411201d14e7be2722cc270d604cc943664be6326236e34a984aa5,366.0,347.0,RGBA,pa_95.png,.png
/home/manvith/Desktop/Projects/Tulu Dataset/Tulu-Dtatset-V2/pa/pa_68.png,Tulu-Dtatset-V2,pa,test,ad0d8a87fd7c75ca055b09ff6ae0bdf19f6b1c4b425af74a03042eb5b04cd696,359.0,347.0,RGBA,pa_68.png,.png
/home/manvith/Desktop/Projects/Tulu Dataset/Tulu-Dtatset-V2/pa/pa_55.png,Tulu-Dtatset-V2,pa,test,9d8fa3a0c87c0aba0a103d8dfe1bc2039264aabf539c0e8d0cab48895ad1f85c,359.0,347.0,RGBA,pa_55.png,.png
/home/manvith/Desktop/Projects/Tulu Dataset/Tulu-Dtatset-V2/pha/pha_34.png,Tulu-Dtatset-V2,pha,test,6b9addebd0444e9f544df22689cbf0fe02f7098dda62667e2c5b19e70bfb89d3,365.0,350.0,RGBA,pha_34.png,.png
/home/manvith/Desktop/Projects/Tulu Dataset/Tulu-Dtatset-V2/pha/pha_5.png,Tulu-Dtatset-V2,pha,test,e0f080bd48c2d47a1b802bbe179eeff2c9b4b8b4b5a6ab4f6ec4f7c9574ff4c8,365.0,350.0,RGBA,pha_5.png,.png
/home/manvith/Desktop/Projects/Tulu Dataset/Tulu-Dtatset-V2/pha/pha_60.png,Tulu-Dtatset-V2,pha,test,69fac02816194dee205fdb9817773b7ea0088c7fa54ca49bc95fd7d626a509cf,365.0,344.0,RGBA,pha_60.png,.png
/home/manvith/Desktop/Projects/Tulu Dataset/Tulu-Dtatset-V2/pha/pha_29.png,Tulu-Dtatset-V2,pha,test,1d0f045d582333f0d87e67d8973debae7f99bdc11042912e1a50bb6324a68bff,365.0,350.0,RGBA,pha_29.png,.png
/home/manvith/Desktop/Projects/Tulu Dataset/Tulu-Dtatset-V2/pha/pha_85.png,Tulu-Dtatset-V2,pha,test,bf117e8f95333ab5d205797b1152057abd626157534e84801d968a8195c60ca2,367.0,347.0,RGBA,pha_85.png,.png
/home/manvith/Desktop/Projects/Tulu Dataset/Tulu-Dtatset-V2/pha/pha_80.png,Tulu-Dtatset-V2,pha,test,eb5237afe1ff4a9037acc7ae144365a84e7c3fd6fe49fe601b905d8710329a4f,367.0,347.0,RGBA,pha_80.png,.png
/home/manvith/Desktop/Projects/Tulu Dataset/Tulu-Dtatset-V2/pha/pha_10.png,Tulu-Dtatset-V2,pha,test,69fbc50a7ea71b030893fcab6478c184ce79407b1d70694cb3dea460a9d5cbac,369.0,357.0,RGBA,pha_10.png,.png
/home/manvith/Desktop/Projects/Tulu Dataset/Tulu-Dtatset-V2/pha/pha_75.png,Tulu-Dtatset-V2,pha,test,bbc26781de81e24c409d9ef0ff93b9d735ed02f63f0f9668fa4608f37a44b1c7,367.0,347.0,RGBA,pha_75.png,.png
/home/manvith/Desktop/Projects/Tulu Dataset/Tulu-Dtatset-V2/pha/pha_70.png,Tulu-Dtatset-V2,pha,test,93c93ce0a4ad22c469b9e69121a3f160622867cce59c780fa71e65431f1eb6be,365.0,344.0,RGBA,pha_70.png,.png
/home/manvith/Desktop/Projects/Tulu Dataset/Tulu-Dtatset-V2/pha/pha_17.png,Tulu-Dtatset-V2,pha,test,9e2edbd67df781a3f13274bad520c0ebdaa8e2acbe9f20ace61f4293ab88c759,365.0,350.0,RGBA,pha_17.png,.png
/home/manvith/Desktop/Projects/Tulu Dataset/Tulu-Dtatset-V2/ra/ra_8.png,Tulu-Dtatset-V2,ra,test,a6eddde5016c5b88401a0702058cd4a96a9929aab6936090f7e7c57dd7be2c3d,357.0,338.0,RGBA,ra_8.png,.png
/home/manvith/Desktop/Projects/Tulu Dataset/Tulu-Dtatset-V2/ra/ra_80.png,Tulu-Dtatset-V2,ra,test,d759596627e7c3e8830404a0a23688ac3be974b19335716da6d1fd956d4700d2,360.0,349.0,RGBA,ra_80.png,.png
/home/manvith/Desktop/Projects/Tulu Dataset/Tulu-Dtatset-V2/ra/ra_62.png,Tulu-Dtatset-V2,ra,test,7e30c540a25e1bbbd53a4d6450591697db64b701e9befce7130c1596b1a54908,360.0,351.0,RGBA,ra_62.png,.png
/home/manvith/Desktop/Projects/Tulu Dataset/Tulu-Dtatset-V2/ra/ra_22.png,Tulu-Dtatset-V2,ra,test,fcdc0aa242a60a3b0c84de70eec0b2e00930f70b34cc2bc9d1e21963552ba7b5,369.0,356.0,RGBA,ra_22.png,.png
/home/manvith/Desktop/Projects/Tulu Dataset/Tulu-Dtatset-V2/ra/ra_6.png,Tulu-Dtatset-V2,ra,test,3aa86f0009ef563f4aa6ef442b9811405ee9022c93244d340b8f7fb238af7e3b,360.0,349.0,RGBA,ra_6.png,.png
/home/manvith/Desktop/Projects/Tulu Dataset/Tulu-Dtatset-V2/ra/ra_2.png,Tulu-Dtatset-V2,ra,test,845a43757000589855cf53139c13e0ce503ba6c7da9fb6dbe4b8ff635bd78965,363.0,340.0,RGBA,ra_2.png,.png
/home/manvith/Desktop/Projects/Tulu Dataset/Tulu-Dtatset-V2/ra/ra_38.png,Tulu-Dtatset-V2,ra,test,e77b2d32b50d810a7b5008113b304f02f1a18929e1285c18525170b910e3baa2,369.0,356.0,RGBA,ra_38.png,.png
/home/manvith/Desktop/Projects/Tulu Dataset/Tulu-Dtatset-V2/ra/ra_16.png,Tulu-Dtatset-V2,ra,test,db3186f99704c66f7b943f4ded7aa79fdeafcc5a980e724f80cea158eef1e2ba,369.0,356.0,RGBA,ra_16.png,.png
/home/manvith/Desktop/Projects/Tulu Dataset/Tulu-Dtatset-V2/ra/ra_37.png,Tulu-Dtatset-V2,ra,test,6691c18a64779364d826622e8195ccf7d39fb84be6e1bb2b52347ec1857e3579,369.0,356.0,RGBA,ra_37.png,.png
/home/manvith/Desktop/Projects/Tulu Dataset/Tulu-Dtatset-V2/ra/ra_94.png,Tulu-Dtatset-V2,ra,test,69aadce2fb7fb371389a42f8a03a600d9fbb8ca96e7b149f0d1da7a0bfe8a9c5,360.0,349.0,RGBA,ra_94.png,.png
/home/manvith/Desktop/Projects/Tulu Dataset/Tulu-Dtatset-V2/ru/ru_98.png,Tulu-Dtatset-V2,ru,test,d5dfa1526f8ce0218b010e7994e068a0b6ae87cffa9bfa287525616004f8ffb7,359.0,345.0,RGBA,ru_98.png,.png
/home/manvith/Desktop/Projects/Tulu Dataset/Tulu-Dtatset-V2/ru/ru_62.png,Tulu-Dtatset-V2,ru,test,856584c5f2cbb54c876ac571722c00f24e67afe88abda1f8f61b4ccedb67d6b0,367.0,347.0,RGBA,ru_62.png,.png
/home/manvith/Desktop/Projects/Tulu Dataset/Tulu-Dtatset-V2/ru/ru_37.png,Tulu-Dtatset-V2,ru,test,c8a6478cb7b0ddb606a35d63e3b52c37cd917c06097756bf3ed451bf7cd64528,365.0,346.0,RGBA,ru_37.png,.png
/home/manvith/Desktop/Projects/Tulu Dataset/Tulu-Dtatset-V2/ru/ru_80.png,Tulu-Dtatset-V2,ru,test,adab50f194db405a0a371547d113d2334f927f38eb441e49b3dc3bc36065b942,367.0,347.0,RGBA,ru_80.png,.png
/home/manvith/Desktop/Projects/Tulu Dataset/Tulu-Dtatset-V2/ru/ru_43.png,Tulu-Dtatset-V2,ru,test,38b79483b5f285f8d24a0895ac8c4cb56ea250377e9b398449d52ea3aa769991,365.0,346.0,RGBA,ru_43.png,.png
/home/manvith/Desktop/Projects/Tulu Dataset/Tulu-Dtatset-V2/ru/ru_74.png,Tulu-Dtatset-V2,ru,test,0a34eec169a00655a12a86417a6ce01183e0a838850e8ba86c5f9b7719287ab8,367.0,347.0,RGBA,ru_74.png,.png
/home/manvith/Desktop/Projects/Tulu Dataset/Tulu-Dtatset-V2/ru/ru_42.png,Tulu-Dtatset-V2,ru,test,10ebe1aa7b0e06e513ccb0c394948623e1d9f6f5af4c04bc468823a498d10e39,365.0,346.0,RGBA,ru_42.png,.png
/home/manvith/Desktop/Projects/Tulu Dataset/Tulu-Dtatset-V2/ru/ru_31.png,Tulu-Dtatset-V2,ru,test,b0ee698477f4928b930c6d0ed03c028f31f24303f2b4ff6edeb30da1650a9d3f,365.0,346.0,RGBA,ru_31.png,.png
/home/manvith/Desktop/Projects/Tulu Dataset/Tulu-Dtatset-V2/ru/ru_51.png,Tulu-Dtatset-V2,ru,test,5560958d44016827e9a54cf9597bb2a35958917420a81f6373c76a3004257b63,367.0,347.0,RGBA,ru_51.png,.png
/home/manvith/Desktop/Projects/Tulu Dataset/Tulu-Dtatset-V2/ru/ru_10.png,Tulu-Dtatset-V2,ru,test,d895e3671971a739b1b09e0c422d32995cc7085a8aa912683fa77345a57dc6f0,365.0,348.0,RGBA,ru_10.png,.png
/home/manvith/Desktop/Projects/Tulu Dataset/Tulu-Dtatset-V2/ruu/ruu_37.png,Tulu-Dtatset-V2,ruu,test,6a3060c5147d6fbce3192daebf8e17f91e64de7649eb609a1fb8b257803d632d,360.0,351.0,RGBA,ruu_37.png,.png
/home/manvith/Desktop/Projects/Tulu Dataset/Tulu-Dtatset-V2/ruu/ruu_91.png,Tulu-Dtatset-V2,ruu,test,7294849a65a90a3e5ce9b3e420d898428dbb39adb7fc69a7058eb761f74e011f,364.0,348.0,RGBA,ruu_91.png,.png
/home/manvith/Desktop/Projects/Tulu Dataset/Tulu-Dtatset-V2/ruu/ruu_19.png,Tulu-Dtatset-V2,ruu,test,3d295dd82c2ac8f817b1e3b8c3c7d7215ee49be1f82cd65f54064fbe74e18094,360.0,351.0,RGBA,ruu_19.png,.png
/home/manvith/Desktop/Projects/Tulu Dataset/Tulu-Dtatset-V2/ruu/ruu_25.png,Tulu-Dtatset-V2,ruu,test,2291022ce534f04f18a82871ec80ef956d5238aa869dde288b7bf8b662b8d3d8,360.0,351.0,RGBA,ruu_25.png,.png
/home/manvith/Desktop/Projects/Tulu Dataset/Tulu-Dtatset-V2/ruu/ruu_46.png,Tulu-Dtatset-V2,ruu,test,c65709fd681e07003a9fb1c65089faf8c3c001dfaf40904f483227ea3c9e7249,360.0,346.0,RGBA,ruu_46.png,.png
/home/manvith/Desktop/Projects/Tulu Dataset/Tulu-Dtatset-V2/ruu/ruu_33.png,Tulu-Dtatset-V2,ruu,test,687cb8c01e7e8e4c96213dcf4b87a54044246ba4d78136549b0925ee991e8e87,360.0,351.0,RGBA,ruu_33.png,.png
/home/manvith/Desktop/Projects/Tulu Dataset/Tulu-Dtatset-V2/ruu/ruu_13.png,Tulu-Dtatset-V2,ruu,test,f3440e746cfd86f8dbb9a600ceb88c7a9df4b3624b5bdf5974b33ff14d0a10b9,354.0,346.0,RGBA,ruu_13.png,.png
/home/manvith/Desktop/Projects/Tulu Dataset/Tulu-Dtatset-V2/ruu/ruu_79.png,Tulu-Dtatset-V2,ruu,test,275093218520cca4e3c9e6f97feaafe57ef49c66a88190a45518bd9dc01950b1,364.0,348.0,RGBA,ruu_79.png,.png
/home/manvith/Desktop/Projects/Tulu Dataset/Tulu-Dtatset-V2/ruu/ruu_9.png,Tulu-Dtatset-V2,ruu,test,f996838dcf91ffe72e4717d549af1292c0bf26c02d2e25adc01508e8dc1e2823,362.0,346.0,RGBA,ruu_9.png,.png
/home/manvith/Desktop/Projects/Tulu Dataset/Tulu-Dtatset-V2/ruu/ruu_90.png,Tulu-Dtatset-V2,ruu,test,a93ec357722bdef9f0dc36c276d9cc63c1a7cd17d985b1d7032eee5a29b3683e,364.0,348.0,RGBA,ruu_90.png,.png
/home/manvith/Desktop/Projects/Tulu Dataset/Tulu-Dtatset-V2/sa/sa_79.png,Tulu-Dtatset-V2,sa,test,b4345778d16a5b913c5a032d0f2dfc34c8235c3eac4d5c8b3685e0d82818aad5,352.0,353.0,RGBA,sa_79.png,.png
/home/manvith/Desktop/Projects/Tulu Dataset/Tulu-Dtatset-V2/sa/sa_46.png,Tulu-Dtatset-V2,sa,test,d0bed3193606380bdf88b05409ad51f559e339a7a34355c66683440021510acb,353.0,350.0,RGBA,sa_46.png,.png
/home/manvith/Desktop/Projects/Tulu Dataset/Tulu-Dtatset-V2/sa/sa_12.png,Tulu-Dtatset-V2,sa,test,3eaa4f28fe18f790aa1909c4d69262ce28c318f1efbb015e3bf4ee5e3c10a037,360.0,326.0,RGBA,sa_12.png,.png
/home/manvith/Desktop/Projects/Tulu Dataset/Tulu-Dtatset-V2/sa/sa_30.png,Tulu-Dtatset-V2,sa,test,a299129a3ccb272fa32d9e0433019b594e9b67ac68afa9bd2ef3ceb7b4afec64,353.0,350.0,RGBA,sa_30.png,.png
/home/manvith/Desktop/Projects/Tulu Dataset/Tulu-Dtatset-V2/sa/sa_40.png,Tulu-Dtatset-V2,sa,test,cda90a94e51e2ae9b8c0839ddc9ed9e596dc0c4df9b03eb8aca3d72e8e214a79,353.0,350.0,RGBA,sa_40.png,.png
/home/manvith/Desktop/Projects/Tulu Dataset/Tulu-Dtatset-V2/sa/sa_54.png,Tulu-Dtatset-V2,sa,test,208408291e422906e3b15fdf43c0193bee4e2c638db27455e7841065399b30f1,352.0,341.0,RGBA,sa_54.png,.png
/home/manvith/Desktop/Projects/Tulu Dataset/Tulu-Dtatset-V2/sa/sa_47.png,Tulu-Dtatset-V2,sa,test,9ee2396aa67db5fec503d682b0e58d253e09a99851d5cb45c5ad3bde7f80a3a1,353.0,350.0,RGBA,sa_47.png,.png
/home/manvith/Desktop/Projects/Tulu Dataset/Tulu-Dtatset-V2/sa/sa_68.png,Tulu-Dtatset-V2,sa,test,ba5d110394b6a760242826ad5eaff32403f28048c22a5296aa3b3cca7e85cd35,352.0,341.0,RGBA,sa_68.png,.png
/home/manvith/Desktop/Projects/Tulu Dataset/Tulu-Dtatset-V2/sa/sa_75.png,Tulu-Dtatset-V2,sa,test,eb8d3eaf79a0a7b43122accaaa75c36b648d4ab7ced1962fe22a19dbfe860eb8,352.0,353.0,RGBA,sa_75.png,.png
/home/manvith/Desktop/Projects/Tulu Dataset/Tulu-Dtatset-V2/sa/sa_5.png,Tulu-Dtatset-V2,sa,test,c54c3ea9cef99ace74f70e82c698e9e342b8781d1d9d33885d997c624e976e5c,352.0,353.0,RGBA,sa_5.png,.png
/home/manvith/Desktop/Projects/Tulu Dataset/Tulu-Dtatset-V2/sha/sha_83.png,Tulu-Dtatset-V2,sha,test,6afb15395cd65fa68abacdd20c7cb65e2557901ccf407f389a7e23f3e31a4937,340.0,354.0,RGBA,sha_83.png,.png
/home/manvith/Desktop/Projects/Tulu Dataset/Tulu-Dtatset-V2/sha/sha_61.png,Tulu-Dtatset-V2,sha,test,604c166bda1e83380ccb539c88be7ca7eac7f08d7ed220804ddcc807d96d1b14,368.0,323.0,RGBA,sha_61.png,.png
/home/manvith/Desktop/Projects/Tulu Dataset/Tulu-Dtatset-V2/sha/sha_84.png,Tulu-Dtatset-V2,sha,test,af3f4b514670f827c3370db015c5416264f332410a30c2718c40a2e9e200b3ac,340.0,354.0,RGBA,sha_84.png,.png
/home/manvith/Desktop/Projects/Tulu Dataset/Tulu-Dtatset-V2/sha/sha_1.png,Tulu-Dtatset-V2,sha,test,2f1a9fe040ccb46c3f992dc0b05d378cd6d57fc6db91472b1e941300febca5b8,357.0,352.0,RGBA,sha_1.png,.png
/home/manvith/Desktop/Projects/Tulu Dataset/Tulu-Dtatset-V2/sha/sha_34.png,Tulu-Dtatset-V2,sha,test,c217bfbe2af62bbef7ca2776375d9f0535521e72a79c2d714e380943dc20a02f,357.0,352.0,RGBA,sha_34.png,.png
/home/manvith/Desktop/Projects/Tulu Dataset/Tulu-Dtatset-V2/sha/sha_29.png,Tulu-Dtatset-V2,sha,test,1cf0b3f58a79ceb6cb65ee2badd64bd15af61dca44f985025ca2aa696426f051,357.0,352.0,RGBA,sha_29.png,.png
/home/manvith/Desktop/Projects/Tulu Dataset/Tulu-Dtatset-V2/sha/sha_48.png,Tulu-Dtatset-V2,sha,test,25575029c42c6887de5e4d9fc3d464413b91f01f62c32d4cd4091bdb4c691ddf,357.0,352.0,RGBA,sha_48.png,.png
/home/manvith/Desktop/Projects/Tulu Dataset/Tulu-Dtatset-V2/sha/sha_50.png,Tulu-Dtatset-V2,sha,test,271b3050238708b83f90175a4316f742189b2dd9acdafea20bb7b4ac099dad9b,357.0,352.0,RGBA,sha_50.png,.png
/home/manvith/Desktop/Projects/Tulu Dataset/Tulu-Dtatset-V2/sha/sha_59.png,Tulu-Dtatset-V2,sha,test,015c818c829bbe8712f45222bffbff0be717164cd0074ad3729a238e534b2d42,368.0,323.0,RGBA,sha_59.png,.png
/home/manvith/Desktop/Projects/Tulu Dataset/Tulu-Dtatset-V2/shha/shha_65.png,Tulu-Dtatset-V2,shha,test,5433324b0ae8ea2c7364bce488c3bffa93eb7116e523fc9f0cc7ca0b391e600e,364.0,321.0,RGBA,shha_65.png,.png
/home/manvith/Desktop/Projects/Tulu Dataset/Tulu-Dtatset-V2/shha/shha_72.png,Tulu-Dtatset-V2,shha,test,ceb23faa663464f9da17b3bff3acba37b4f6fa18f4a0e366f7d5e98b97c9bf13,352.0,352.0,RGBA,shha_72.png,.png
/home/manvith/Desktop/Projects/Tulu Dataset/Tulu-Dtatset-V2/shha/shha_75.png,Tulu-Dtatset-V2,shha,test,967530a55b8d2ed5296bfbd2a0b8dc5b61615b329ef19ba0fa0b34843b5b881b,352.0,352.0,RGBA,shha_75.png,.png
/home/manvith/Desktop/Projects/Tulu Dataset/Tulu-Dtatset-V2/shha/shha_54.png,Tulu-Dtatset-V2,shha,test,e0af9974c90b0af00c2d0a46422571331aa0c02ca9781abff40d8d070297d7ad,364.0,321.0,RGBA,shha_54.png,.png
/home/manvith/Desktop/Projects/Tulu Dataset/Tulu-Dtatset-V2/shha/shha_14.png,Tulu-Dtatset-V2,shha,test,7a4e4067879ec6d7dfe79ef6c01064ed0f4a3ed9368b68bc9f6b6fcbaff923fc,358.0,334.0,RGBA,shha_14.png,.png
/home/manvith/Desktop/Projects/Tulu Dataset/Tulu-Dtatset-V2/shha/shha_2.png,Tulu-Dtatset-V2,shha,test,6fcd670be2bdf1c5a1bbb23a061f4cd81bc3a983c2aa11928c413a34eb3c1664,357.0,335.0,RGBA,shha_2.png,.png
/home/manvith/Desktop/Projects/Tulu Dataset/Tulu-Dtatset-V2/shha/shha_36.png,Tulu-Dtatset-V2,shha,test,902ddb61b275593446e4555a7ab0710c40dc8e9c30d1a6ead78f6c7746563391,337.0,354.0,RGBA,shha_36.png,.png
/home/manvith/Desktop/Projects/Tulu Dataset/Tulu-Dtatset-V2/shha/shha_43.png,Tulu-Dtatset-V2,shha,test,b5dcd4fe6bfdda3c8e2a0b9e3a9c86dffd75f3e27a3926fa845bbb804f55905d,337.0,354.0,RGBA,shha_43.png,.png
/home/manvith/Desktop/Projects/Tulu Dataset/Tulu-Dtatset-V2/shha/shha_41.png,Tulu-Dtatset-V2,shha,test,a40894e031ee7670f26038519e3bfc165da7d108c6ebaa0b2e965998aaf4e212,337.0,354.0,RGBA,shha_41.png,.png
/home/manvith/Desktop/Projects/Tulu Dataset/Tulu-Dtatset-V2/shha/shha_85.png,Tulu-Dtatset-V2,shha,test,c4bb716885577073b52ca97220fe98dce0eb6e2855be1a5544c6da758d45b266,352.0,352.0,RGBA,shha_85.png,.png
/home/manvith/Desktop/Projects/Tulu Dataset/Tulu-Dtatset-V2/ta/ta_40.png,Tulu-Dtatset-V2,ta,test,b5abffd31b5f1dd999fbf2269b4ddab0bf43bdecc673bdc1ba58a481f9ccb901,361.0,346.0,RGBA,ta_40.png,.png
/home/manvith/Desktop/Projects/Tulu Dataset/Tulu-Dtatset-V2/ta/ta_46.png,Tulu-Dtatset-V2,ta,test,0fa27f364f1ab1f1bbf18b534b30f723a31809e9b3b358371387c2e2e1318e67,361.0,346.0,RGBA,ta_46.png,.png
/home/manvith/Desktop/Projects/Tulu Dataset/Tulu-Dtatset-V2/ta/ta_73.png,Tulu-Dtatset-V2,ta,test,99c78a29fa4ffb9c52991289a041e7d2ff3174fc0f8a040297511465f461852e,364.0,347.0,RGBA,ta_73.png,.png
/home/manvith/Desktop/Projects/Tulu Dataset/Tulu-Dtatset-V2/ta/ta_55.png,Tulu-Dtatset-V2,ta,test,02d821673655b7ad410dcb2eb190426c980c29cdc9b4095bcfbadbb9a8aeef58,367.0,355.0,RGBA,ta_55.png,.png
/home/manvith/Desktop/Projects/Tulu Dataset/Tulu-Dtatset-V2/ta/ta_74.png,Tulu-Dtatset-V2,ta,test,b44d4c42de53cb166e4b72b40b3f11357cbe1a94e35bcca181bacc965ed45fd7,364.0,347.0,RGBA,ta_74.png,.png
/home/manvith/Desktop/Projects/Tulu Dataset/Tulu-Dtatset-V2/ta/ta_54.png,Tulu-Dtatset-V2,ta,test,803c54887709e2b95185ff082ce144cdbc3f3d411eaa0f083a85a0cd4d4f37fd,367.0,355.0,RGBA,ta_54.png,.png
/home/manvith/Desktop/Projects/Tulu Dataset/Tulu-Dtatset-V2/ta/ta_19.png,Tulu-Dtatset-V2,ta,test,f60a147f568179c65b863d4eead8e81a7303374af21ffc568e84e6bd14ab3259,361.0,346.0,RGBA,ta_19.png,.png
/home/manvith/Desktop/Projects/Tulu Dataset/Tulu-Dtatset-V2/ta/ta_16.png,Tulu-Dtatset-V2,ta,test,42c2f1f506383d31d81efb059d1a1640d34c0f3e91b4737aff7881d376b75979,361.0,346.0,RGBA,ta_16.png,.png
/home/manvith/Desktop/Projects/Tulu Dataset/Tulu-Dtatset-V2/ta/ta_94.png,Tulu-Dtatset-V2,ta,test,eac1996bd251beb37af29b0fa2fe1cadb2b7e2eb8316bd68eddc86338a638c7f,364.0,347.0,RGBA,ta_94.png,.png
/home/manvith/Desktop/Projects/Tulu Dataset/Tulu-Dtatset-V2/ta/ta_45.png,Tulu-Dtatset-V2,ta,test,17b008c8661e99be51edbb23e3b63754b977b115b75b9c92bec29de13a00af61,361.0,346.0,RGBA,ta_45.png,.png
/home/manvith/Desktop/Projects/Tulu Dataset/Tulu-Dtatset-V2/tha/tha_82.png,Tulu-Dtatset-V2,tha,test,a8e6d96b1c96f79c269478d9c07b32840da3c4f585c6cbf077a223002812ab5f,361.0,338.0,RGBA,tha_82.png,.png
/home/manvith/Desktop/Projects/Tulu Dataset/Tulu-Dtatset-V2/tha/tha_54.png,Tulu-Dtatset-V2,tha,test,4202c523ab625e4b919d13f3efaafb1a7651a0adf210cc047e4b4f5ab88f8751,356.0,345.0,RGBA,tha_54.png,.png
/home/manvith/Desktop/Projects/Tulu Dataset/Tulu-Dtatset-V2/tha/tha_67.png,Tulu-Dtatset-V2,tha,test,710b633788f4ae5caa5f0686b42e1e8b114430c6c12a1396311556fc45020cc3,356.0,345.0,RGBA,tha_67.png,.png
/home/manvith/Desktop/Projects/Tulu Dataset/Tulu-Dtatset-V2/tha/tha_62.png,Tulu-Dtatset-V2,tha,test,49f8de332ce9e0f7fb53be9ea181c32bc22b8411f3e7881a827915b77f9ed983,356.0,345.0,RGBA,tha_62.png,.png
/home/manvith/Desktop/Projects/Tulu Dataset/Tulu-Dtatset-V2/tha/tha_51.png,Tulu-Dtatset-V2,tha,test,6db9c9e39f597c00b8fa7137046a8fdb54e5afd4d962ca290789471a4e29f7d6,356.0,345.0,RGBA,tha_51.png,.png
/home/manvith/Desktop/Projects/Tulu Dataset/Tulu-Dtatset-V2/tha/tha_40.png,Tulu-Dtatset-V2,tha,test,36efb130e6b0976616899bdc17c356e0c4350ad4e923f5c1cbbb295196e77176,368.0,350.0,RGBA,tha_40.png,.png
/home/manvith/Desktop/Projects/Tulu Dataset/Tulu-Dtatset-V2/tha/tha_31.png,Tulu-Dtatset-V2,tha,test,41ccb9fc3d73b387e1fe67d0b47f474e4dfc265f292fbe92c94e1ebe171c4da4,368.0,350.0,RGBA,tha_31.png,.png
/home/manvith/Desktop/Projects/Tulu Dataset/Tulu-Dtatset-V2/tha/tha_90.png,Tulu-Dtatset-V2,tha,test,54cc45c1cdeeee65b8773debb972a4f6bff7f3d7760e8cd7d4c6eb5bbff32ba3,361.0,338.0,RGBA,tha_90.png,.png
/home/manvith/Desktop/Projects/Tulu Dataset/Tulu-Dtatset-V2/tha/tha_50.png,Tulu-Dtatset-V2,tha,test,fe318c9db05aced6c036accc4a81531ed46a24228c61bcda0854aa634de1713d,368.0,350.0,RGBA,tha_50.png,.png
/home/manvith/Desktop/Projects/Tulu Dataset/Tulu-Dtatset-V2/tha/tha_14.png,Tulu-Dtatset-V2,tha,test,28cb2ac7c9fe1e778a8ea53ccb627336397ae80c932e33fe70eac44eb19c0661,356.0,341.0,RGBA,tha_14.png,.png
/home/manvith/Desktop/Projects/Tulu Dataset/Tulu-Dtatset-V2/thha/thha_55.png,Tulu-Dtatset-V2,thha,test,e48fac0d663b749560f3e8ee8bb1b4c2fb0b12d397273ce8a43c2118b60d0bd6,360.0,339.0,RGBA,thha_55.png,.png
/home/manvith/Desktop/Projects/Tulu Dataset/Tulu-Dtatset-V2/thha/thha_57.png,Tulu-Dtatset-V2,thha,test,d9bea559ce140bb86f303b6122617da8d5ce810219f82ca17a261efb15500dea,360.0,339.0,RGBA,thha_57.png,.png
/home/manvith/Desktop/Projects/Tulu Dataset/Tulu-Dtatset-V2/thha/thha_39.png,Tulu-Dtatset-V2,thha,test,ef26f3fef97f5f8df162c153a1d74191bf3bbb67ffcc9c8ac67a4ca7872d50f3,362.0,337.0,RGBA,thha_39.png,.png
/home/manvith/Desktop/Projects/Tulu Dataset/Tulu-Dtatset-V2/thha/thha_42.png,Tulu-Dtatset-V2,thha,test,bc6bd12b1f73c1db92103d46c4b9fe729b2b2a17a9962e5389c02fcf67c23d21,362.0,337.0,RGBA,thha_42.png,.png
/home/manvith/Desktop/Projects/Tulu Dataset/Tulu-Dtatset-V2/thha/thha_66.png,Tulu-Dtatset-V2,thha,test,774b88a7b7907dfd4bd3dec57abab5ee440be08909af481f19019f3958268b76,360.0,339.0,RGBA,thha_66.png,.png
/home/manvith/Desktop/Projects/Tulu Dataset/Tulu-Dtatset-V2/thha/thha_84.png,Tulu-Dtatset-V2,thha,test,efab420321cf92ac359d65d24791ea31ec7a25f3a0a032b0b9dab2fb51524cd4,360.0,337.0,RGBA,thha_84.png,.png
/home/manvith/Desktop/Projects/Tulu Dataset/Tulu-Dtatset-V2/thha/thha_11.png,Tulu-Dtatset-V2,thha,test,aaea31c988438ce37fb114a28cf7ce9f010cb38aeefb6343dbefdf6b4b649b75,363.0,351.0,RGBA,thha_11.png,.png
/home/manvith/Desktop/Projects/Tulu Dataset/Tulu-Dtatset-V2/thha/thha_92.png,Tulu-Dtatset-V2,thha,test,aee829c395929ef5318c1248b8c5ed0086f628280a35d3ed32211745071d6b75,360.0,337.0,RGBA,thha_92.png,.png
/home/manvith/Desktop/Projects/Tulu Dataset/Tulu-Dtatset-V2/thha/thha_24.png,Tulu-Dtatset-V2,thha,test,01b5c68a5321dd86de1e6d7622a107df1a452e400ffa5edce979b615ce1c0970,362.0,337.0,RGBA,thha_24.png,.png
/home/manvith/Desktop/Projects/Tulu Dataset/Tulu-Dtatset-V2/thha/thha_88.png,Tulu-Dtatset-V2,thha,test,2ad587d798105e9ea321e49f896ab75639fdd93575b2426408d37fe0a7c76902,360.0,337.0,RGBA,thha_88.png,.png
/home/manvith/Desktop/Projects/Tulu Dataset/Tulu-Dtatset-V2/tta/tta_7.png,Tulu-Dtatset-V2,tta,test,3b210831d12d041abb389bed66f970279ac79240f87aea5cc89f0f558b4d2ad6,362.0,350.0,RGBA,tta_7.png,.png
/home/manvith/Desktop/Projects/Tulu Dataset/Tulu-Dtatset-V2/tta/tta_46.png,Tulu-Dtatset-V2,tta,test,829f1209534ee815a5d1ac3240ebbbfa00f093d313a161a0744d69faaac0d184,362.0,344.0,RGBA,tta_46.png,.png
/home/manvith/Desktop/Projects/Tulu Dataset/Tulu-Dtatset-V2/tta/tta_10.png,Tulu-Dtatset-V2,tta,test,f0979440b06b7b133f991b82374912ad944ecb37c5b9bcd6513372152dd656c1,363.0,346.0,RGBA,tta_10.png,.png
/home/manvith/Desktop/Projects/Tulu Dataset/Tulu-Dtatset-V2/tta/tta_51.png,Tulu-Dtatset-V2,tta,test,f6e6806de20d01b440b0d22c93720c3a259a195ba2607c64a57c85a332470470,362.0,350.0,RGBA,tta_51.png,.png
/home/manvith/Desktop/Projects/Tulu Dataset/Tulu-Dtatset-V2/tta/tta_31.png,Tulu-Dtatset-V2,tta,test,46a0ae96108ef5cb2c8dd93acafe3d7cb2460292bbeafff498eeedd50e5a7cee,362.0,344.0,RGBA,tta_31.png,.png
/home/manvith/Desktop/Projects/Tulu Dataset/Tulu-Dtatset-V2/tta/tta_70.png,Tulu-Dtatset-V2,tta,test,3da03f39b4adc347ec3350a6c1b5fa0149da5ba720a2a7a0668a7d0a3c6e6f6a,362.0,350.0,RGBA,tta_70.png,.png
/home/manvith/Desktop/Projects/Tulu Dataset/Tulu-Dtatset-V2/tta/tta_12.png,Tulu-Dtatset-V2,tta,test,38f52eeeb0633e09ef9e2a3c526d617d4a5c8bdf9ee67c27b590d4abb9b9f798,364.0,339.0,RGBA,tta_12.png,.png
/home/manvith/Desktop/Projects/Tulu Dataset/Tulu-Dtatset-V2/tta/tta_1.png,Tulu-Dtatset-V2,tta,test,8c94028c20b238e9de95a22e02a18aaebdc3dec9fca7a15807bbd015db4a4782,362.0,344.0,RGBA,tta_1.png,.png
/home/manvith/Desktop/Projects/Tulu Dataset/Tulu-Dtatset-V2/tta/tta_53.png,Tulu-Dtatset-V2,tta,test,7e5823cc757bf385b6d7eb68d602ead669f27abf61378c51cdd88df7d03eb982,362.0,350.0,RGBA,tta_53.png,.png
/home/manvith/Desktop/Projects/Tulu Dataset/Tulu-Dtatset-V2/tta/tta_64.png,Tulu-Dtatset-V2,tta,test,1a972da22b2b00871050ca16585bb083819019e26efe5f7f2a4b0aa867ccc73a,362.0,350.0,RGBA,tta_64.png,.png
/home/manvith/Desktop/Projects/Tulu Dataset/Tulu-Dtatset-V2/u/u_13.png,Tulu-Dtatset-V2,u,test,99e09a2a444d727b495b80d514e8c499a0e2101e8dd4f3b8ca6af92361715d90,349.0,342.0,RGBA,u_13.png,.png
/home/manvith/Desktop/Projects/Tulu Dataset/Tulu-Dtatset-V2/u/u_27.png,Tulu-Dtatset-V2,u,test,d915a063bd69791df84551d9421dd82ac70207e3d6fe30898bf124f49c6e1582,366.0,343.0,RGBA,u_27.png,.png
/home/manvith/Desktop/Projects/Tulu Dataset/Tulu-Dtatset-V2/u/u_42.png,Tulu-Dtatset-V2,u,test,1c9e976d5c9aa6ce079e7b66035ba9708725c1e4d360c4479a82fc421ac9dd64,366.0,343.0,RGBA,u_42.png,.png
/home/manvith/Desktop/Projects/Tulu Dataset/Tulu-Dtatset-V2/u/u_56.png,Tulu-Dtatset-V2,u,test,dcf584670c6e81df83af8958174f5104df17dd7534f346119690d79c8e3aa799,366.0,343.0,RGBA,u_56.png,.png
/home/manvith/Desktop/Projects/Tulu Dataset/Tulu-Dtatset-V2/u/u_90.png,Tulu-Dtatset-V2,u,test,ab00c6adebd8dc2ec42b5d00ad5e4e0c7b7e8ea956d50e348879f9a4dec1a221,361.0,344.0,RGBA,u_90.png,.png
/home/manvith/Desktop/Projects/Tulu Dataset/Tulu-Dtatset-V2/u/u_5.png,Tulu-Dtatset-V2,u,test,811d80a1dac2573623329c2b2ae6b987e2298cab2774441d8b80668b18f2dcf8,353.0,347.0,RGBA,u_5.png,.png
/home/manvith/Desktop/Projects/Tulu Dataset/Tulu-Dtatset-V2/u/u_31.png,Tulu-Dtatset-V2,u,test,e703886f1a1496eed348864c0588a8848383d581cb19905a770fbd0d5ec4602c,366.0,343.0,RGBA,u_31.png,.png
/home/manvith/Desktop/Projects/Tulu Dataset/Tulu-Dtatset-V2/u/u_69.png,Tulu-Dtatset-V2,u,test,ee84b3479206f736daa75b2137b9eddf79e81d0762aeffcc46a26c0408ae8ed6,361.0,344.0,RGBA,u_69.png,.png
/home/manvith/Desktop/Projects/Tulu Dataset/Tulu-Dtatset-V2/u/u_39.png,Tulu-Dtatset-V2,u,test,c23a325566db845f963abd7c3b0d991e9031bac48f58820673d163207623edd5,366.0,343.0,RGBA,u_39.png,.png
/home/manvith/Desktop/Projects/Tulu Dataset/Tulu-Dtatset-V2/u/u_99.png,Tulu-Dtatset-V2,u,test,440aa655d7802d6e8b1ecd3dcccc30faa84bc3d6dfa29bbd88b9247e974472b9,361.0,344.0,RGBA,u_99.png,.png
/home/manvith/Desktop/Projects/Tulu Dataset/Tulu-Dtatset-V2/uu/uu_34.png,Tulu-Dtatset-V2,uu,test,3fcf3e2345edea79f77261d97e09e9bc52f9e093b280a86507547574437e9b9c,363.0,348.0,RGBA,uu_34.png,.png
/home/manvith/Desktop/Projects/Tulu Dataset/Tulu-Dtatset-V2/uu/uu_74.png,Tulu-Dtatset-V2,uu,test,d1894fed3d14004dc73fa4c1d45db8752d923e3f5e61278ffd8b6fcba471ba4c,360.0,347.0,RGBA,uu_74.png,.png
/home/manvith/Desktop/Projects/Tulu Dataset/Tulu-Dtatset-V2/uu/uu_75.png,Tulu-Dtatset-V2,uu,test,32687adac664d4a45dd74bd8ab307ca56509c8b562e8e82358a08b69754e299d,360.0,347.0,RGBA,uu_75.png,.png
/home/manvith/Desktop/Projects/Tulu Dataset/Tulu-Dtatset-V2/uu/uu_7.png,Tulu-Dtatset-V2,uu,test,ae9a8069b013a07691101c5c7693b404b59789fe4324bf5e1cf929528d923ed6,366.0,340.0,RGBA,uu_7.png,.png
/home/manvith/Desktop/Projects/Tulu Dataset/Tulu-Dtatset-V2/uu/uu_87.png,Tulu-Dtatset-V2,uu,test,70c95896b56524cf43d22edd91238df6b41bee156d31eecd53172afdbada8ece,356.0,351.0,RGBA,uu_87.png,.png
/home/manvith/Desktop/Projects/Tulu Dataset/Tulu-Dtatset-V2/uu/uu_90.png,Tulu-Dtatset-V2,uu,test,daf841cc833d261dd20459c18a044b43f4e78fdbff95b9f0f3e1724e7bc81d1e,356.0,351.0,RGBA,uu_90.png,.png
/home/manvith/Desktop/Projects/Tulu Dataset/Tulu-Dtatset-V2/uu/uu_10.png,Tulu-Dtatset-V2,uu,test,ff49c316399b5115cd15305f4165721e0e2da5799d2df2fb07379b51a311e3da,359.0,342.0,RGBA,uu_10.png,.png
/home/manvith/Desktop/Projects/Tulu Dataset/Tulu-Dtatset-V2/uu/uu_45.png,Tulu-Dtatset-V2,uu,test,03d91ad5658fea607988b17702ae0d7dcdb5144b58df273cb9be59402b0061f5,363.0,348.0,RGBA,uu_45.png,.png
/home/manvith/Desktop/Projects/Tulu Dataset/Tulu-Dtatset-V2/uu/uu_84.png,Tulu-Dtatset-V2,uu,test,f596341208de90a82c9492b298dcab272e47d8c04c032bd73d44637614d52f53,356.0,351.0,RGBA,uu_84.png,.png
/home/manvith/Desktop/Projects/Tulu Dataset/Tulu-Dtatset-V2/uu/uu_39.png,Tulu-Dtatset-V2,uu,test,ea788442ad81a8e811cc853122f48f84ffb13f2ef69b541687a602e5d45796b3,363.0,348.0,RGBA,uu_39.png,.png
/home/manvith/Desktop/Projects/Tulu Dataset/Tulu-Dtatset-V2/va/va_32.png,Tulu-Dtatset-V2,va,test,94c700dfd1813c0b7fbed358dd8e44111f93f949a5ca6d58930f40ff521981a3,354.0,344.0,RGBA,va_32.png,.png
/home/manvith/Desktop/Projects/Tulu Dataset/Tulu-Dtatset-V2/va/va_33.png,Tulu-Dtatset-V2,va,test,c9c397f464232f69f9dd8386b8178bf360c3d81c1d72ebd7118105bf0ef72c54,354.0,344.0,RGBA,va_33.png,.png
/home/manvith/Desktop/Projects/Tulu Dataset/Tulu-Dtatset-V2/va/va_81.png,Tulu-Dtatset-V2,va,test,ab66ad4a82a49a12e7e7ccbd1ec06f1e7dd9742d853981596def7030f8098a7a,357.0,338.0,RGBA,va_81.png,.png
/home/manvith/Desktop/Projects/Tulu Dataset/Tulu-Dtatset-V2/va/va_4.png,Tulu-Dtatset-V2,va,test,164a2bd09ca3f02681dde2a24562bdf8f0dba52b95db39dea67732b8a43274ff,357.0,338.0,RGBA,va_4.png,.png
/home/manvith/Desktop/Projects/Tulu Dataset/Tulu-Dtatset-V2/va/va_22.png,Tulu-Dtatset-V2,va,test,8ee22f15de0cd00dc60b0e1e92a6ce04bb4f8d3edb5cf2c668c61dc55e6d8285,354.0,344.0,RGBA,va_22.png,.png
/home/manvith/Desktop/Projects/Tulu Dataset/Tulu-Dtatset-V2/va/va_58.png,Tulu-Dtatset-V2,va,test,867f7e2f5682f2a32b4d211dcc11c6ea10a933cedb0377a7e21eb0c05d767271,348.0,351.0,RGBA,va_58.png,.png
/home/manvith/Desktop/Projects/Tulu Dataset/Tulu-Dtatset-V2/va/va_94.png,Tulu-Dtatset-V2,va,test,24705761270d565b4c9fb493cc5428e4d3352c197e8da365e78a289a1b718012,357.0,338.0,RGBA,va_94.png,.png
/home/manvith/Desktop/Projects/Tulu Dataset/Tulu-Dtatset-V2/va/va_93.png,Tulu-Dtatset-V2,va,test,c79c57beb229e80fb440b699aed66ed14397b88135d8b453515c7fc9bb1110d8,357.0,338.0,RGBA,va_93.png,.png
/home/manvith/Desktop/Projects/Tulu Dataset/Tulu-Dtatset-V2/va/va_26.png,Tulu-Dtatset-V2,va,test,9cc1eecf8a6a99e3ac26da0a60376a085e1aa66a7f6cd10ea3b4b925d24b4c0c,354.0,344.0,RGBA,va_26.png,.png
/home/manvith/Desktop/Projects/Tulu Dataset/Tulu-Dtatset-V2/va/va_68.png,Tulu-Dtatset-V2,va,test,dd767e9ec89ca60253be119bf1a771a1208ff5ef4ae07b42f50d7a48d66f6626,348.0,351.0,RGBA,va_68.png,.png
/home/manvith/Desktop/Projects/Tulu Dataset/Tulu-Dtatset-V2/ya/ya_89.png,Tulu-Dtatset-V2,ya,test,48bf1fb3bf63796cae8f29c3ed5f50416584efe9ae13588f51165aa494a8d1e0,367.0,356.0,RGBA,ya_89.png,.png
/home/manvith/Desktop/Projects/Tulu Dataset/Tulu-Dtatset-V2/ya/ya_15.png,Tulu-Dtatset-V2,ya,test,f1b95d92adab061e04ff5afd31677dc6818fd41930fdd52b3828b0131777279c,358.0,357.0,RGBA,ya_15.png,.png
/home/manvith/Desktop/Projects/Tulu Dataset/Tulu-Dtatset-V2/ya/ya_25.png,Tulu-Dtatset-V2,ya,test,89baa4e32be533bb4be642219a93cb60db70e4cc9ddae76166d03cba40920de0,350.0,351.0,RGBA,ya_25.png,.png
/home/manvith/Desktop/Projects/Tulu Dataset/Tulu-Dtatset-V2/ya/ya_38.png,Tulu-Dtatset-V2,ya,test,7b795b65b37a7e8894d67198a3c00f77a45ae7ba187792757a13d9a08abb20cc,370.0,357.0,RGBA,ya_38.png,.png
/home/manvith/Desktop/Projects/Tulu Dataset/Tulu-Dtatset-V2/ya/ya_88.png,Tulu-Dtatset-V2,ya,test,0fa54a51f765a421fde0f26af18135f1b94ee75026dcd9a2f8abdb624e72ba35,367.0,356.0,RGBA,ya_88.png,.png
/home/manvith/Desktop/Projects/Tulu Dataset/Tulu-Dtatset-V2/ya/ya_41.png,Tulu-Dtatset-V2,ya,test,2313e3abea7292d52104c9b74972b8df762b575968e6d194417d75f108228168,370.0,357.0,RGBA,ya_41.png,.png
/home/manvith/Desktop/Projects/Tulu Dataset/Tulu-Dtatset-V2/ya/ya_27.png,Tulu-Dtatset-V2,ya,test,7eb0292c5e98a2f63d4ed72c8f2b2bce68e39f86992bcd98269ef820a7ce22f4,350.0,351.0,RGBA,ya_27.png,.png
/home/manvith/Desktop/Projects/Tulu Dataset/Tulu-Dtatset-V2/ya/ya_96.png,Tulu-Dtatset-V2,ya,test,7e72c52e37b21778f58736882f216528ef898bba19a6c9d6ee5bcc86cf8b3635,367.0,356.0,RGBA,ya_96.png,.png
/home/manvith/Desktop/Projects/Tulu Dataset/Tulu-Dtatset-V2/ya/ya_4.png,Tulu-Dtatset-V2,ya,test,95f415e408b1a16236b791e30c2d189e47f4a1026fa6d9ba5190a693c3093654,357.0,350.0,RGBA,ya_4.png,.png
/home/manvith/Desktop/Projects/Tulu Dataset/Tulu-Dtatset-V2/ya/ya_31.png,Tulu-Dtatset-V2,ya,test,c9b99b735503efa63981194b7dbeed52287a1bd63ab01db4f434006059fcc2c0,370.0,357.0,RGBA,ya_31.png,.png
